source_id,kind,tick,elapsed_s,Hermite_command,V2_command,delta_v,delta_omega,differs,Hermite_H5,V2_H5,actual_pose_delta,actual_XY_separation_m
OSA03_R00,submit_result,96,0.06666667014360428,"[0.5999999913675107, 0.9999984407546877]","[0.5999999913761624, 0.9999984407508268]",8.65174598629892e-12,-3.860911590436444e-12,False,"[""bridge_1"", ""E*"", ""F_2"", ""F_3"", ""F_4""]","[""bridge_1"", ""E*"", ""F_2"", ""F_3"", ""F_4""]","[0.0, 0.0, 0.0]",0.0
OSA03_R00,submit_result,102,0.1666666753590107,"[0.39999998183881647, 1.1842293003987898]","[0.3999999818503692, 1.1841175787640779]",1.1552758749644454e-11,-0.00011172163471195873,True,"[""bridge_1"", ""E*"", ""F_2"", ""F_3"", ""F_4""]","[""bridge_1"", ""E*"", ""F_2"", ""F_3"", ""F_4""]","[3.197442310920451e-14, -4.263256414560601e-13, -1.9273471707492718e-13]",4.275230008971302e-13
OSA03_R00,submit_result,108,0.2666666805744171,"[0.19999997415527349, 0.7426492473553256]","[0.19999997419323695, 0.7425646662423733]",3.7963465704393684e-11,-8.458111295228665e-05,True,"[""bridge_1"", ""E*"", ""F_2"", ""F_3"", ""F_4""]","[""bridge_1"", ""E*"", ""F_2"", ""F_3"", ""F_4""]","[-1.5225819893771586e-07, -2.969591506030156e-08, -9.310136968032623e-06]",1.5512706570752155e-07
OSA03_R00,submit_result,114,0.36666668578982353,"[0.39999998360958433, 1.2426492020733986]","[0.39999998364739947, 1.24256462101667]",3.781513990830376e-11,-8.458105672848326e-05,True,"[""F_3"", ""F_4"", ""F_5"", ""F_6"", ""F_7""]","[""F_3"", ""F_4"", ""F_5"", ""F_6"", ""F_7""]","[-4.540980143019624e-07, -1.1300316060669502e-07, -1.82205907575117e-05]",4.679473484272432e-07
OSA03_R00,submit_result,120,0.46666669100522995,"[0.5999999930968999, 1.04654138612791]","[0.5999999931340211, 1.0466301297945924]",3.712119500676181e-11,8.87436666823227e-05,True,"[""F_4"", ""F_5"", ""F_6"", ""F_7"", ""F_8""]","[""F_4"", ""F_5"", ""F_6"", ""F_7"", ""F_8""]","[-1.2322812814602457e-06, -4.14234882839537e-07, -2.6678697808701912e-05]",1.3000414204164382e-06
OSA03_R00,submit_result,126,0.5666666962206364,"[0.8, 0.6885828628296168]","[0.8, 0.688674317668027]",0.0,9.145483841022095e-05,True,"[""F_4"", ""F_5"", ""F_6"", ""F_7"", ""F_8""]","[""F_4"", ""F_5"", ""F_6"", ""F_7"", ""F_8""]","[-2.476409491691811e-06, -1.0594732096080861e-06, -2.0693076220101858e-05]",2.693526954091708e-06
OSA03_R00,submit_result,132,0.6666667014360428,"[0.8, 0.4142808048742402]","[0.8, 0.4143396773896243]",0.0,5.887251538411187e-05,True,"[""F_4"", ""F_5"", ""F_6"", ""F_7"", ""F_8""]","[""F_4"", ""F_5"", ""F_6"", ""F_7"", ""F_8""]","[-3.5093804768848713e-06, -1.7201548523360088e-06, -1.1592778099256407e-05]",3.908284028516326e-06
OSA03_R00,submit_result,138,0.7666667066514492,"[0.8, 0.1690133538888682]","[0.8, 0.16905019400516613]",0.0,3.684011629792594e-05,True,"[""F_5"", ""F_6"", ""F_7"", ""F_8"", ""F_9""]","[""F_5"", ""F_6"", ""F_7"", ""F_8"", ""F_9""]","[-4.0370381313437065e-06, -2.1032449772917516e-06, -5.162487509480229e-06]",4.552067256579813e-06
OSA03_R00,submit_result,144,0.8666667118668556,"[0.8, 0.033986609346337175]","[0.8, 0.03400822895571691]",0.0,2.1619609379734672e-05,True,"[""F_6"", ""F_7"", ""F_8"", ""F_9"", ""F_9""]","[""F_6"", ""F_7"", ""F_8"", ""F_9"", ""F_9""]","[-4.22532475852222e-06, -2.249972663292965e-06, -1.1112690181391827e-06]",4.787039408710408e-06
OSA03_R00,submit_result,150,0.966666717082262,"[0.8, 0.009768322406619652]","[0.8, 0.009781020722927422]",0.0,1.269831630777013e-05,True,"[""F_6"", ""F_7"", ""F_8"", ""F_9"", ""F_9""]","[""F_6"", ""F_7"", ""F_8"", ""F_9"", ""F_9""]","[-4.212751576915252e-06, -2.2397890937497777e-06, 1.304367160503972e-06]",4.771156152682743e-06
OSA03_R00,submit_result,156,1.0666667222976685,"[0.8, -0.030428813364110227]","[0.8, -0.030421869442211397]",0.0,6.9439218988304185e-06,True,"[""F_7"", ""F_8"", ""F_9"", ""F_9"", ""F_9""]","[""F_7"", ""F_8"", ""F_9"", ""F_9"", ""F_9""]","[-4.083572566315752e-06, -2.1354616954738503e-06, 2.7228870842499475e-06]",4.608227593902309e-06
OSA03_R00,submit_result,162,1.1666667275130749,"[0.8, -0.02994731580610577]","[0.8, -0.029943209541205062]",0.0,4.1062649007092555e-06,True,"[""F_7"", ""F_8"", ""F_9"", ""F_9"", ""F_9""]","[""F_7"", ""F_8"", ""F_9"", ""F_9"", ""F_9""]","[-3.8869472369640334e-06, -1.9768258923136273e-06, 3.513185889314485e-06]",4.3607567498616455e-06
OSA03_R00,submit_result,168,1.2666667327284813,"[0.8, -0.05183840923057906]","[0.8, -0.05183650646475519]",0.0,1.9027658238676692e-06,True,"[""F_8"", ""F_9"", ""F_9"", ""F_9"", ""F_9""]","[""F_8"", ""F_9"", ""F_9"", ""F_9"", ""F_9""]","[-3.6521686404000775e-06, -1.7885474861145667e-06, 3.971106684375059e-06]",4.066600286235234e-06
OSA03_R00,submit_result,174,1.3666667379438877,"[0.8, -0.08175772161998968]","[0.8, -0.0817584064152322]",0.0,-6.847952425254045e-07,True,"[""F_8"", ""F_9"", ""F_9"", ""F_9"", ""F_9""]","[""F_8"", ""F_9"", ""F_9"", ""F_9"", ""F_9""]","[-3.3955247253913967e-06, -1.5843100342749494e-06, 4.198108262354339e-06]",3.7469489515402544e-06
OSA03_R00,submit_result,180,1.4666667431592941,"[0.8, -0.14836834973550797]","[0.8, -0.14837066300153823]",0.0,-2.313266030257166e-06,True,"[""F_9"", ""F_9"", ""F_9"", ""F_9"", ""F_9""]","[""F_9"", ""F_9"", ""F_9"", ""F_9"", ""F_9""]","[-3.131117399135519e-06, -1.3765431567946962e-06, 4.172754753728469e-06]",3.42034606870233e-06
OSA03_R00,submit_result,186,1.5666667483747005,"[0.6026173587260835, -0.19600187495203258]","[0.6026201155081907, -0.19600665031911282]",2.7567821072604914e-06,-4.775367080239734e-06,True,"[""F_9"", ""F_9"", ""F_9"", ""F_9"", ""F_9""]","[""F_9"", ""F_9"", ""F_9"", ""F_9"", ""F_9""]","[-2.872267359066427e-06, -1.1774583725809862e-06, 3.968569320722537e-06]",3.104243547326706e-06
OSA03_R00,submit_result,192,1.666666753590107,"[0.40261736517304203, -0.21956713727789162]","[0.40262012195492297, -0.21957342636798824]",2.756781880941528e-06,-6.289090096617267e-06,True,"[""F_9"", ""F_9"", ""F_9"", ""F_9"", ""F_9""]","[""F_9"", ""F_9"", ""F_9"", ""F_9"", ""F_9""]","[-2.5429663068621267e-06, -1.2187592375312306e-06, 3.5320676055050626e-06]",2.8199382470018226e-06
OSA03_R00,submit_result,198,1.7666667588055134,"[0.2026173696429958, -0.21113057963767493]","[0.20262012642453936, -0.2111372754882112]",2.7567815435725063e-06,-6.6958505362813e-06,True,"[""F_9"", ""F_9"", ""F_9"", ""F_9"", ""F_9""]","[""F_9"", ""F_9"", ""F_9"", ""F_9"", ""F_9""]","[-2.2673819231044945e-06, -1.3607561371031807e-06, 2.9283872788887777e-06]",2.6443672305269942e-06
OSA03_R00,submit_result,204,1.8666667640209198,"[0.002617381140714218, -0.15843695243685893]","[0.002620137921680876, -0.15844263277909112]",2.756780966658122e-06,-5.680342232194935e-06,True,"[""F_9"", ""F_9"", ""F_9"", ""F_9"", ""F_9""]","[""F_9"", ""F_9"", ""F_9"", ""F_9"", ""F_9""]","[-2.060943533166437e-06, -1.5536172242036628e-06, 2.2655815308247895e-06]",2.5809329178114745e-06
OSA03_R00,submit_result,210,1.9666667692363262,"[0.0, -0.11651119506452122]","[0.0, -0.11651540877700423]",0.0,-4.21371248300606e-06,True,"[""F_9"", ""F_9"", ""F_9"", ""F_9"", ""F_9""]","[""F_9"", ""F_9"", ""F_9"", ""F_9"", ""F_9""]","[-1.9037836125335161e-06, -1.7801810230366755e-06, 1.6806221396770127e-06]",2.606422168055488e-06
OSA03_R00,submit_result,216,2.0666667744517326,"[0.0, -0.08554715364891677]","[0.0, -0.08555024959880339]",0.0,-3.095949886622318e-06,True,"[""F_9"", ""F_9"", ""F_9"", ""F_9"", ""F_9""]","[""F_9"", ""F_9"", ""F_9"", ""F_9"", ""F_9""]","[-1.878985013803458e-06, -1.8188604826718802e-06, 1.2348070406176248e-06]",2.615117232080307e-06
OSA03_R00,submit_result,222,2.166666779667139,"[0.0, -0.0628045809554568]","[0.0, -0.06280685397013278]",0.0,-2.2730146759797343e-06,True,"[""F_9"", ""F_9"", ""F_9"", ""F_9"", ""F_9""]","[""F_9"", ""F_9"", ""F_9"", ""F_9"", ""F_9""]","[-1.878985013803458e-06, -1.8188604826718802e-06, 9.0658265783361e-07]",2.615117232080307e-06
OSA03_R00,submit_result,228,2.2666667848825455,"[0.0, -0.04610765526915498]","[0.0, -0.04610932399773]",0.0,-1.6687285750230374e-06,True,"[""F_9"", ""F_9"", ""F_9"", ""F_9"", ""F_9""]","[""F_9"", ""F_9"", ""F_9"", ""F_9"", ""F_9""]","[-1.878985013803458e-06, -1.8188604826718802e-06, 6.655655888643253e-07]",2.615117232080307e-06
OSA03_R00,submit_result,234,2.366666790097952,"[7.67026316339876e-09, -0.03384965179806148]","[7.670670675901438e-09, -0.03385087687973052]",4.0751250267865354e-13,-1.2250816690401178e-06,True,"[""F_9"", ""F_9"", ""F_9"", ""F_9"", ""F_9""]","[""F_9"", ""F_9"", ""F_9"", ""F_9"", ""F_9""]","[-1.878985013803458e-06, -1.8188604826718802e-06, 4.886212856547445e-07]",2.615117232080307e-06
OSA03_R00,submit_result,240,2.4666667953133583,"[7.262528902168372e-09, -0.02485052534892525]","[7.262859685530838e-09, -0.02485142473556287]",3.307833624659239e-13,-8.993866376198756e-07,True,"[""F_9"", ""F_9"", ""F_9"", ""F_9"", ""F_9""]","[""F_9"", ""F_9"", ""F_9"", ""F_9"", ""F_9""]","[-1.8789849960398897e-06, -1.8188605110935896e-06, 3.587189980613914e-07]",2.6151172390848288e-06
OSA03_R00,submit_result,246,2.5666668005287647,"[6.976743157301765e-09, -0.01824386954633907]","[6.9770225722952405e-09, -0.018244529826077487]",2.794149934755123e-13,-6.602797384160086e-07,True,"[""F_9"", ""F_9"", ""F_9"", ""F_9"", ""F_9""]","[""F_9"", ""F_9"", ""F_9"", ""F_9"", ""F_9""]","[-1.878984981829035e-06, -1.8188605430680127e-06, 2.6335208014316436e-07]",2.615117251112983e-06
OSA03_R00,submit_result,252,2.666666805744171,"[6.773790475663724e-09, -0.013393631402474824]","[6.774034616918788e-09, -0.013394116143205077]",2.441412550640079e-13,-4.847407302534246e-07,True,"[""F_9"", ""F_9"", ""F_9"", ""F_9"", ""F_9""]","[""F_9"", ""F_9"", ""F_9"", ""F_9"", ""F_9""]","[-1.8789849676181802e-06, -1.8188605750424358e-06, 1.9333898748641332e-07]",2.6151172631411375e-06
OSA03_R00,submit_result,258,2.7666668109595776,"[6.628324137097268e-09, -0.009832857093492827]","[6.628543611314646e-09, -0.009833212963219115]",2.1947421737801825e-13,-3.558697262880106e-07,True,"[""F_9"", ""F_9"", ""F_9"", ""F_9"", ""F_9""]","[""F_9"", ""F_9"", ""F_9"", ""F_9"", ""F_9""]","[-1.8789849569600392e-06, -1.8188605999114316e-06, 1.4193925945704677e-07]",2.6151172727799976e-06
OSA03_R00,submit_result,264,2.866666816174984,"[6.523371753063993e-09, -0.007218735209130706]","[6.523573749078377e-09, -0.007218996468924978]",2.0199601438394572e-13,-2.612597942716968e-07,True,"[""F_9"", ""F_9"", ""F_9"", ""F_9"", ""F_9""]","[""F_9"", ""F_9"", ""F_9"", ""F_9"", ""F_9""]","[-1.8789849427491845e-06, -1.8188606212277136e-06, 1.0420443530279044e-07]",2.615117277395226e-06
OSA03_R00,submit_result,270,2.9666668213903904,"[6.447290172390552e-09, -0.00529959273371589]","[6.447479665122903e-09, -0.005299784536148478]",1.8949273235062923e-13,-1.91802432588338e-07,True,"[""F_9"", ""F_9"", ""F_9"", ""F_9"", ""F_9""]","[""F_9"", ""F_9"", ""F_9"", ""F_9"", ""F_9""]","[-1.8789849320910434e-06, -1.818860638991282e-06, 7.650162192618382e-08]",2.6151172820921356e-06
OSA03_R00,applied_interval,92,0.0,"[0.8, 0.49999844893907003]","[0.8, 0.49999844893907003]",0.0,0.0,False,"[""COMMON_B_COMMAND""]","[""COMMON_B_COMMAND""]","[0.0, 0.0, 0.0]",0.0
OSA03_R00,applied_interval,93,0.01666666753590107,"[0.8, 0.49999844893907003]","[0.8, 0.49999844893907003]",0.0,0.0,False,"[""COMMON_B_COMMAND""]","[""COMMON_B_COMMAND""]","[0.0, 0.0, 0.0]",0.0
OSA03_R00,applied_interval,94,0.03333333507180214,"[0.8, 0.49999844893907003]","[0.8, 0.49999844893907003]",0.0,0.0,False,"[""COMMON_B_COMMAND""]","[""COMMON_B_COMMAND""]","[0.0, 0.0, 0.0]",0.0
OSA03_R00,applied_interval,95,0.05000000260770321,"[0.8, 0.49999844893907003]","[0.8, 0.49999844893907003]",0.0,0.0,False,"[""COMMON_B_COMMAND""]","[""COMMON_B_COMMAND""]","[0.0, 0.0, 0.0]",0.0
OSA03_R00,applied_interval,96,0.06666667014360428,"[0.8, 0.49999844893907003]","[0.8, 0.49999844893907003]",0.0,0.0,False,"[""COMMON_B_COMMAND""]","[""COMMON_B_COMMAND""]","[0.0, 0.0, 0.0]",0.0
OSA03_R00,applied_interval,97,0.08333333767950535,"[0.8, 0.49999844893907003]","[0.8, 0.49999844893907003]",0.0,0.0,False,"[""COMMON_B_COMMAND""]","[""COMMON_B_COMMAND""]","[0.0, 0.0, 0.0]",0.0
OSA03_R00,applied_interval,98,0.10000000521540642,"[0.8, 0.49999844893907003]","[0.8, 0.49999844893907003]",0.0,0.0,False,"[""COMMON_B_COMMAND""]","[""COMMON_B_COMMAND""]","[0.0, 0.0, 0.0]",0.0
OSA03_R00,applied_interval,99,0.11666667275130749,"[0.5999999913675107, 0.9999984407546877]","[0.5999999913761624, 0.9999984407508268]",8.65174598629892e-12,-3.860911590436444e-12,False,"[""bridge_1"", ""E*"", ""F_2"", ""F_3"", ""F_4""]","[""bridge_1"", ""E*"", ""F_2"", ""F_3"", ""F_4""]","[0.0, 0.0, 0.0]",0.0
OSA03_R00,applied_interval,100,0.13333334028720856,"[0.5999999913675107, 0.9999984407546877]","[0.5999999913761624, 0.9999984407508268]",8.65174598629892e-12,-3.860911590436444e-12,False,"[""bridge_1"", ""E*"", ""F_2"", ""F_3"", ""F_4""]","[""bridge_1"", ""E*"", ""F_2"", ""F_3"", ""F_4""]","[7.105427357601002e-15, -1.4210854715202004e-13, -6.394884621840902e-14]",1.4228607195221903e-13
OSA03_R00,applied_interval,101,0.15000000782310963,"[0.5999999913675107, 0.9999984407546877]","[0.5999999913761624, 0.9999984407508268]",8.65174598629892e-12,-3.860911590436444e-12,False,"[""bridge_1"", ""E*"", ""F_2"", ""F_3"", ""F_4""]","[""bridge_1"", ""E*"", ""F_2"", ""F_3"", ""F_4""]","[1.7763568394002505e-14, -2.8421709430404007e-13, -1.283417816466681e-13]",2.847716647714797e-13
OSA03_R00,applied_interval,102,0.1666666753590107,"[0.5999999913675107, 0.9999984407546877]","[0.5999999913761624, 0.9999984407508268]",8.65174598629892e-12,-3.860911590436444e-12,False,"[""bridge_1"", ""E*"", ""F_2"", ""F_3"", ""F_4""]","[""bridge_1"", ""E*"", ""F_2"", ""F_3"", ""F_4""]","[3.197442310920451e-14, -4.263256414560601e-13, -1.9273471707492718e-13]",4.275230008971302e-13
OSA03_R00,applied_interval,103,0.18333334289491177,"[0.39999998183881647, 1.1842293003987898]","[0.3999999818503692, 1.1841175787640779]",1.1552758749644454e-11,-0.00011172163471195873,True,"[""bridge_1"", ""E*"", ""F_2"", ""F_3"", ""F_4""]","[""bridge_1"", ""E*"", ""F_2"", ""F_3"", ""F_4""]","[4.618527782440651e-14, -5.684341886080801e-13, -2.566835632933362e-13]",5.703073791090591e-13
OSA03_R00,applied_interval,104,0.20000001043081284,"[0.39999998183881647, 1.1842293003987898]","[0.3999999818503692, 1.1841175787640779]",1.1552758749644454e-11,-0.00011172163471195873,True,"[""bridge_1"", ""E*"", ""F_2"", ""F_3"", ""F_4""]","[""bridge_1"", ""E*"", ""F_2"", ""F_3"", ""F_4""]","[-6.1459104472305626e-09, -8.66723581793849e-10, -1.8620275987757395e-06]",6.206724175651382e-09
OSA03_R00,applied_interval,105,0.2166666779667139,"[0.39999998183881647, 1.1842293003987898]","[0.3999999818503692, 1.1841175787640779]",1.1552758749644454e-11,-0.00011172163471195873,True,"[""bridge_1"", ""E*"", ""F_2"", ""F_3"", ""F_4""]","[""bridge_1"", ""E*"", ""F_2"", ""F_3"", ""F_4""]","[-2.45353355410316e-08, -3.787835822777197e-09, -3.724054941312005e-06]",2.482600230265281e-08
OSA03_R00,applied_interval,106,0.23333334550261497,"[0.39999998183881647, 1.1842293003987898]","[0.3999999818503692, 1.1841175787640779]",1.1552758749644454e-11,-0.00011172163471195873,True,"[""bridge_1"", ""E*"", ""F_2"", ""F_3"", ""F_4""]","[""bridge_1"", ""E*"", ""F_2"", ""F_3"", ""F_4""]","[-5.50847367719598e-08, -9.246736709656034e-09, -5.5860822838482704e-06]",5.585544167772555e-08
OSA03_R00,applied_interval,107,0.25000001303851604,"[0.39999998183881647, 1.1842293003987898]","[0.3999999818503692, 1.1841175787640779]",1.1552758749644454e-11,-0.00011172163471195873,True,"[""bridge_1"", ""E*"", ""F_2"", ""F_3"", ""F_4""]","[""bridge_1"", ""E*"", ""F_2"", ""F_3"", ""F_4""]","[-9.769634345957456e-08, -1.7723667866675896e-08, -7.448109625940447e-06]",9.92910062796193e-08
OSA03_R00,applied_interval,108,0.2666666805744171,"[0.39999998183881647, 1.1842293003987898]","[0.3999999818503692, 1.1841175787640779]",1.1552758749644454e-11,-0.00011172163471195873,True,"[""bridge_1"", ""E*"", ""F_2"", ""F_3"", ""F_4""]","[""bridge_1"", ""E*"", ""F_2"", ""F_3"", ""F_4""]","[-1.5225819893771586e-07, -2.969591506030156e-08, -9.310136968032623e-06]",1.5512706570752155e-07
OSA03_R00,applied_interval,109,0.2833333481103182,"[0.19999997415527349, 0.7426492473553256]","[0.19999997419323695, 0.7425646662423733]",3.7963465704393684e-11,-8.458111295228665e-05,True,"[""bridge_1"", ""E*"", ""F_2"", ""F_3"", ""F_4""]","[""bridge_1"", ""E*"", ""F_2"", ""F_3"", ""F_4""]","[-2.1864421384520938e-07, -4.563741384799869e-08, -1.1172164310568888e-05]",2.2335636501054353e-07
OSA03_R00,applied_interval,110,0.30000001564621925,"[0.19999997415527349, 0.7426492473553256]","[0.19999997419323695, 0.7425646662423733]",3.7963465704393684e-11,-8.458111295228665e-05,True,"[""bridge_1"", ""E*"", ""F_2"", ""F_3"", ""F_4""]","[""bridge_1"", ""E*"", ""F_2"", ""F_3"", ""F_4""]","[-2.569878638780665e-07, -5.549206605337531e-08, -1.2581849599957451e-05]",2.629108814322522e-07
OSA03_R00,applied_interval,111,0.3166666831821203,"[0.19999997415527349, 0.7426492473553256]","[0.19999997419323695, 0.7425646662423733]",3.7963465704393684e-11,-8.458111295228665e-05,True,"[""bridge_1"", ""E*"", ""F_2"", ""F_3"", ""F_4""]","[""bridge_1"", ""E*"", ""F_2"", ""F_3"", ""F_4""]","[-2.9974297532930905e-07, -6.70457822593562e-08, -1.3991534889346013e-05]",3.071497813413446e-07
OSA03_R00,applied_interval,112,0.3333333507180214,"[0.19999997415527349, 0.7426492473553256]","[0.19999997419323695, 0.7425646662423733]",3.7963465704393684e-11,-8.458111295228665e-05,True,"[""bridge_1"", ""E*"", ""F_2"", ""F_3"", ""F_4""]","[""bridge_1"", ""E*"", ""F_2"", ""F_3"", ""F_4""]","[-3.468726710309511e-07, -8.040908028306148e-08, -1.5401220178734576e-05]",3.560705970732689e-07
OSA03_R00,applied_interval,113,0.35000001825392246,"[0.19999997415527349, 0.7426492473553256]","[0.19999997419323695, 0.7425646662423733]",3.7963465704393684e-11,-8.458111295228665e-05,True,"[""bridge_1"", ""E*"", ""F_2"", ""F_3"", ""F_4""]","[""bridge_1"", ""E*"", ""F_2"", ""F_3"", ""F_4""]","[-3.983380096883593e-07, -9.569182068958071e-08, -1.681090546812314e-05]",4.096707147324181e-07
OSA03_R00,applied_interval,114,0.36666668578982353,"[0.19999997415527349, 0.7426492473553256]","[0.19999997419323695, 0.7425646662423733]",3.7963465704393684e-11,-8.458111295228665e-05,True,"[""bridge_1"", ""E*"", ""F_2"", ""F_3"", ""F_4""]","[""bridge_1"", ""E*"", ""F_2"", ""F_3"", ""F_4""]","[-4.540980143019624e-07, -1.1300316060669502e-07, -1.82205907575117e-05]",4.679473484272432e-07
OSA03_R00,applied_interval,115,0.3833333533257246,"[0.39999998360958433, 1.2426492020733986]","[0.39999998364739947, 1.24256462101667]",3.781513990830376e-11,-8.458105672848326e-05,True,"[""F_3"", ""F_4"", ""F_5"", ""F_6"", ""F_7""]","[""F_3"", ""F_4"", ""F_5"", ""F_6"", ""F_7""]","[-5.141096650618238e-07, -1.3245153596130876e-07, -1.9630276046900264e-05]",5.308975014901563e-07
OSA03_R00,applied_interval,116,0.40000002086162567,"[0.39999998360958433, 1.2426492020733986]","[0.39999998364739947, 1.24256462101667]",3.781513990830376e-11,-8.458105672848326e-05,True,"[""F_3"", ""F_4"", ""F_5"", ""F_6"", ""F_7""]","[""F_3"", ""F_4"", ""F_5"", ""F_6"", ""F_7""]","[-6.423609200112423e-07, -1.763775472340967e-07, -2.1039960399260593e-05]",6.661355648259636e-07
OSA03_R00,applied_interval,117,0.41666668839752674,"[0.39999998360958433, 1.2426492020733986]","[0.39999998364739947, 1.24256462101667]",3.781513990830376e-11,-8.458105672848326e-05,True,"[""F_3"", ""F_4"", ""F_5"", ""F_6"", ""F_7""]","[""F_3"", ""F_4"", ""F_5"", ""F_6"", ""F_7""]","[-7.785011781891171e-07, -2.2617747674757993e-07, -2.2449644751620923e-05]",8.106912701082611e-07
OSA03_R00,applied_interval,118,0.4333333559334278,"[0.39999998360958433, 1.2426492020733986]","[0.39999998364739947, 1.24256462101667]",3.781513990830376e-11,-8.458105672848326e-05,True,"[""F_3"", ""F_4"", ""F_5"", ""F_6"", ""F_7""]","[""F_3"", ""F_4"", ""F_5"", ""F_6"", ""F_7""]","[-9.223383727885448e-07, -2.8219552206110166e-07, -2.3859329103981253e-05]",9.645425789406906e-07
OSA03_R00,applied_interval,119,0.4500000234693289,"[0.39999998360958433, 1.2426492020733986]","[0.39999998364739947, 1.24256462101667]",3.781513990830376e-11,-8.458105672848326e-05,True,"[""F_3"", ""F_4"", ""F_5"", ""F_6"", ""F_7""]","[""F_3"", ""F_4"", ""F_5"", ""F_6"", ""F_7""]","[-1.073669608331329e-06, -3.447703669223756e-07, -2.5269013456341582e-05]",1.1276670757640037e-06
OSA03_R00,applied_interval,120,0.46666669100522995,"[0.39999998360958433, 1.2426492020733986]","[0.39999998364739947, 1.24256462101667]",3.781513990830376e-11,-8.458105672848326e-05,True,"[""F_3"", ""F_4"", ""F_5"", ""F_6"", ""F_7""]","[""F_3"", ""F_4"", ""F_5"", ""F_6"", ""F_7""]","[-1.2322812814602457e-06, -4.14234882839537e-07, -2.6678697808701912e-05]",1.3000414204164382e-06
OSA03_R00,applied_interval,121,0.483333358541131,"[0.5999999930968999, 1.04654138612791]","[0.5999999931340211, 1.0466301297945924]",3.712119500676181e-11,8.87436666823227e-05,True,"[""F_4"", ""F_5"", ""F_6"", ""F_7"", ""F_8""]","[""F_4"", ""F_5"", ""F_6"", ""F_7"", ""F_8""]","[-1.397949255022013e-06, -4.909158235477662e-07, -2.8088382161062242e-05]",1.481641139219002e-06
OSA03_R00,applied_interval,122,0.5000000260770321,"[0.5999999930968999, 1.04654138612791]","[0.5999999931340211, 1.0466301297945924]",3.712119500676181e-11,8.87436666823227e-05,True,"[""F_4"", ""F_5"", ""F_6"", ""F_7"", ""F_8""]","[""F_4"", ""F_5"", ""F_6"", ""F_7"", ""F_8""]","[-1.643921404337334e-06, -6.10464052641646e-07, -2.6609320972870165e-05]",1.7536088341491937e-06
OSA03_R00,applied_interval,123,0.5166666936129332,"[0.5999999930968999, 1.04654138612791]","[0.5999999931340211, 1.0466301297945924]",3.712119500676181e-11,8.87436666823227e-05,True,"[""F_4"", ""F_5"", ""F_6"", ""F_7"", ""F_8""]","[""F_4"", ""F_5"", ""F_6"", ""F_7"", ""F_8""]","[-1.8745837664368992e-06, -7.275870217426927e-07, -2.513025978467809e-05]",2.0108324573661408e-06
OSA03_R00,applied_interval,124,0.5333333611488342,"[0.5999999930968999, 1.04654138612791]","[0.5999999931340211, 1.0466301297945924]",3.712119500676181e-11,8.87436666823227e-05,True,"[""F_4"", ""F_5"", ""F_6"", ""F_7"", ""F_8""]","[""F_4"", ""F_5"", ""F_6"", ""F_7"", ""F_8""]","[-2.0900997874662153e-06, -8.417890704492947e-07, -2.365119859648601e-05]",2.253247869341987e-06
OSA03_R00,applied_interval,125,0.5500000286847353,"[0.5999999930968999, 1.04654138612791]","[0.5999999931340211, 1.0466301297945924]",3.712119500676181e-11,8.87436666823227e-05,True,"[""F_4"", ""F_5"", ""F_6"", ""F_7"", ""F_8""]","[""F_4"", ""F_5"", ""F_6"", ""F_7"", ""F_8""]","[-2.2906455221516353e-06, -9.525795690024097e-07, -2.2172137408293935e-05]",2.480819369368547e-06
OSA03_R00,applied_interval,126,0.5666666962206364,"[0.5999999930968999, 1.04654138612791]","[0.5999999931340211, 1.0466301297945924]",3.712119500676181e-11,8.87436666823227e-05,True,"[""F_4"", ""F_5"", ""F_6"", ""F_7"", ""F_8""]","[""F_4"", ""F_5"", ""F_6"", ""F_7"", ""F_8""]","[-2.476409491691811e-06, -1.0594732096080861e-06, -2.0693076220101858e-05]",2.693526954091708e-06
OSA03_R00,applied_interval,127,0.5833333637565374,"[0.8, 0.6885828628296168]","[0.8, 0.688674317668027]",0.0,9.145483841022095e-05,True,"[""F_4"", ""F_5"", ""F_6"", ""F_7"", ""F_8""]","[""F_4"", ""F_5"", ""F_6"", ""F_7"", ""F_8""]","[-2.6475925523072874e-06, -1.1619902942072713e-06, -1.921401503190978e-05]",2.891360884923381e-06
OSA03_R00,applied_interval,128,0.6000000312924385,"[0.8, 0.6885828628296168]","[0.8, 0.688674317668027]",0.0,9.145483841022095e-05,True,"[""F_4"", ""F_5"", ""F_6"", ""F_7"", ""F_8""]","[""F_4"", ""F_5"", ""F_6"", ""F_7"", ""F_8""]","[-2.856807935103234e-06, -1.2914378615391797e-06, -1.7689767645379106e-05]",3.135149650062289e-06
OSA03_R00,applied_interval,129,0.6166666988283396,"[0.8, 0.6885828628296168]","[0.8, 0.688674317668027]",0.0,9.145483841022095e-05,True,"[""F_4"", ""F_5"", ""F_6"", ""F_7"", ""F_8""]","[""F_4"", ""F_5"", ""F_6"", ""F_7"", ""F_8""]","[-3.0473660430629934e-06, -1.4123858242953702e-06, -1.616552025884843e-05]",3.358760711495226e-06
OSA03_R00,applied_interval,130,0.6333333663642406,"[0.8, 0.6885828628296168]","[0.8, 0.688674317668027]",0.0,9.145483841022095e-05,True,"[""F_4"", ""F_5"", ""F_6"", ""F_7"", ""F_8""]","[""F_4"", ""F_5"", ""F_6"", ""F_7"", ""F_8""]","[-3.2194917949368573e-06, -1.5244244160328435e-06, -1.4641272872317757e-05]",3.562161874180176e-06
OSA03_R00,applied_interval,131,0.6500000339001417,"[0.8, 0.6885828628296168]","[0.8, 0.688674317668027]",0.0,9.145483841022095e-05,True,"[""F_4"", ""F_5"", ""F_6"", ""F_7"", ""F_8""]","[""F_4"", ""F_5"", ""F_6"", ""F_7"", ""F_8""]","[-3.3734170337140768e-06, -1.627147934613049e-06, -1.3117025485787082e-05]",3.745337486057537e-06
OSA03_R00,applied_interval,132,0.6666667014360428,"[0.8, 0.6885828628296168]","[0.8, 0.688674317668027]",0.0,9.145483841022095e-05,True,"[""F_4"", ""F_5"", ""F_6"", ""F_7"", ""F_8""]","[""F_4"", ""F_5"", ""F_6"", ""F_7"", ""F_8""]","[-3.5093804768848713e-06, -1.7201548523360088e-06, -1.1592778099256407e-05]",3.908284028516326e-06
OSA03_R00,applied_interval,133,0.6833333689719439,"[0.8, 0.4142808048742402]","[0.8, 0.4143396773896243]",0.0,5.887251538411187e-05,True,"[""F_4"", ""F_5"", ""F_6"", ""F_7"", ""F_8""]","[""F_4"", ""F_5"", ""F_6"", ""F_7"", ""F_8""]","[-3.6276276453861556e-06, -1.8030479225217277e-06, -1.0068530712725732e-05]",4.0510077936829276e-06
OSA03_R00,applied_interval,134,0.7000000365078449,"[0.8, 0.4142808048742402]","[0.8, 0.4143396773896243]",0.0,5.887251538411187e-05,True,"[""F_4"", ""F_5"", ""F_6"", ""F_7"", ""F_8""]","[""F_4"", ""F_5"", ""F_6"", ""F_7"", ""F_8""]","[-3.7315143295302278e-06, -1.877319295573443e-06, -9.08732207172136e-06]",4.177143393399584e-06
OSA03_R00,applied_interval,135,0.716666704043746,"[0.8, 0.4142808048742402]","[0.8, 0.4143396773896243]",0.0,5.887251538411187e-05,True,"[""F_4"", ""F_5"", ""F_6"", ""F_7"", ""F_8""]","[""F_4"", ""F_5"", ""F_6"", ""F_7"", ""F_8""]","[-3.824296278764905e-06, -1.9446235981490645e-06, -8.106113431161077e-06]",4.29031501946574e-06
OSA03_R00,applied_interval,136,0.7333333715796471,"[0.8, 0.4142808048742402]","[0.8, 0.4143396773896243]",0.0,5.887251538411187e-05,True,"[""F_4"", ""F_5"", ""F_6"", ""F_7"", ""F_8""]","[""F_4"", ""F_5"", ""F_6"", ""F_7"", ""F_8""]","[-3.90607516820296e-06, -2.0048113817949798e-06, -7.1249047906007945e-06]",4.3905229638650655e-06
OSA03_R00,applied_interval,137,0.7500000391155481,"[0.8, 0.4142808048742402]","[0.8, 0.4143396773896243]",0.0,5.887251538411187e-05,True,"[""F_4"", ""F_5"", ""F_6"", ""F_7"", ""F_8""]","[""F_4"", ""F_5"", ""F_6"", ""F_7"", ""F_8""]","[-3.976954211282191e-06, -2.0577342709771074e-06, -6.143696150040512e-06]",4.477771223341903e-06
OSA03_R00,applied_interval,138,0.7666667066514492,"[0.8, 0.4142808048742402]","[0.8, 0.4143396773896243]",0.0,5.887251538411187e-05,True,"[""F_4"", ""F_5"", ""F_6"", ""F_7"", ""F_8""]","[""F_4"", ""F_5"", ""F_6"", ""F_7"", ""F_8""]","[-4.0370381313437065e-06, -2.1032449772917516e-06, -5.162487509480229e-06]",4.552067256579813e-06
OSA03_R00,applied_interval,139,0.7833333741873503,"[0.8, 0.1690133538888682]","[0.8, 0.16905019400516613]",0.0,3.684011629792594e-05,True,"[""F_5"", ""F_6"", ""F_7"", ""F_8"", ""F_9""]","[""F_5"", ""F_6"", ""F_7"", ""F_8"", ""F_9""]","[-4.086433168737358e-06, -2.1411973207818846e-06, -4.1812788689199465e-06]",4.61342194136634e-06
OSA03_R00,applied_interval,140,0.8000000417232513,"[0.8, 0.1690133538888682]","[0.8, 0.16905019400516613]",0.0,3.684011629792594e-05,True,"[""F_5"", ""F_6"", ""F_7"", ""F_8"", ""F_9""]","[""F_5"", ""F_6"", ""F_7"", ""F_8"", ""F_9""]","[-4.127239197515564e-06, -2.172872484607069e-06, -3.5672768987637937e-06]",4.664276817243099e-06
OSA03_R00,applied_interval,141,0.8166667092591524,"[0.8, 0.1690133538888682]","[0.8, 0.16905019400516613]",0.0,3.684011629792594e-05,True,"[""F_5"", ""F_6"", ""F_7"", ""F_8"", ""F_9""]","[""F_5"", ""F_6"", ""F_7"", ""F_8"", ""F_9""]","[-4.161503177613213e-06, -2.1996241095223468e-06, -2.953274928607641e-06]",4.70706436332422e-06
OSA03_R00,applied_interval,142,0.8333333767950535,"[0.8, 0.1690133538888682]","[0.8, 0.16905019400516613]",0.0,3.684011629792594e-05,True,"[""F_5"", ""F_6"", ""F_7"", ""F_8"", ""F_9""]","[""F_5"", ""F_6"", ""F_7"", ""F_8"", ""F_9""]","[-4.1892532252063575e-06, -2.221415627445822e-06, -2.339272958451488e-06]",4.741785526018905e-06
OSA03_R00,applied_interval,143,0.8500000443309546,"[0.8, 0.1690133538888682]","[0.8, 0.16905019400516613]",0.0,3.684011629792594e-05,True,"[""F_5"", ""F_6"", ""F_7"", ""F_8"", ""F_9""]","[""F_5"", ""F_6"", ""F_7"", ""F_8"", ""F_9""]","[-4.2105176092377405e-06, -2.2382105910878636e-06, -1.7252709882953354e-06]",4.7684426375661665e-06
OSA03_R00,applied_interval,144,0.8666667118668556,"[0.8, 0.1690133538888682]","[0.8, 0.16905019400516613]",0.0,3.684011629792594e-05,True,"[""F_5"", ""F_6"", ""F_7"", ""F_8"", ""F_9""]","[""F_5"", ""F_6"", ""F_7"", ""F_8"", ""F_9""]","[-4.22532475852222e-06, -2.249972663292965e-06, -1.1112690181391827e-06]",4.787039408710408e-06
OSA03_R00,applied_interval,145,0.8833333794027567,"[0.8, 0.033986609346337175]","[0.8, 0.03400822895571691]",0.0,2.1619609379734672e-05,True,"[""F_6"", ""F_7"", ""F_8"", ""F_9"", ""F_9""]","[""F_6"", ""F_7"", ""F_8"", ""F_9"", ""F_9""]","[-4.2337032439832e-06, -2.2566656383560257e-06, -4.972670479830299e-07]",4.7975809489210996e-06
OSA03_R00,applied_interval,146,0.9000000469386578,"[0.8, 0.033986609346337175]","[0.8, 0.03400822895571691]",0.0,2.1619609379734672e-05,True,"[""F_6"", ""F_7"", ""F_8"", ""F_9"", ""F_9""]","[""F_6"", ""F_7"", ""F_8"", ""F_9"", ""F_9""]","[-4.237001878237834e-06, -2.259310520003055e-06, -1.3694020628562953e-07]",4.801736034184658e-06
OSA03_R00,applied_interval,147,0.9166667144745588,"[0.8, 0.033986609346337175]","[0.8, 0.03400822895571691]",0.0,2.1619609379734672e-05,True,"[""F_6"", ""F_7"", ""F_8"", ""F_9"", ""F_9""]","[""F_6"", ""F_7"", ""F_8"", ""F_9"", ""F_9""]","[-4.236552619829581e-06, -2.258949550082434e-06, 2.2338663541177084e-07]",4.801169771045648e-06
OSA03_R00,applied_interval,148,0.9333333820104599,"[0.8, 0.033986609346337175]","[0.8, 0.03400822895571691]",0.0,2.1619609379734672e-05,True,"[""F_6"", ""F_7"", ""F_8"", ""F_9"", ""F_9""]","[""F_6"", ""F_7"", ""F_8"", ""F_9"", ""F_9""]","[-4.232358872258146e-06, -2.255578483101317e-06, 5.837134771091712e-07]",4.795883225956601e-06
OSA03_R00,applied_interval,149,0.950000049546361,"[0.8, 0.033986609346337175]","[0.8, 0.03400822895571691]",0.0,2.1619609379734672e-05,True,"[""F_6"", ""F_7"", ""F_8"", ""F_9"", ""F_9""]","[""F_6"", ""F_7"", ""F_8"", ""F_9"", ""F_9""]","[-4.224424053234088e-06, -2.249193077119571e-06, 9.440403188065716e-07]",4.785877984205754e-06
OSA03_R00,applied_interval,150,0.966666717082262,"[0.8, 0.033986609346337175]","[0.8, 0.03400822895571691]",0.0,2.1619609379734672e-05,True,"[""F_6"", ""F_7"", ""F_8"", ""F_9"", ""F_9""]","[""F_6"", ""F_7"", ""F_8"", ""F_9"", ""F_9""]","[-4.212751576915252e-06, -2.2397890937497777e-06, 1.304367160503972e-06]",4.771156152682743e-06
OSA03_R00,applied_interval,151,0.9833333846181631,"[0.8, 0.009768322406619652]","[0.8, 0.009781020722927422]",0.0,1.269831630777013e-05,True,"[""F_6"", ""F_7"", ""F_8"", ""F_9"", ""F_9""]","[""F_6"", ""F_7"", ""F_8"", ""F_9"", ""F_9""]","[-4.197344864564911e-06, -2.227362294604518e-06, 1.6646940022013723e-06]",4.751720394079952e-06
OSA03_R00,applied_interval,152,1.0000000521540642,"[0.8, 0.009768322406619652]","[0.8, 0.009781020722927422]",0.0,1.269831630777013e-05,True,"[""F_6"", ""F_7"", ""F_8"", ""F_9"", ""F_9""]","[""F_6"", ""F_7"", ""F_8"", ""F_9"", ""F_9""]","[-4.178975430590981e-06, -2.2125350511714714e-06, 1.8763326186110874e-06]",4.728545971241627e-06
OSA03_R00,applied_interval,153,1.0166667196899652,"[0.8, 0.009768322406619652]","[0.8, 0.009781020722927422]",0.0,1.269831630777013e-05,True,"[""F_6"", ""F_7"", ""F_8"", ""F_9"", ""F_9""]","[""F_6"", ""F_7"", ""F_8"", ""F_9"", ""F_9""]","[-4.158412906463127e-06, -2.1959320832820595e-06, 2.0879712350208024e-06]",4.702607320947242e-06
OSA03_R00,applied_interval,154,1.0333333872258663,"[0.8, 0.009768322406619652]","[0.8, 0.009781020722927422]",0.0,1.269831630777013e-05,True,"[""F_6"", ""F_7"", ""F_8"", ""F_9"", ""F_9""]","[""F_6"", ""F_7"", ""F_8"", ""F_9"", ""F_9""]","[-4.135657871273679e-06, -2.1775526768408326e-06, 2.2996098514305174e-06]",4.673906469822071e-06
OSA03_R00,applied_interval,155,1.0500000547617674,"[0.8, 0.009768322406619652]","[0.8, 0.009781020722927422]",0.0,1.269831630777013e-05,True,"[""F_6"", ""F_7"", ""F_8"", ""F_9"", ""F_9""]","[""F_6"", ""F_7"", ""F_8"", ""F_9"", ""F_9""]","[-4.11071089700954e-06, -2.157396121305055e-06, 2.5112484678402325e-06]",4.642445702753568e-06
OSA03_R00,applied_interval,156,1.0666667222976685,"[0.8, 0.009768322406619652]","[0.8, 0.009781020722927422]",0.0,1.269831630777013e-05,True,"[""F_6"", ""F_7"", ""F_8"", ""F_9"", ""F_9""]","[""F_6"", ""F_7"", ""F_8"", ""F_9"", ""F_9""]","[-4.083572566315752e-06, -2.1354616954738503e-06, 2.7228870842499475e-06]",4.608227593902309e-06
OSA03_R00,applied_interval,157,1.0833333898335695,"[0.8, -0.030428813364110227]","[0.8, -0.030421869442211397]",0.0,6.9439218988304185e-06,True,"[""F_7"", ""F_8"", ""F_9"", ""F_9"", ""F_9""]","[""F_7"", ""F_8"", ""F_9"", ""F_9"", ""F_9""]","[-4.054243458284645e-06, -2.1117486852517686e-06, 2.9345257006596626e-06]",4.5712550277474585e-06
OSA03_R00,applied_interval,158,1.1000000573694706,"[0.8, -0.030428813364110227]","[0.8, -0.030421869442211397]",0.0,6.9439218988304185e-06,True,"[""F_7"", ""F_8"", ""F_9"", ""F_9"", ""F_9""]","[""F_7"", ""F_8"", ""F_9"", ""F_9"", ""F_9""]","[-4.023212817116928e-06, -2.086668928313884e-06, 3.050257738390627e-06]",4.532154960744892e-06
OSA03_R00,applied_interval,159,1.1166667249053717,"[0.8, -0.030428813364110227]","[0.8, -0.030421869442211397]",0.0,6.9439218988304185e-06,True,"[""F_7"", ""F_8"", ""F_9"", ""F_9"", ""F_9""]","[""F_7"", ""F_8"", ""F_9"", ""F_9"", ""F_9""]","[-3.990968846068199e-06, -2.0606355448649083e-06, 3.1659897761215916e-06]",4.491553314728395e-06
OSA03_R00,applied_interval,160,1.1333333924412727,"[0.8, -0.030428813364110227]","[0.8, -0.030421869442211397]",0.0,6.9439218988304185e-06,True,"[""F_7"", ""F_8"", ""F_9"", ""F_9"", ""F_9""]","[""F_7"", ""F_8"", ""F_9"", ""F_9"", ""F_9""]","[-3.957510575247625e-06, -2.033649760591061e-06, 3.281721813852556e-06]",4.449451797912735e-06
OSA03_R00,applied_interval,161,1.1500000599771738,"[0.8, -0.030428813364110227]","[0.8, -0.030421869442211397]",0.0,6.9439218988304185e-06,True,"[""F_7"", ""F_8"", ""F_9"", ""F_9"", ""F_9""]","[""F_7"", ""F_8"", ""F_9"", ""F_9"", ""F_9""]","[-3.922837031211657e-06, -2.0057128011785608e-06, 3.3974538515835206e-06]",4.40585226877355e-06
OSA03_R00,applied_interval,162,1.1666667275130749,"[0.8, -0.030428813364110227]","[0.8, -0.030421869442211397]",0.0,6.9439218988304185e-06,True,"[""F_7"", ""F_8"", ""F_9"", ""F_9"", ""F_9""]","[""F_7"", ""F_8"", ""F_9"", ""F_9"", ""F_9""]","[-3.8869472369640334e-06, -1.9768258923136273e-06, 3.513185889314485e-06]",4.3607567498616455e-06
OSA03_R00,applied_interval,163,1.183333395048976,"[0.8, -0.02994731580610577]","[0.8, -0.029943209541205062]",0.0,4.1062649007092555e-06,True,"[""F_7"", ""F_8"", ""F_9"", ""F_9"", ""F_9""]","[""F_7"", ""F_8"", ""F_9"", ""F_9"", ""F_9""]","[-3.849840219061207e-06, -1.9469902596824795e-06, 3.6289179270454497e-06]",4.314167449647694e-06
OSA03_R00,applied_interval,164,1.200000062584877,"[0.8, -0.02994731580610577]","[0.8, -0.029943209541205062]",0.0,4.1062649007092555e-06,True,"[""F_7"", ""F_8"", ""F_9"", ""F_9"", ""F_9""]","[""F_7"", ""F_8"", ""F_9"", ""F_9"", ""F_9""]","[-3.8117609690857535e-06, -1.916404404056493e-06, 3.6973556785113715e-06]",4.266395144068665e-06
OSA03_R00,applied_interval,165,1.216666730120778,"[0.8, -0.02994731580610577]","[0.8, -0.029943209541205062]",0.0,4.1062649007092555e-06,True,"[""F_7"", ""F_8"", ""F_9"", ""F_9"", ""F_9""]","[""F_7"", ""F_8"", ""F_9"", ""F_9"", ""F_9""]","[-3.7729547450737755e-06, -1.8852664780411033e-06, 3.7657934299772933e-06]",4.21775025358309e-06
OSA03_R00,applied_interval,166,1.2333333976566792,"[0.8, -0.02994731580610577]","[0.8, -0.029943209541205062]",0.0,4.1062649007092555e-06,True,"[""F_7"", ""F_8"", ""F_9"", ""F_9"", ""F_9""]","[""F_7"", ""F_8"", ""F_9"", ""F_9"", ""F_9""]","[-3.7334209892492254e-06, -1.8535772063899003e-06, 3.834231181443215e-06]",4.168234727437366e-06
OSA03_R00,applied_interval,167,1.2500000651925802,"[0.8, -0.02994731580610577]","[0.8, -0.029943209541205062]",0.0,4.1062649007092555e-06,True,"[""F_7"", ""F_8"", ""F_9"", ""F_9"", ""F_9""]","[""F_7"", ""F_8"", ""F_9"", ""F_9"", ""F_9""]","[-3.693159140283342e-06, -1.8213373031983338e-06, 3.902668932909137e-06]",4.117850653858172e-06
OSA03_R00,applied_interval,168,1.2666667327284813,"[0.8, -0.02994731580610577]","[0.8, -0.029943209541205062]",0.0,4.1062649007092555e-06,True,"[""F_7"", ""F_8"", ""F_9"", ""F_9"", ""F_9""]","[""F_7"", ""F_8"", ""F_9"", ""F_9"", ""F_9""]","[-3.6521686404000775e-06, -1.7885474861145667e-06, 3.971106684375059e-06]",4.066600286235234e-06
OSA03_R00,applied_interval,169,1.2833334002643824,"[0.8, -0.05183840923057906]","[0.8, -0.05183650646475519]",0.0,1.9027658238676692e-06,True,"[""F_8"", ""F_9"", ""F_9"", ""F_9"", ""F_9""]","[""F_8"", ""F_9"", ""F_9"", ""F_9"", ""F_9""]","[-3.610448928270671e-06, -1.7552084798921896e-06, 4.0395444358409804e-06]",4.014486053224782e-06
OSA03_R00,applied_interval,170,1.3000000678002834,"[0.8, -0.05183840923057906]","[0.8, -0.05183650646475519]",0.0,1.9027658238676692e-06,True,"[""F_8"", ""F_9"", ""F_9"", ""F_9"", ""F_9""]","[""F_8"", ""F_9"", ""F_9"", ""F_9"", ""F_9""]","[-3.5681846384250093e-06, -1.7214814533872413e-06, 4.071257201143652e-06]",3.961747090394396e-06
OSA03_R00,applied_interval,171,1.3166667353361845,"[0.8, -0.05183840923057906]","[0.8, -0.05183650646475519]",0.0,1.9027658238676692e-06,True,"[""F_8"", ""F_9"", ""F_9"", ""F_9"", ""F_9""]","[""F_8"", ""F_9"", ""F_9"", ""F_9"", ""F_9""]","[-3.5255604977635357e-06, -1.6875274972960597e-06, 4.102969966446324e-06]",3.908621992150299e-06
OSA03_R00,applied_interval,172,1.3333334028720856,"[0.8, -0.05183840923057906]","[0.8, -0.05183650646475519]",0.0,1.9027658238676692e-06,True,"[""F_8"", ""F_9"", ""F_9"", ""F_9"", ""F_9""]","[""F_8"", ""F_9"", ""F_9"", ""F_9"", ""F_9""]","[-3.4825760799606087e-06, -1.6533472120272563e-06, 4.134682731748995e-06]",3.855112599682673e-06
OSA03_R00,applied_interval,173,1.3500000704079866,"[0.8, -0.05183840923057906]","[0.8, -0.05183650646475519]",0.0,1.9027658238676692e-06,True,"[""F_8"", ""F_9"", ""F_9"", ""F_9"", ""F_9""]","[""F_8"", ""F_9"", ""F_9"", ""F_9"", ""F_9""]","[-3.4392309622433004e-06, -1.6189411908840157e-06, 4.166395497051667e-06]",3.8012208816634076e-06
OSA03_R00,applied_interval,174,1.3666667379438877,"[0.8, -0.05183840923057906]","[0.8, -0.05183650646475519]",0.0,1.9027658238676692e-06,True,"[""F_8"", ""F_9"", ""F_9"", ""F_9"", ""F_9""]","[""F_8"", ""F_9"", ""F_9"", ""F_9"", ""F_9""]","[-3.3955247253913967e-06, -1.5843100342749494e-06, 4.198108262354339e-06]",3.7469489515402544e-06
OSA03_R00,applied_interval,175,1.3833334054797888,"[0.8, -0.08175772161998968]","[0.8, -0.0817584064152322]",0.0,-6.847952425254045e-07,True,"[""F_8"", ""F_9"", ""F_9"", ""F_9"", ""F_9""]","[""F_8"", ""F_9"", ""F_9"", ""F_9"", ""F_9""]","[-3.3514569501846836e-06, -1.549454335503242e-06, 4.22982102765701e-06]",3.692299070599647e-06
OSA03_R00,applied_interval,176,1.4000000730156898,"[0.8, -0.08175772161998968]","[0.8, -0.0817584064152322]",0.0,-6.847952425254045e-07,True,"[""F_8"", ""F_9"", ""F_9"", ""F_9"", ""F_9""]","[""F_8"", ""F_9"", ""F_9"", ""F_9"", ""F_9""]","[-3.3072441887327386e-06, -1.5145638485591917e-06, 4.218407772871302e-06]",3.6375496938555906e-06
OSA03_R00,applied_interval,177,1.416666740551591,"[0.8, -0.08175772161998968]","[0.8, -0.0817584064152322]",0.0,-6.847952425254045e-07,True,"[""F_8"", ""F_9"", ""F_9"", ""F_9"", ""F_9""]","[""F_8"", ""F_9"", ""F_9"", ""F_9"", ""F_9""]","[-3.26310351539405e-06, -1.479827751893481e-06, 4.206994518085594e-06]",3.5829784715305117e-06
OSA03_R00,applied_interval,178,1.433333408087492,"[0.8, -0.08175772161998968]","[0.8, -0.0817584064152322]",0.0,-6.847952425254045e-07,True,"[""F_8"", ""F_9"", ""F_9"", ""F_9"", ""F_9""]","[""F_8"", ""F_9"", ""F_9"", ""F_9"", ""F_9""]","[-3.219035267676418e-06, -1.4452457790525841e-06, 4.195581263299886e-06]",3.528586603218617e-06
OSA03_R00,applied_interval,179,1.450000075623393,"[0.8, -0.08175772161998968]","[0.8, -0.0817584064152322]",0.0,-6.847952425254045e-07,True,"[""F_8"", ""F_9"", ""F_9"", ""F_9"", ""F_9""]","[""F_8"", ""F_9"", ""F_9"", ""F_9"", ""F_9""]","[-3.175039783087641e-06, -1.4108176671356887e-06, 4.1841680085141775e-06]",3.4743753559584493e-06
OSA03_R00,applied_interval,180,1.4666667431592941,"[0.8, -0.08175772161998968]","[0.8, -0.0817584064152322]",0.0,-6.847952425254045e-07,True,"[""F_8"", ""F_9"", ""F_9"", ""F_9"", ""F_9""]","[""F_8"", ""F_9"", ""F_9"", ""F_9"", ""F_9""]","[-3.131117399135519e-06, -1.3765431567946962e-06, 4.172754753728469e-06]",3.42034606870233e-06
OSA03_R00,applied_interval,181,1.4833334106951952,"[0.8, -0.14836834973550797]","[0.8, -0.14837066300153823]",0.0,-2.313266030257166e-06,True,"[""F_9"", ""F_9"", ""F_9"", ""F_9"", ""F_9""]","[""F_9"", ""F_9"", ""F_9"", ""F_9"", ""F_9""]","[-3.087268449775138e-06, -1.3424219851287944e-06, 4.161341498942761e-06]",3.3665001510669974e-06
OSA03_R00,applied_interval,182,1.5000000782310963,"[0.8, -0.14836834973550797]","[0.8, -0.14837066300153823]",0.0,-2.313266030257166e-06,True,"[""F_9"", ""F_9"", ""F_9"", ""F_9"", ""F_9""]","[""F_9"", ""F_9"", ""F_9"", ""F_9"", ""F_9""]","[-3.0436175002535037e-06, -1.3085889705166664e-06, 4.122787063298716e-06]",3.3130065773564737e-06
OSA03_R00,applied_interval,183,1.5166667457669973,"[0.8, -0.14836834973550797]","[0.8, -0.14837066300153823]",0.0,-2.313266030257166e-06,True,"[""F_9"", ""F_9"", ""F_9"", ""F_9"", ""F_9""]","[""F_9"", ""F_9"", ""F_9"", ""F_9"", ""F_9""]","[-3.0002900999193116e-06, -1.275177918813597e-06, 4.0842326276546714e-06]",3.2600336514066244e-06
OSA03_R00,applied_interval,184,1.5333334133028984,"[0.8, -0.14836834973550797]","[0.8, -0.14837066300153823]",0.0,-2.313266030257166e-06,True,"[""F_9"", ""F_9"", ""F_9"", ""F_9"", ""F_9""]","[""F_9"", ""F_9"", ""F_9"", ""F_9"", ""F_9""]","[-2.9572880713146787e-06, -1.2421870110301825e-06, 4.045678192010627e-06]",3.207581847297461e-06
OSA03_R00,applied_interval,185,1.5500000808387995,"[0.8, -0.14836834973550797]","[0.8, -0.14837066300153823]",0.0,-2.313266030257166e-06,True,"[""F_9"", ""F_9"", ""F_9"", ""F_9"", ""F_9""]","[""F_9"", ""F_9"", ""F_9"", ""F_9"", ""F_9""]","[-2.9146132227708677e-06, -1.2096144352824467e-06, 4.007123756366582e-06]",3.15565164750396e-06
OSA03_R00,applied_interval,186,1.5666667483747005,"[0.8, -0.14836834973550797]","[0.8, -0.14837066300153823]",0.0,-2.313266030257166e-06,True,"[""F_9"", ""F_9"", ""F_9"", ""F_9"", ""F_9""]","[""F_9"", ""F_9"", ""F_9"", ""F_9"", ""F_9""]","[-2.872267359066427e-06, -1.1774583725809862e-06, 3.968569320722537e-06]",3.104243547326706e-06
OSA03_R00,applied_interval,187,1.5833334159106016,"[0.6026173587260835, -0.19600187495203258]","[0.6026201155081907, -0.19600665031911282]",2.7567821072604914e-06,-4.775367080239734e-06,True,"[""F_9"", ""F_9"", ""F_9"", ""F_9"", ""F_9""]","[""F_9"", ""F_9"", ""F_9"", ""F_9"", ""F_9""]","[-2.8302522778744788e-06, -1.1457169897255426e-06, 3.930014885078492e-06]",3.053358049256496e-06
OSA03_R00,applied_interval,188,1.6000000834465027,"[0.6026173587260835, -0.19600187495203258]","[0.6026201155081907, -0.19600665031911282]",2.7567821072604914e-06,-4.775367080239734e-06,True,"[""F_9"", ""F_9"", ""F_9"", ""F_9"", ""F_9""]","[""F_9"", ""F_9"", ""F_9"", ""F_9"", ""F_9""]","[-2.771418724734076e-06, -1.158994024308413e-06, 3.850425429163806e-06]",3.0040021465021066e-06
OSA03_R00,applied_interval,189,1.6166667509824038,"[0.6026173587260835, -0.19600187495203258]","[0.6026201155081907, -0.19600665031911282]",2.7567821072604914e-06,-4.775367080239734e-06,True,"[""F_9"", ""F_9"", ""F_9"", ""F_9"", ""F_9""]","[""F_9"", ""F_9"", ""F_9"", ""F_9"", ""F_9""]","[-2.7132696196474626e-06, -1.172941111349246e-06, 3.7708359732491203e-06]",2.9559470359928797e-06
OSA03_R00,applied_interval,190,1.6333334185183048,"[0.6026173587260835, -0.19600187495203258]","[0.6026201155081907, -0.19600665031911282]",2.7567821072604914e-06,-4.775367080239734e-06,True,"[""F_9"", ""F_9"", ""F_9"", ""F_9"", ""F_9""]","[""F_9"", ""F_9"", ""F_9"", ""F_9"", ""F_9""]","[-2.6558087036221423e-06, -1.1875539129846402e-06, 3.6912465173344344e-06]",2.9092274174564375e-06
OSA03_R00,applied_interval,191,1.650000086054206,"[0.6026173587260835, -0.19600187495203258]","[0.6026201155081907, -0.19600665031911282]",2.7567821072604914e-06,-4.775367080239734e-06,True,"[""F_9"", ""F_9"", ""F_9"", ""F_9"", ""F_9""]","[""F_9"", ""F_9"", ""F_9"", ""F_9"", ""F_9""]","[-2.5990396999020504e-06, -1.2028280771403388e-06, 3.6116570614197485e-06]",2.863878968256875e-06
OSA03_R00,applied_interval,192,1.666666753590107,"[0.6026173587260835, -0.19600187495203258]","[0.6026201155081907, -0.19600665031911282]",2.7567821072604914e-06,-4.775367080239734e-06,True,"[""F_9"", ""F_9"", ""F_9"", ""F_9"", ""F_9""]","[""F_9"", ""F_9"", ""F_9"", ""F_9"", ""F_9""]","[-2.5429663068621267e-06, -1.2187592375312306e-06, 3.5320676055050626e-06]",2.8199382470018226e-06
OSA03_R00,applied_interval,193,1.683333421126008,"[0.40261736517304203, -0.21956713727789162]","[0.40262012195492297, -0.21957342636798824]",2.756781880941528e-06,-6.289090096617267e-06,True,"[""F_9"", ""F_9"", ""F_9"", ""F_9"", ""F_9""]","[""F_9"", ""F_9"", ""F_9"", ""F_9"", ""F_9""]","[-2.4875922051137422e-06, -1.2353430065559223e-06, 3.4524781495903767e-06]",2.7774425867674165e-06
OSA03_R00,applied_interval,194,1.700000088661909,"[0.40261736517304203, -0.21956713727789162]","[0.40262012195492297, -0.21957342636798824]",2.756781880941528e-06,-6.289090096617267e-06,True,"[""F_9"", ""F_9"", ""F_9"", ""F_9"", ""F_9""]","[""F_9"", ""F_9"", ""F_9"", ""F_9"", ""F_9""]","[-2.4422227937748175e-06, -1.2592848221970598e-06, 3.347659975450057e-06]",2.7477719042615523e-06
OSA03_R00,applied_interval,195,1.7166667561978102,"[0.40261736517304203, -0.21956713727789162]","[0.40262012195492297, -0.21957342636798824]",2.756781880941528e-06,-6.289090096617267e-06,True,"[""F_9"", ""F_9"", ""F_9"", ""F_9"", ""F_9""]","[""F_9"", ""F_9"", ""F_9"", ""F_9"", ""F_9""]","[-2.3975134801901277e-06, -1.283801569940124e-06, 3.242841801309737e-06]",2.7195987495720956e-06
OSA03_R00,applied_interval,196,1.7333334237337112,"[0.40261736517304203, -0.21956713727789162]","[0.40262012195492297, -0.21957342636798824]",2.756781880941528e-06,-6.289090096617267e-06,True,"[""F_9"", ""F_9"", ""F_9"", ""F_9"", ""F_9""]","[""F_9"", ""F_9"", ""F_9"", ""F_9"", ""F_9""]","[-2.353467856153202e-06, -1.3088887307333152e-06, 3.1380236271694173e-06]",2.692953891062195e-06
OSA03_R00,applied_interval,197,1.7500000912696123,"[0.40261736517304203, -0.21956713727789162]","[0.40262012195492297, -0.21957342636798824]",2.756781880941528e-06,-6.289090096617267e-06,True,"[""F_9"", ""F_9"", ""F_9"", ""F_9"", ""F_9""]","[""F_9"", ""F_9"", ""F_9"", ""F_9"", ""F_9""]","[-2.3100894885885737e-06, -1.3345417713139796e-06, 3.0332054530290975e-06]",2.6678671602366697e-06
OSA03_R00,applied_interval,198,1.7666667588055134,"[0.40261736517304203, -0.21956713727789162]","[0.40262012195492297, -0.21957342636798824]",2.756781880941528e-06,-6.289090096617267e-06,True,"[""F_9"", ""F_9"", ""F_9"", ""F_9"", ""F_9""]","[""F_9"", ""F_9"", ""F_9"", ""F_9"", ""F_9""]","[-2.2673819231044945e-06, -1.3607561371031807e-06, 2.9283872788887777e-06]",2.6443672305269942e-06
OSA03_R00,applied_interval,199,1.7833334263414145,"[0.2026173696429958, -0.21113057963767493]","[0.20262012642453936, -0.2111372754882112]",2.7567815435725063e-06,-6.6958505362813e-06,True,"[""F_9"", ""F_9"", ""F_9"", ""F_9"", ""F_9""]","[""F_9"", ""F_9"", ""F_9"", ""F_9"", ""F_9""]","[-2.22534868044022e-06, -1.387527255758414e-06, 2.823569104748458e-06]",2.6224813888776224e-06
OSA03_R00,applied_interval,200,1.8000000938773155,"[0.2026173696429958, -0.21113057963767493]","[0.20262012642453936, -0.2111372754882112]",2.7567815435725063e-06,-6.6958505362813e-06,True,"[""F_9"", ""F_9"", ""F_9"", ""F_9"", ""F_9""]","[""F_9"", ""F_9"", ""F_9"", ""F_9"", ""F_9""]","[-2.1916117383113942e-06, -1.4200885090076554e-06, 2.7119715899637242e-06]",2.6114772418920056e-06
OSA03_R00,applied_interval,201,1.8166667614132166,"[0.2026173696429958, -0.21113057963767493]","[0.20262012642453936, -0.2111372754882112]",2.7567815435725063e-06,-6.6958505362813e-06,True,"[""F_9"", ""F_9"", ""F_9"", ""F_9"", ""F_9""]","[""F_9"", ""F_9"", ""F_9"", ""F_9"", ""F_9""]","[-2.158300848265071e-06, -1.4529807366159275e-06, 2.6003740751789906e-06]",2.601810056979312e-06
OSA03_R00,applied_interval,202,1.8333334289491177,"[0.2026173696429958, -0.21113057963767493]","[0.20262012642453936, -0.2111372754882112]",2.7567815435725063e-06,-6.6958505362813e-06,True,"[""F_9"", ""F_9"", ""F_9"", ""F_9"", ""F_9""]","[""F_9"", ""F_9"", ""F_9"", ""F_9"", ""F_9""]","[-2.125417925213924e-06, -1.4862013379968175e-06, 2.488776560394257e-06]",2.5934910398696564e-06
OSA03_R00,applied_interval,203,1.8500000964850187,"[0.2026173696429958, -0.21113057963767493]","[0.20262012642453936, -0.2111372754882112]",2.7567815435725063e-06,-6.6958505362813e-06,True,"[""F_9"", ""F_9"", ""F_9"", ""F_9"", ""F_9""]","[""F_9"", ""F_9"", ""F_9"", ""F_9"", ""F_9""]","[-2.0929648592016292e-06, -1.5197477054584851e-06, 2.377179045609523e-06]",2.5865295262376625e-06
OSA03_R00,applied_interval,204,1.8666667640209198,"[0.2026173696429958, -0.21113057963767493]","[0.20262012642453936, -0.2111372754882112]",2.7567815435725063e-06,-6.6958505362813e-06,True,"[""F_9"", ""F_9"", ""F_9"", ""F_9"", ""F_9""]","[""F_9"", ""F_9"", ""F_9"", ""F_9"", ""F_9""]","[-2.060943533166437e-06, -1.5536172242036628e-06, 2.2655815308247895e-06]",2.5809329178114745e-06
OSA03_R00,applied_interval,205,1.8833334315568209,"[0.002617381140714218, -0.15843695243685893]","[0.002620137921680876, -0.15844263277909112]",2.756780966658122e-06,-5.680342232194935e-06,True,"[""F_9"", ""F_9"", ""F_9"", ""F_9"", ""F_9""]","[""F_9"", ""F_9"", ""F_9"", ""F_9"", ""F_9""]","[-2.029355812283029e-06, -1.5878072687769418e-06, 2.153984016040056e-06]",2.576706606431513e-06
OSA03_R00,applied_interval,206,1.900000099092722,"[0.002617381140714218, -0.15843695243685893]","[0.002620137921680876, -0.15844263277909112]",2.756780966658122e-06,-5.680342232194935e-06,True,"[""F_9"", ""F_9"", ""F_9"", ""F_9"", ""F_9""]","[""F_9"", ""F_9"", ""F_9"", ""F_9"", ""F_9""]","[-2.0040314332447906e-06, -1.626144591426737e-06, 2.0593116407674472e-06]",2.5807921686295465e-06
OSA03_R00,applied_interval,207,1.916666766628623,"[0.002617381140714218, -0.15843695243685893]","[0.002620137921680876, -0.15844263277909112]",2.756780966658122e-06,-5.680342232194935e-06,True,"[""F_9"", ""F_9"", ""F_9"", ""F_9"", ""F_9""]","[""F_9"", ""F_9"", ""F_9"", ""F_9"", ""F_9""]","[-1.978811834391081e-06, -1.6645509148816018e-06, 1.9646392654948386e-06]",2.585812449532907e-06
OSA03_R00,applied_interval,208,1.933333434164524,"[0.002617381140714218, -0.15843695243685893]","[0.002620137921680876, -0.15844263277909112]",2.756780966658122e-06,-5.680342232194935e-06,True,"[""F_9"", ""F_9"", ""F_9"", ""F_9"", ""F_9""]","[""F_9"", ""F_9"", ""F_9"", ""F_9"", ""F_9""]","[-1.953697207568439e-06, -1.7030259513717283e-06, 1.86996689022223e-06]",2.5917619817233017e-06
OSA03_R00,applied_interval,209,1.9500001017004251,"[0.002617381140714218, -0.15843695243685893]","[0.002620137921680876, -0.15844263277909112]",2.756780966658122e-06,-5.680342232194935e-06,True,"[""F_9"", ""F_9"", ""F_9"", ""F_9"", ""F_9""]","[""F_9"", ""F_9"", ""F_9"", ""F_9"", ""F_9""]","[-1.9286877375179756e-06, -1.7415694166800222e-06, 1.7752945149496213e-06]",2.598634337871991e-06
OSA03_R00,applied_interval,210,1.9666667692363262,"[0.002617381140714218, -0.15843695243685893]","[0.002620137921680876, -0.15844263277909112]",2.756780966658122e-06,-5.680342232194935e-06,True,"[""F_9"", ""F_9"", ""F_9"", ""F_9"", ""F_9""]","[""F_9"", ""F_9"", ""F_9"", ""F_9"", ""F_9""]","[-1.9037836125335161e-06, -1.7801810230366755e-06, 1.6806221396770127e-06]",2.606422168055488e-06
OSA03_R00,applied_interval,211,1.9833334367722273,"[0.0, -0.11651119506452122]","[0.0, -0.11651540877700423]",0.0,-4.21371248300606e-06,True,"[""F_9"", ""F_9"", ""F_9"", ""F_9"", ""F_9""]","[""F_9"", ""F_9"", ""F_9"", ""F_9"", ""F_9""]","[-1.878985013803458e-06, -1.8188604826718802e-06, 1.585949764404404e-06]",2.615117232080307e-06
OSA03_R00,applied_interval,212,2.0000001043081284,"[0.0, -0.11651119506452122]","[0.0, -0.11651540877700423]",0.0,-4.21371248300606e-06,True,"[""F_9"", ""F_9"", ""F_9"", ""F_9"", ""F_9""]","[""F_9"", ""F_9"", ""F_9"", ""F_9"", ""F_9""]","[-1.878985013803458e-06, -1.8188604826718802e-06, 1.5157212196470482e-06]",2.615117232080307e-06
OSA03_R00,applied_interval,213,2.0166667718440294,"[0.0, -0.11651119506452122]","[0.0, -0.11651540877700423]",0.0,-4.21371248300606e-06,True,"[""F_9"", ""F_9"", ""F_9"", ""F_9"", ""F_9""]","[""F_9"", ""F_9"", ""F_9"", ""F_9"", ""F_9""]","[-1.878985013803458e-06, -1.8188604826718802e-06, 1.4454926748896924e-06]",2.615117232080307e-06
OSA03_R00,applied_interval,214,2.0333334393799305,"[0.0, -0.11651119506452122]","[0.0, -0.11651540877700423]",0.0,-4.21371248300606e-06,True,"[""F_9"", ""F_9"", ""F_9"", ""F_9"", ""F_9""]","[""F_9"", ""F_9"", ""F_9"", ""F_9"", ""F_9""]","[-1.878985013803458e-06, -1.8188604826718802e-06, 1.3752641301323365e-06]",2.615117232080307e-06
OSA03_R00,applied_interval,215,2.0500001069158316,"[0.0, -0.11651119506452122]","[0.0, -0.11651540877700423]",0.0,-4.21371248300606e-06,True,"[""F_9"", ""F_9"", ""F_9"", ""F_9"", ""F_9""]","[""F_9"", ""F_9"", ""F_9"", ""F_9"", ""F_9""]","[-1.878985013803458e-06, -1.8188604826718802e-06, 1.3050355853749807e-06]",2.615117232080307e-06
OSA03_R00,applied_interval,216,2.0666667744517326,"[0.0, -0.11651119506452122]","[0.0, -0.11651540877700423]",0.0,-4.21371248300606e-06,True,"[""F_9"", ""F_9"", ""F_9"", ""F_9"", ""F_9""]","[""F_9"", ""F_9"", ""F_9"", ""F_9"", ""F_9""]","[-1.878985013803458e-06, -1.8188604826718802e-06, 1.2348070406176248e-06]",2.615117232080307e-06
OSA03_R00,applied_interval,217,2.0833334419876337,"[0.0, -0.08554715364891677]","[0.0, -0.08555024959880339]",0.0,-3.095949886622318e-06,True,"[""F_9"", ""F_9"", ""F_9"", ""F_9"", ""F_9""]","[""F_9"", ""F_9"", ""F_9"", ""F_9"", ""F_9""]","[-1.878985013803458e-06, -1.8188604826718802e-06, 1.164578495860269e-06]",2.615117232080307e-06
OSA03_R00,applied_interval,218,2.1000001095235348,"[0.0, -0.08554715364891677]","[0.0, -0.08555024959880339]",0.0,-3.095949886622318e-06,True,"[""F_9"", ""F_9"", ""F_9"", ""F_9"", ""F_9""]","[""F_9"", ""F_9"", ""F_9"", ""F_9"", ""F_9""]","[-1.878985013803458e-06, -1.8188604826718802e-06, 1.1129793282549372e-06]",2.615117232080307e-06
OSA03_R00,applied_interval,219,2.116666777059436,"[0.0, -0.08554715364891677]","[0.0, -0.08555024959880339]",0.0,-3.095949886622318e-06,True,"[""F_9"", ""F_9"", ""F_9"", ""F_9"", ""F_9""]","[""F_9"", ""F_9"", ""F_9"", ""F_9"", ""F_9""]","[-1.878985013803458e-06, -1.8188604826718802e-06, 1.0613801606496054e-06]",2.615117232080307e-06
OSA03_R00,applied_interval,220,2.133333444595337,"[0.0, -0.08554715364891677]","[0.0, -0.08555024959880339]",0.0,-3.095949886622318e-06,True,"[""F_9"", ""F_9"", ""F_9"", ""F_9"", ""F_9""]","[""F_9"", ""F_9"", ""F_9"", ""F_9"", ""F_9""]","[-1.878985013803458e-06, -1.8188604826718802e-06, 1.0097809930442736e-06]",2.615117232080307e-06
OSA03_R00,applied_interval,221,2.150000112131238,"[0.0, -0.08554715364891677]","[0.0, -0.08555024959880339]",0.0,-3.095949886622318e-06,True,"[""F_9"", ""F_9"", ""F_9"", ""F_9"", ""F_9""]","[""F_9"", ""F_9"", ""F_9"", ""F_9"", ""F_9""]","[-1.878985013803458e-06, -1.8188604826718802e-06, 9.581818254389418e-07]",2.615117232080307e-06
OSA03_R00,applied_interval,222,2.166666779667139,"[0.0, -0.08554715364891677]","[0.0, -0.08555024959880339]",0.0,-3.095949886622318e-06,True,"[""F_9"", ""F_9"", ""F_9"", ""F_9"", ""F_9""]","[""F_9"", ""F_9"", ""F_9"", ""F_9"", ""F_9""]","[-1.878985013803458e-06, -1.8188604826718802e-06, 9.0658265783361e-07]",2.615117232080307e-06
OSA03_R00,applied_interval,223,2.18333344720304,"[0.0, -0.0628045809554568]","[0.0, -0.06280685397013278]",0.0,-2.2730146759797343e-06,True,"[""F_9"", ""F_9"", ""F_9"", ""F_9"", ""F_9""]","[""F_9"", ""F_9"", ""F_9"", ""F_9"", ""F_9""]","[-1.878985013803458e-06, -1.8188604826718802e-06, 8.549834902282782e-07]",2.615117232080307e-06
OSA03_R00,applied_interval,224,2.200000114738941,"[0.0, -0.0628045809554568]","[0.0, -0.06280685397013278]",0.0,-2.2730146759797343e-06,True,"[""F_9"", ""F_9"", ""F_9"", ""F_9"", ""F_9""]","[""F_9"", ""F_9"", ""F_9"", ""F_9"", ""F_9""]","[-1.878985013803458e-06, -1.8188604826718802e-06, 8.170999099554876e-07]",2.615117232080307e-06
OSA03_R00,applied_interval,225,2.2166667822748423,"[0.0, -0.0628045809554568]","[0.0, -0.06280685397013278]",0.0,-2.2730146759797343e-06,True,"[""F_9"", ""F_9"", ""F_9"", ""F_9"", ""F_9""]","[""F_9"", ""F_9"", ""F_9"", ""F_9"", ""F_9""]","[-1.878985013803458e-06, -1.8188604826718802e-06, 7.79216329682697e-07]",2.615117232080307e-06
OSA03_R00,applied_interval,226,2.2333334498107433,"[0.0, -0.0628045809554568]","[0.0, -0.06280685397013278]",0.0,-2.2730146759797343e-06,True,"[""F_9"", ""F_9"", ""F_9"", ""F_9"", ""F_9""]","[""F_9"", ""F_9"", ""F_9"", ""F_9"", ""F_9""]","[-1.878985013803458e-06, -1.8188604826718802e-06, 7.413327494099065e-07]",2.615117232080307e-06
OSA03_R00,applied_interval,227,2.2500001173466444,"[0.0, -0.0628045809554568]","[0.0, -0.06280685397013278]",0.0,-2.2730146759797343e-06,True,"[""F_9"", ""F_9"", ""F_9"", ""F_9"", ""F_9""]","[""F_9"", ""F_9"", ""F_9"", ""F_9"", ""F_9""]","[-1.878985013803458e-06, -1.8188604826718802e-06, 7.034491691371159e-07]",2.615117232080307e-06
OSA03_R00,applied_interval,228,2.2666667848825455,"[0.0, -0.0628045809554568]","[0.0, -0.06280685397013278]",0.0,-2.2730146759797343e-06,True,"[""F_9"", ""F_9"", ""F_9"", ""F_9"", ""F_9""]","[""F_9"", ""F_9"", ""F_9"", ""F_9"", ""F_9""]","[-1.878985013803458e-06, -1.8188604826718802e-06, 6.655655888643253e-07]",2.615117232080307e-06
OSA03_R00,applied_interval,229,2.2833334524184465,"[0.0, -0.04610765526915498]","[0.0, -0.04610932399773]",0.0,-1.6687285750230374e-06,True,"[""F_9"", ""F_9"", ""F_9"", ""F_9"", ""F_9""]","[""F_9"", ""F_9"", ""F_9"", ""F_9"", ""F_9""]","[-1.878985013803458e-06, -1.8188604826718802e-06, 6.276820085915347e-07]",2.615117232080307e-06
OSA03_R00,applied_interval,230,2.3000001199543476,"[0.0, -0.04610765526915498]","[0.0, -0.04610932399773]",0.0,-1.6687285750230374e-06,True,"[""F_9"", ""F_9"", ""F_9"", ""F_9"", ""F_9""]","[""F_9"", ""F_9"", ""F_9"", ""F_9"", ""F_9""]","[-1.878985013803458e-06, -1.8188604826718802e-06, 5.998698640041766e-07]",2.615117232080307e-06
OSA03_R00,applied_interval,231,2.3166667874902487,"[0.0, -0.04610765526915498]","[0.0, -0.04610932399773]",0.0,-1.6687285750230374e-06,True,"[""F_9"", ""F_9"", ""F_9"", ""F_9"", ""F_9""]","[""F_9"", ""F_9"", ""F_9"", ""F_9"", ""F_9""]","[-1.878985013803458e-06, -1.8188604826718802e-06, 5.720577194168186e-07]",2.615117232080307e-06
OSA03_R00,applied_interval,232,2.3333334550261497,"[0.0, -0.04610765526915498]","[0.0, -0.04610932399773]",0.0,-1.6687285750230374e-06,True,"[""F_9"", ""F_9"", ""F_9"", ""F_9"", ""F_9""]","[""F_9"", ""F_9"", ""F_9"", ""F_9"", ""F_9""]","[-1.878985013803458e-06, -1.8188604826718802e-06, 5.442455748294606e-07]",2.615117232080307e-06
OSA03_R00,applied_interval,233,2.350000122562051,"[0.0, -0.04610765526915498]","[0.0, -0.04610932399773]",0.0,-1.6687285750230374e-06,True,"[""F_9"", ""F_9"", ""F_9"", ""F_9"", ""F_9""]","[""F_9"", ""F_9"", ""F_9"", ""F_9"", ""F_9""]","[-1.878985013803458e-06, -1.8188604826718802e-06, 5.164334302421025e-07]",2.615117232080307e-06
OSA03_R00,applied_interval,234,2.366666790097952,"[0.0, -0.04610765526915498]","[0.0, -0.04610932399773]",0.0,-1.6687285750230374e-06,True,"[""F_9"", ""F_9"", ""F_9"", ""F_9"", ""F_9""]","[""F_9"", ""F_9"", ""F_9"", ""F_9"", ""F_9""]","[-1.878985013803458e-06, -1.8188604826718802e-06, 4.886212856547445e-07]",2.615117232080307e-06
OSA03_R00,applied_interval,235,2.383333457633853,"[7.67026316339876e-09, -0.03384965179806148]","[7.670670675901438e-09, -0.03385087687973052]",4.0751250267865354e-13,-1.2250816690401178e-06,True,"[""F_9"", ""F_9"", ""F_9"", ""F_9"", ""F_9""]","[""F_9"", ""F_9"", ""F_9"", ""F_9"", ""F_9""]","[-1.878985013803458e-06, -1.8188604826718802e-06, 4.6080914106738646e-07]",2.615117232080307e-06
OSA03_R00,applied_interval,236,2.400000125169754,"[7.67026316339876e-09, -0.03384965179806148]","[7.670670675901438e-09, -0.03385087687973052]",4.0751250267865354e-13,-1.2250816690401178e-06,True,"[""F_9"", ""F_9"", ""F_9"", ""F_9"", ""F_9""]","[""F_9"", ""F_9"", ""F_9"", ""F_9"", ""F_9""]","[-1.8789850102507444e-06, -1.8188604897773075e-06, 4.4039111246618745e-07]",2.6151172344696016e-06
OSA03_R00,applied_interval,237,2.416666792705655,"[7.67026316339876e-09, -0.03384965179806148]","[7.670670675901438e-09, -0.03385087687973052]",4.0751250267865354e-13,-1.2250816690401178e-06,True,"[""F_9"", ""F_9"", ""F_9"", ""F_9"", ""F_9""]","[""F_9"", ""F_9"", ""F_9"", ""F_9"", ""F_9""]","[-1.8789850066980307e-06, -1.8188604933300212e-06, 4.1997308386498844e-07]",2.6151172343879206e-06
OSA03_R00,applied_interval,238,2.433333460241556,"[7.67026316339876e-09, -0.03384965179806148]","[7.670670675901438e-09, -0.03385087687973052]",4.0751250267865354e-13,-1.2250816690401178e-06,True,"[""F_9"", ""F_9"", ""F_9"", ""F_9"", ""F_9""]","[""F_9"", ""F_9"", ""F_9"", ""F_9"", ""F_9""]","[-1.878985003145317e-06, -1.8188605004354486e-06, 3.9955505526378943e-07]",2.615117236777215e-06
OSA03_R00,applied_interval,239,2.4500001277774572,"[7.67026316339876e-09, -0.03384965179806148]","[7.670670675901438e-09, -0.03385087687973052]",4.0751250267865354e-13,-1.2250816690401178e-06,True,"[""F_9"", ""F_9"", ""F_9"", ""F_9"", ""F_9""]","[""F_9"", ""F_9"", ""F_9"", ""F_9"", ""F_9""]","[-1.8789849995926033e-06, -1.818860507540876e-06, 3.791370266625904e-07]",2.61511723916651e-06
OSA03_R00,applied_interval,240,2.4666667953133583,"[7.67026316339876e-09, -0.03384965179806148]","[7.670670675901438e-09, -0.03385087687973052]",4.0751250267865354e-13,-1.2250816690401178e-06,True,"[""F_9"", ""F_9"", ""F_9"", ""F_9"", ""F_9""]","[""F_9"", ""F_9"", ""F_9"", ""F_9"", ""F_9""]","[-1.8789849960398897e-06, -1.8188605110935896e-06, 3.587189980613914e-07]",2.6151172390848288e-06
OSA03_R00,applied_interval,241,2.4833334628492594,"[7.262528902168372e-09, -0.02485052534892525]","[7.262859685530838e-09, -0.02485142473556287]",3.307833624659239e-13,-8.993866376198756e-07,True,"[""F_9"", ""F_9"", ""F_9"", ""F_9"", ""F_9""]","[""F_9"", ""F_9"", ""F_9"", ""F_9"", ""F_9""]","[-1.878984992487176e-06, -1.818860518199017e-06, 3.383009694601924e-07]",2.6151172414741237e-06
OSA03_R00,applied_interval,242,2.5000001303851604,"[7.262528902168372e-09, -0.02485052534892525]","[7.262859685530838e-09, -0.02485142473556287]",3.307833624659239e-13,-8.993866376198756e-07,True,"[""F_9"", ""F_9"", ""F_9"", ""F_9"", ""F_9""]","[""F_9"", ""F_9"", ""F_9"", ""F_9"", ""F_9""]","[-1.878984992487176e-06, -1.8188605217517306e-06, 3.233111915967868e-07]",2.615117243945099e-06
OSA03_R00,applied_interval,243,2.5166667979210615,"[7.262528902168372e-09, -0.02485052534892525]","[7.262859685530838e-09, -0.02485142473556287]",3.307833624659239e-13,-8.993866376198756e-07,True,"[""F_9"", ""F_9"", ""F_9"", ""F_9"", ""F_9""]","[""F_9"", ""F_9"", ""F_9"", ""F_9"", ""F_9""]","[-1.878984992487176e-06, -1.818860528857158e-06, 3.083214137333812e-07]",2.6151172488870502e-06
OSA03_R00,applied_interval,244,2.5333334654569626,"[7.262528902168372e-09, -0.02485052534892525]","[7.262859685530838e-09, -0.02485142473556287]",3.307833624659239e-13,-8.993866376198756e-07,True,"[""F_9"", ""F_9"", ""F_9"", ""F_9"", ""F_9""]","[""F_9"", ""F_9"", ""F_9"", ""F_9"", ""F_9""]","[-1.8789849889344623e-06, -1.8188605359625853e-06, 2.9333163586997557e-07]",2.6151172512763447e-06
OSA03_R00,applied_interval,245,2.5500001329928637,"[7.262528902168372e-09, -0.02485052534892525]","[7.262859685530838e-09, -0.02485142473556287]",3.307833624659239e-13,-8.993866376198756e-07,True,"[""F_9"", ""F_9"", ""F_9"", ""F_9"", ""F_9""]","[""F_9"", ""F_9"", ""F_9"", ""F_9"", ""F_9""]","[-1.8789849853817486e-06, -1.818860539515299e-06, 2.7834185800656996e-07]",2.615117251194664e-06
OSA03_R00,applied_interval,246,2.5666668005287647,"[7.262528902168372e-09, -0.02485052534892525]","[7.262859685530838e-09, -0.02485142473556287]",3.307833624659239e-13,-8.993866376198756e-07,True,"[""F_9"", ""F_9"", ""F_9"", ""F_9"", ""F_9""]","[""F_9"", ""F_9"", ""F_9"", ""F_9"", ""F_9""]","[-1.878984981829035e-06, -1.8188605430680127e-06, 2.6335208014316436e-07]",2.615117251112983e-06
OSA03_R00,applied_interval,247,2.583333468064666,"[6.976743157301765e-09, -0.01824386954633907]","[6.9770225722952405e-09, -0.018244529826077487]",2.794149934755123e-13,-6.602797384160086e-07,True,"[""F_9"", ""F_9"", ""F_9"", ""F_9"", ""F_9""]","[""F_9"", ""F_9"", ""F_9"", ""F_9"", ""F_9""]","[-1.8789849782763213e-06, -1.8188605466207264e-06, 2.4836230227975875e-07]",2.6151172510313023e-06
OSA03_R00,applied_interval,248,2.600000135600567,"[6.976743157301765e-09, -0.01824386954633907]","[6.9770225722952405e-09, -0.018244529826077487]",2.794149934755123e-13,-6.602797384160086e-07,True,"[""F_9"", ""F_9"", ""F_9"", ""F_9"", ""F_9""]","[""F_9"", ""F_9"", ""F_9"", ""F_9"", ""F_9""]","[-1.8789849747236076e-06, -1.81886055017344e-06, 2.3735763932108966e-07]",2.6151172509496216e-06
OSA03_R00,applied_interval,249,2.616666803136468,"[6.976743157301765e-09, -0.01824386954633907]","[6.9770225722952405e-09, -0.018244529826077487]",2.794149934755123e-13,-6.602797384160086e-07,True,"[""F_9"", ""F_9"", ""F_9"", ""F_9"", ""F_9""]","[""F_9"", ""F_9"", ""F_9"", ""F_9"", ""F_9""]","[-1.8789849747236076e-06, -1.8188605537261537e-06, 2.2635297636242058e-07]",2.6151172534205967e-06
OSA03_R00,applied_interval,250,2.633333470672369,"[6.976743157301765e-09, -0.01824386954633907]","[6.9770225722952405e-09, -0.018244529826077487]",2.794149934755123e-13,-6.602797384160086e-07,True,"[""F_9"", ""F_9"", ""F_9"", ""F_9"", ""F_9""]","[""F_9"", ""F_9"", ""F_9"", ""F_9"", ""F_9""]","[-1.878984971170894e-06, -1.818860560831581e-06, 2.153483134037515e-07]",2.6151172558098916e-06
OSA03_R00,applied_interval,251,2.65000013820827,"[6.976743157301765e-09, -0.01824386954633907]","[6.9770225722952405e-09, -0.018244529826077487]",2.794149934755123e-13,-6.602797384160086e-07,True,"[""F_9"", ""F_9"", ""F_9"", ""F_9"", ""F_9""]","[""F_9"", ""F_9"", ""F_9"", ""F_9"", ""F_9""]","[-1.878984971170894e-06, -1.8188605679370085e-06, 2.043436504450824e-07]",2.6151172607518426e-06
OSA03_R00,applied_interval,252,2.666666805744171,"[6.976743157301765e-09, -0.01824386954633907]","[6.9770225722952405e-09, -0.018244529826077487]",2.794149934755123e-13,-6.602797384160086e-07,True,"[""F_9"", ""F_9"", ""F_9"", ""F_9"", ""F_9""]","[""F_9"", ""F_9"", ""F_9"", ""F_9"", ""F_9""]","[-1.8789849676181802e-06, -1.8188605750424358e-06, 1.9333898748641332e-07]",2.6151172631411375e-06
OSA03_R00,applied_interval,253,2.683333473280072,"[6.773790475663724e-09, -0.013393631402474824]","[6.774034616918788e-09, -0.013394116143205077]",2.441412550640079e-13,-4.847407302534246e-07,True,"[""F_9"", ""F_9"", ""F_9"", ""F_9"", ""F_9""]","[""F_9"", ""F_9"", ""F_9"", ""F_9"", ""F_9""]","[-1.8789849640654666e-06, -1.8188605821478632e-06, 1.8233432452774423e-07]",2.6151172655304324e-06
OSA03_R00,applied_interval,254,2.7000001408159733,"[6.773790475663724e-09, -0.013393631402474824]","[6.774034616918788e-09, -0.013394116143205077]",2.441412550640079e-13,-4.847407302534246e-07,True,"[""F_9"", ""F_9"", ""F_9"", ""F_9"", ""F_9""]","[""F_9"", ""F_9"", ""F_9"", ""F_9"", ""F_9""]","[-1.8789849605127529e-06, -1.8188605857005768e-06, 1.7425531151360474e-07]",2.6151172654487517e-06
OSA03_R00,applied_interval,255,2.7166668083518744,"[6.773790475663724e-09, -0.013393631402474824]","[6.774034616918788e-09, -0.013394116143205077]",2.441412550640079e-13,-4.847407302534246e-07,True,"[""F_9"", ""F_9"", ""F_9"", ""F_9"", ""F_9""]","[""F_9"", ""F_9"", ""F_9"", ""F_9"", ""F_9""]","[-1.8789849569600392e-06, -1.8188605892532905e-06, 1.6617629849946525e-07]",2.615117265367071e-06
OSA03_R00,applied_interval,256,2.7333334758877754,"[6.773790475663724e-09, -0.013393631402474824]","[6.774034616918788e-09, -0.013394116143205077]",2.441412550640079e-13,-4.847407302534246e-07,True,"[""F_9"", ""F_9"", ""F_9"", ""F_9"", ""F_9""]","[""F_9"", ""F_9"", ""F_9"", ""F_9"", ""F_9""]","[-1.8789849569600392e-06, -1.8188605928060042e-06, 1.5809728548532576e-07]",2.6151172678380466e-06
OSA03_R00,applied_interval,257,2.7500001434236765,"[6.773790475663724e-09, -0.013393631402474824]","[6.774034616918788e-09, -0.013394116143205077]",2.441412550640079e-13,-4.847407302534246e-07,True,"[""F_9"", ""F_9"", ""F_9"", ""F_9"", ""F_9""]","[""F_9"", ""F_9"", ""F_9"", ""F_9"", ""F_9""]","[-1.8789849569600392e-06, -1.8188605963587179e-06, 1.5001827247118626e-07]",2.615117270309022e-06
OSA03_R00,applied_interval,258,2.7666668109595776,"[6.773790475663724e-09, -0.013393631402474824]","[6.774034616918788e-09, -0.013394116143205077]",2.441412550640079e-13,-4.847407302534246e-07,True,"[""F_9"", ""F_9"", ""F_9"", ""F_9"", ""F_9""]","[""F_9"", ""F_9"", ""F_9"", ""F_9"", ""F_9""]","[-1.8789849569600392e-06, -1.8188605999114316e-06, 1.4193925945704677e-07]",2.6151172727799976e-06
OSA03_R00,applied_interval,259,2.7833334784954786,"[6.628324137097268e-09, -0.009832857093492827]","[6.628543611314646e-09, -0.009833212963219115]",2.1947421737801825e-13,-3.558697262880106e-07,True,"[""F_9"", ""F_9"", ""F_9"", ""F_9"", ""F_9""]","[""F_9"", ""F_9"", ""F_9"", ""F_9"", ""F_9""]","[-1.8789849534073255e-06, -1.8188606034641452e-06, 1.3386024644290728e-07]",2.615117272698317e-06
OSA03_R00,applied_interval,260,2.8000001460313797,"[6.628324137097268e-09, -0.009832857093492827]","[6.628543611314646e-09, -0.009833212963219115]",2.1947421737801825e-13,-3.558697262880106e-07,True,"[""F_9"", ""F_9"", ""F_9"", ""F_9"", ""F_9""]","[""F_9"", ""F_9"", ""F_9"", ""F_9"", ""F_9""]","[-1.8789849534073255e-06, -1.818860607016859e-06, 1.2792908421488391e-07]",2.6151172751692925e-06
OSA03_R00,applied_interval,261,2.8166668135672808,"[6.628324137097268e-09, -0.009832857093492827]","[6.628543611314646e-09, -0.009833212963219115]",2.1947421737801825e-13,-3.558697262880106e-07,True,"[""F_9"", ""F_9"", ""F_9"", ""F_9"", ""F_9""]","[""F_9"", ""F_9"", ""F_9"", ""F_9"", ""F_9""]","[-1.8789849498546118e-06, -1.8188606105695726e-06, 1.2199792198686055e-07]",2.615117275087612e-06
OSA03_R00,applied_interval,262,2.833333481103182,"[6.628324137097268e-09, -0.009832857093492827]","[6.628543611314646e-09, -0.009833212963219115]",2.1947421737801825e-13,-3.558697262880106e-07,True,"[""F_9"", ""F_9"", ""F_9"", ""F_9"", ""F_9""]","[""F_9"", ""F_9"", ""F_9"", ""F_9"", ""F_9""]","[-1.8789849463018982e-06, -1.8188606141222863e-06, 1.1606675975883718e-07]",2.615117275005931e-06
OSA03_R00,applied_interval,263,2.850000148639083,"[6.628324137097268e-09, -0.009832857093492827]","[6.628543611314646e-09, -0.009833212963219115]",2.1947421737801825e-13,-3.558697262880106e-07,True,"[""F_9"", ""F_9"", ""F_9"", ""F_9"", ""F_9""]","[""F_9"", ""F_9"", ""F_9"", ""F_9"", ""F_9""]","[-1.8789849463018982e-06, -1.818860617675e-06, 1.1013559753081381e-07]",2.6151172774769067e-06
OSA03_R00,applied_interval,264,2.866666816174984,"[6.628324137097268e-09, -0.009832857093492827]","[6.628543611314646e-09, -0.009833212963219115]",2.1947421737801825e-13,-3.558697262880106e-07,True,"[""F_9"", ""F_9"", ""F_9"", ""F_9"", ""F_9""]","[""F_9"", ""F_9"", ""F_9"", ""F_9"", ""F_9""]","[-1.8789849427491845e-06, -1.8188606212277136e-06, 1.0420443530279044e-07]",2.615117277395226e-06
OSA03_R00,applied_interval,265,2.883333483710885,"[6.523371753063993e-09, -0.007218735209130706]","[6.523573749078377e-09, -0.007218996468924978]",2.0199601438394572e-13,-2.612597942716968e-07,True,"[""F_9"", ""F_9"", ""F_9"", ""F_9"", ""F_9""]","[""F_9"", ""F_9"", ""F_9"", ""F_9"", ""F_9""]","[-1.8789849427491845e-06, -1.8188606247804273e-06, 9.827327307476708e-08]",2.615117279866202e-06
OSA03_R00,applied_interval,266,2.900000151246786,"[6.523371753063993e-09, -0.007218735209130706]","[6.523573749078377e-09, -0.007218996468924978]",2.0199601438394572e-13,-2.612597942716968e-07,True,"[""F_9"", ""F_9"", ""F_9"", ""F_9"", ""F_9""]","[""F_9"", ""F_9"", ""F_9"", ""F_9"", ""F_9""]","[-1.8789849427491845e-06, -1.818860628333141e-06, 9.391894284505042e-08]",2.6151172823371775e-06
OSA03_R00,applied_interval,267,2.916666818782687,"[6.523371753063993e-09, -0.007218735209130706]","[6.523573749078377e-09, -0.007218996468924978]",2.0199601438394572e-13,-2.612597942716968e-07,True,"[""F_9"", ""F_9"", ""F_9"", ""F_9"", ""F_9""]","[""F_9"", ""F_9"", ""F_9"", ""F_9"", ""F_9""]","[-1.8789849427491845e-06, -1.8188606318858547e-06, 8.956461261533377e-08]",2.615117284808153e-06
OSA03_R00,applied_interval,268,2.9333334863185883,"[6.523371753063993e-09, -0.007218735209130706]","[6.523573749078377e-09, -0.007218996468924978]",2.0199601438394572e-13,-2.612597942716968e-07,True,"[""F_9"", ""F_9"", ""F_9"", ""F_9"", ""F_9""]","[""F_9"", ""F_9"", ""F_9"", ""F_9"", ""F_9""]","[-1.8789849391964708e-06, -1.8188606318858547e-06, 8.521028238561712e-08]",2.615117282255497e-06
OSA03_R00,applied_interval,269,2.9500001538544893,"[6.523371753063993e-09, -0.007218735209130706]","[6.523573749078377e-09, -0.007218996468924978]",2.0199601438394572e-13,-2.612597942716968e-07,True,"[""F_9"", ""F_9"", ""F_9"", ""F_9"", ""F_9""]","[""F_9"", ""F_9"", ""F_9"", ""F_9"", ""F_9""]","[-1.8789849356437571e-06, -1.8188606354385684e-06, 8.085595215590047e-08]",2.615117282173816e-06
OSA03_R00,applied_interval,270,2.9666668213903904,"[6.523371753063993e-09, -0.007218735209130706]","[6.523573749078377e-09, -0.007218996468924978]",2.0199601438394572e-13,-2.612597942716968e-07,True,"[""F_9"", ""F_9"", ""F_9"", ""F_9"", ""F_9""]","[""F_9"", ""F_9"", ""F_9"", ""F_9"", ""F_9""]","[-1.8789849320910434e-06, -1.818860638991282e-06, 7.650162192618382e-08]",2.6151172820921356e-06
OSA03_R00,applied_interval,271,2.9833334889262915,"[6.447290172390552e-09, -0.00529959273371589]","[6.447479665122903e-09, -0.005299784536148478]",1.8949273235062923e-13,-1.91802432588338e-07,True,"[""F_9"", ""F_9"", ""F_9"", ""F_9"", ""F_9""]","[""F_9"", ""F_9"", ""F_9"", ""F_9"", ""F_9""]","[-1.8789849320910434e-06, -1.8188606425439957e-06, 7.214729169646716e-08]",2.615117284563111e-06
episode_001_repeat_01/handoff_013,submit_result,1002,0.08333333767950535,"[0.5999999917084545, -0.8967069813342794]","[0.599999991716704, -0.8966388169504756]",8.249512184477226e-12,6.816438380374823e-05,True,"[""bridge_1"", ""E*"", ""F_3"", ""F_4"", ""F_5""]","[""bridge_1"", ""E*"", ""F_3"", ""F_4"", ""F_5""]","[0.0, 0.0, 0.0]",0.0
episode_001_repeat_01/handoff_013,submit_result,1008,0.18333334289491177,"[0.3999999833337352, -0.5534149805242692]","[0.3999999833494032, -0.5533609224584032]",1.566796692387129e-11,5.4058065866002813e-05,True,"[""bridge_1"", ""E*"", ""F_3"", ""F_4"", ""F_5""]","[""bridge_1"", ""E*"", ""F_3"", ""F_4"", ""F_5""]","[1.4194680986179264e-07, 3.3834108847941025e-09, 5.680365613436322e-06]",1.419871272304474e-07
episode_001_repeat_01/handoff_013,submit_result,1014,0.2833333481103182,"[0.5999999930462093, -0.8795931654117082]","[0.5999999930619212, -0.8796382398178015]",1.5711876244495215e-11,-4.507440609335944e-05,True,"[""F_4"", ""F_5"", ""F_6"", ""F_7"", ""F_8""]","[""F_4"", ""F_5"", ""F_6"", ""F_7"", ""F_8""]","[5.064430368406647e-07, -9.55021839388337e-09, 1.132127779346348e-05]",5.065330751646587e-07
episode_001_repeat_01/handoff_013,submit_result,1020,0.3833333533257246,"[0.8, -0.5447615053266381]","[0.8, -0.5447995469817398]",0.0,-3.804165510168378e-05,True,"[""F_5"", ""F_6"", ""F_7"", ""F_8"", ""F_9""]","[""F_5"", ""F_6"", ""F_7"", ""F_8"", ""F_9""]","[1.0989480934142648e-06, -6.938989649540872e-08, 8.466044901123126e-06]",1.1011366262887142e-06
episode_001_repeat_01/handoff_013,submit_result,1026,0.483333358541131,"[0.8, -0.31899949490798424]","[0.8, -0.31902308096792054]",0.0,-2.358605993629803e-05,True,"[""F_5"", ""F_6"", ""F_7"", ""F_8"", ""F_9""]","[""F_5"", ""F_6"", ""F_7"", ""F_8"", ""F_9""]","[1.5809291191715147e-06, -1.548076085100547e-07, 4.544666670547315e-06]",1.5884905651268513e-06
episode_001_repeat_01/handoff_013,submit_result,1032,0.5833333637565374,"[0.8, -0.13861978319319007]","[0.8, -0.1386341850848034]",0.0,-1.4401891613335938e-05,True,"[""F_6"", ""F_7"", ""F_8"", ""F_9"", ""F_9""]","[""F_6"", ""F_7"", ""F_8"", ""F_9"", ""F_9""]","[1.8263102852245083e-06, -2.1017218543306626e-07, 1.9451339561271652e-06]",1.8383638392457942e-06
episode_001_repeat_01/handoff_013,submit_result,1038,0.6833333689719439,"[0.8, -0.07443665500753163]","[0.8, -0.07444527817048988]",0.0,-8.623162958243391e-06,True,"[""F_6"", ""F_7"", ""F_8"", ""F_9"", ""F_9""]","[""F_6"", ""F_7"", ""F_8"", ""F_9"", ""F_9""]","[1.910426426832146e-06, -2.3149748074047238e-07, 3.518752391684643e-07]",1.9244012616727898e-06
episode_001_repeat_01/handoff_013,submit_result,1044,0.7833333741873503,"[0.8, -0.0066033171992397185]","[0.8, -0.006608361197911507]",0.0,-5.043998671788209e-06,True,"[""F_7"", ""F_8"", ""F_9"", ""F_9"", ""F_9""]","[""F_7"", ""F_8"", ""F_9"", ""F_9"", ""F_9""]","[1.8974906801361158e-06, -2.2797951615416423e-07, -6.067532511977447e-07]",1.9111372376125442e-06
episode_001_repeat_01/handoff_013,submit_result,1050,0.8833333794027567,"[0.8, 0.007538248477097404]","[0.8, 0.007535231915854572]",0.0,-3.016561242832373e-06,True,"[""F_7"", ""F_8"", ""F_9"", ""F_9"", ""F_9""]","[""F_7"", ""F_8"", ""F_9"", ""F_9"", ""F_9""]","[1.8269933335091082e-06, -2.0868216488167945e-07, -1.170805886019366e-06]",1.8388727217038235e-06
episode_001_repeat_01/handoff_013,submit_result,1056,0.9833333846181631,"[0.8, 0.04470681759648108]","[0.8, 0.044705088740204076]",0.0,-1.7288562770070848e-06,True,"[""F_8"", ""F_9"", ""F_9"", ""F_9"", ""F_9""]","[""F_8"", ""F_9"", ""F_9"", ""F_9"", ""F_9""]","[1.7226296513683792e-06, -1.8009292901410845e-07, -1.506252651939377e-06]",1.732018007658819e-06
episode_001_repeat_01/handoff_013,submit_result,1062,1.0833333898335695,"[0.7999999972195742, 0.08818365063722051]","[0.7999999972196511, 0.08818321828854005]",7.693845560652335e-14,-4.323486804680421e-07,True,"[""F_8"", ""F_9"", ""F_9"", ""F_9"", ""F_9""]","[""F_8"", ""F_9"", ""F_9"", ""F_9"", ""F_9""]","[1.5981540144593964e-06, -1.4626861677413672e-07, -1.7006000403441135e-06]",1.604833562144593e-06
episode_001_repeat_01/handoff_013,submit_result,1068,1.183333395048976,"[0.7607376205244144, 0.16040055866072514]","[0.7607385927499516, 0.16040176002658887]",9.722255371880095e-07,1.2013658637344271e-06,True,"[""F_9"", ""F_9"", ""F_9"", ""F_9"", ""F_9""]","[""F_9"", ""F_9"", ""F_9"", ""F_9"", ""F_9""]","[1.4634554972303704e-06, -1.1051996473554482e-07, -1.765443371937181e-06]",1.4676227904263877e-06
episode_001_repeat_01/handoff_013,submit_result,1074,1.2833334002643824,"[0.5607376222096022, 0.20034640744631732]","[0.5607385944350896, 0.20034869361810184]",9.722254873389957e-07,2.2861717845212848e-06,True,"[""F_9"", ""F_9"", ""F_9"", ""F_9"", ""F_9""]","[""F_9"", ""F_9"", ""F_9"", ""F_9"", ""F_9""]","[1.3149351154595479e-06, -1.5644574347106754e-07, -1.6725353564339684e-06]",1.3242090577091026e-06
episode_001_repeat_01/handoff_013,submit_result,1080,1.3833334054797888,"[0.36073761553950684, 0.21481569373116016]","[0.36073858776497647, 0.21481858773721185]",9.722254696309385e-07,2.894006051690212e-06,True,"[""F_9"", ""F_9"", ""F_9"", ""F_9"", ""F_9""]","[""F_9"", ""F_9"", ""F_9"", ""F_9"", ""F_9""]","[1.2013499635088465e-06, -2.295524872408805e-07, -1.4619982655617036e-06]",1.2230846574220368e-06
episode_001_repeat_01/handoff_013,submit_result,1086,1.4833334106951952,"[0.16073761904118497, 0.19645735348651586]","[0.1607385912665717, 0.19646031886239726]",9.722253867250341e-07,2.9653758814029985e-06,True,"[""F_9"", ""F_9"", ""F_9"", ""F_9"", ""F_9""]","[""F_9"", ""F_9"", ""F_9"", ""F_9"", ""F_9""]","[1.1295587256654471e-06, -3.1357335039672307e-07, -1.1827282162535369e-06]",1.1722760599815963e-06
episode_001_repeat_01/handoff_013,submit_result,1092,1.5833334159106016,"[3.2064518202726657e-09, 0.14643375874226955]","[3.206289507042047e-09, 0.14643598361153526]",-1.6231323061869155e-13,2.2248692657100833e-06,True,"[""F_9"", ""F_9"", ""F_9"", ""F_9"", ""F_9""]","[""F_9"", ""F_9"", ""F_9"", ""F_9"", ""F_9""]","[1.0911095174037655e-06, -4.051502582314015e-07, -8.87380110725644e-07]",1.1639015038713754e-06
episode_001_repeat_01/handoff_013,submit_result,1098,1.683333421126008,"[1.8994708332262245e-09, 0.10762904899879586]","[1.8993623133199743e-09, 0.1076306850976032]",-1.085199062501787e-13,1.6360988073366167e-06,True,"[""F_9"", ""F_9"", ""F_9"", ""F_9"", ""F_9""]","[""F_9"", ""F_9"", ""F_9"", ""F_9"", ""F_9""]","[1.0859650743100246e-06, -4.206884529622812e-07, -6.525513951416428e-07]",1.1646024716945156e-06
episode_001_repeat_01/handoff_013,submit_result,1104,1.7833334263414145,"[1.3994663555421535e-09, 0.07902238942755993]","[1.3993558704601734e-09, 0.07902359071505792]",-1.1048508198011498e-13,1.201287497989978e-06,True,"[""F_9"", ""F_9"", ""F_9"", ""F_9"", ""F_9""]","[""F_9"", ""F_9"", ""F_9"", ""F_9"", ""F_9""]","[1.0859650743100246e-06, -4.206884405277833e-07, -4.791286638550218e-07]",1.1646024672028114e-06
episode_001_repeat_01/handoff_013,submit_result,1110,1.8833334315568209,"[1.0764566482207775e-09, 0.0580142362195612]","[1.0763419731243053e-09, 0.05801511814664842]",-1.1467509647216604e-13,8.819270872206797e-07,True,"[""F_9"", ""F_9"", ""F_9"", ""F_9"", ""F_9""]","[""F_9"", ""F_9"", ""F_9"", ""F_9"", ""F_9""]","[1.0859650743100246e-06, -4.206884298696423e-07, -3.5175305246326616e-07]",1.1646024633527795e-06
episode_001_repeat_01/handoff_013,submit_result,1116,1.9833334367722273,"[8.517587435754784e-10, 0.04259083860391523]","[8.516414562615842e-10, 0.04259148606608379]",-1.172873138942463e-13,6.474621685598203e-07,True,"[""F_9"", ""F_9"", ""F_9"", ""F_9"", ""F_9""]","[""F_9"", ""F_9"", ""F_9"", ""F_9"", ""F_9""]","[1.0859650743100246e-06, -4.2068841921150124e-07, -2.5823766502952594e-07]",1.1646024595027477e-06
episode_001_repeat_01/handoff_013,submit_result,1122,2.0833334419876337,"[6.930435981044848e-10, 0.03126781875098208]","[6.929246133941625e-10, 0.03126829408161332]",-1.189847103223035e-13,4.753306312443861e-07,True,"[""F_9"", ""F_9"", ""F_9"", ""F_9"", ""F_9""]","[""F_9"", ""F_9"", ""F_9"", ""F_9"", ""F_9""]","[1.0859650778627383e-06, -4.2068840677700337e-07, -1.8958369629729077e-07]",1.164602458323868e-06
episode_001_repeat_01/handoff_013,submit_result,1128,2.18333344720304,"[5.797224785621471e-10, 0.022955088075209344]","[5.796023561391929e-10, 0.02295543703644221]",-1.2012242295419886e-13,3.4896123286484726e-07,True,"[""F_9"", ""F_9"", ""F_9"", ""F_9"", ""F_9""]","[""F_9"", ""F_9"", ""F_9"", ""F_9"", ""F_9""]","[1.0859650778627383e-06, -4.206883943425055e-07, -1.3918177144134347e-07]",1.1646024538321645e-06
episode_001_repeat_01/handoff_013,submit_result,1134,2.2833334524184465,"[4.981900541624993e-10, 0.016852344933852098]","[4.980691511952961e-10, 0.016852601121721968]",-1.2090296720322549e-13,2.5618786986952857e-07,True,"[""F_9"", ""F_9"", ""F_9"", ""F_9"", ""F_9""]","[""F_9"", ""F_9"", ""F_9"", ""F_9"", ""F_9""]","[1.0859650778627383e-06, -4.206883801316508e-07, -1.02179489758214e-07]",1.164602448698789e-06
episode_001_repeat_01/handoff_013,submit_result,1140,2.383333457633853,"[4.392054451224286e-10, 0.012372051405790245]","[4.3908399722928423e-10, 0.012372239484631689]",-1.2144789314434733e-13,1.8807884144371456e-07,True,"[""F_9"", ""F_9"", ""F_9"", ""F_9"", ""F_9""]","[""F_9"", ""F_9"", ""F_9"", ""F_9"", ""F_9""]","[1.085965081415452e-06, -4.206883676971529e-07, -7.501447907287684e-08]",1.1646024475199098e-06
episode_001_repeat_01/handoff_013,submit_result,1146,2.4833334628492594,"[3.9636314057831835e-10, 0.009082869866523]","[3.96241307259772e-10, 0.009083007943516588]",-1.2183331854633645e-13,1.3807699358880932e-07,True,"[""F_9"", ""F_9"", ""F_9"", ""F_9"", ""F_9""]","[""F_9"", ""F_9"", ""F_9"", ""F_9"", ""F_9""]","[1.085965081415452e-06, -4.20688355262655e-07, -5.5071443405552145e-08]",1.1646024430282065e-06
episode_001_repeat_01/handoff_013,submit_result,1152,2.583333468064666,"[3.65155625704876e-10, 0.006668136294000186]","[3.6503351710400996e-10, 0.006668237662425359]",-1.2210860086606231e-13,1.013684251729291e-07,True,"[""F_9"", ""F_9"", ""F_9"", ""F_9"", ""F_9""]","[""F_9"", ""F_9"", ""F_9"", ""F_9"", ""F_9""]","[1.085965081415452e-06, -4.20688344604514e-07, -4.043037904466473e-08]",1.1646024391781754e-06
episode_001_repeat_01/handoff_013,submit_result,1158,2.683333473280072,"[3.4237544913233924e-10, 0.004895373630585808]","[3.422531425053345e-10, 0.00489544804962745]",-1.22306627004735e-13,7.441904164174479e-08,True,"[""F_9"", ""F_9"", ""F_9"", ""F_9"", ""F_9""]","[""F_9"", ""F_9"", ""F_9"", ""F_9"", ""F_9""]","[1.085965081415452e-06, -4.2068833394637295e-07, -2.968172641004685e-08]",1.1646024353281442e-06
episode_001_repeat_01/handoff_013,submit_result,1164,2.7833334784954786,"[3.25721392070633e-10, 0.0035939101911138718]","[3.255989422230624e-10, 0.0035939648254224897]",-1.224498475706215e-13,5.4634308617983185e-08,True,"[""F_9"", ""F_9"", ""F_9"", ""F_9"", ""F_9""]","[""F_9"", ""F_9"", ""F_9"", ""F_9"", ""F_9""]","[1.085965081415452e-06, -4.206883232882319e-07, -2.17906652721922e-08]",1.1646024314781131e-06
episode_001_repeat_01/handoff_013,submit_result,1170,2.883333483710885,"[3.13532364405626e-10, 0.0026384483466143894]","[3.134098105669734e-10, 0.0026384884560760025]",-1.2255383865258885e-13,4.010946161314699e-08,True,"[""F_9"", ""F_9"", ""F_9"", ""F_9"", ""F_9""]","[""F_9"", ""F_9"", ""F_9"", ""F_9"", ""F_9""]","[1.0859650885208794e-06, -4.206883126300909e-07, -1.5997488667096604e-08]",1.1646024342537304e-06
episode_001_repeat_01/handoff_013,submit_result,1176,2.9833334889262915,"[3.0460396222656034e-10, 0.0019370015686296193]","[3.044813326614682e-10, 0.0019370310147589541]",-1.2262956509213928e-13,2.9446129334777943e-08,True,"[""F_9"", ""F_9"", ""F_9"", ""F_9"", ""F_9""]","[""F_9"", ""F_9"", ""F_9"", ""F_9"", ""F_9""]","[1.0859650885208794e-06, -4.2068830197194984e-07, -1.17444618474849e-08]",1.1646024304036995e-06
episode_001_repeat_01/handoff_013,applied_interval,997,0.0,"[0.8, -0.502828799950449]","[0.8, -0.502828799950449]",0.0,0.0,False,"[""COMMON_B_COMMAND""]","[""COMMON_B_COMMAND""]","[0.0, 0.0, 0.0]",0.0
episode_001_repeat_01/handoff_013,applied_interval,998,0.01666666753590107,"[0.8, -0.502828799950449]","[0.8, -0.502828799950449]",0.0,0.0,False,"[""COMMON_B_COMMAND""]","[""COMMON_B_COMMAND""]","[0.0, 0.0, 0.0]",0.0
episode_001_repeat_01/handoff_013,applied_interval,999,0.03333333507180214,"[0.8, -0.502828799950449]","[0.8, -0.502828799950449]",0.0,0.0,False,"[""COMMON_B_COMMAND""]","[""COMMON_B_COMMAND""]","[0.0, 0.0, 0.0]",0.0
episode_001_repeat_01/handoff_013,applied_interval,1000,0.05000000260770321,"[0.8, -0.502828799950449]","[0.8, -0.502828799950449]",0.0,0.0,False,"[""COMMON_B_COMMAND""]","[""COMMON_B_COMMAND""]","[0.0, 0.0, 0.0]",0.0
episode_001_repeat_01/handoff_013,applied_interval,1001,0.06666667014360428,"[0.8, -0.502828799950449]","[0.8, -0.502828799950449]",0.0,0.0,False,"[""COMMON_B_COMMAND""]","[""COMMON_B_COMMAND""]","[0.0, 0.0, 0.0]",0.0
episode_001_repeat_01/handoff_013,applied_interval,1002,0.08333333767950535,"[0.8, -0.502828799950449]","[0.8, -0.502828799950449]",0.0,0.0,False,"[""COMMON_B_COMMAND""]","[""COMMON_B_COMMAND""]","[0.0, 0.0, 0.0]",0.0
episode_001_repeat_01/handoff_013,applied_interval,1003,0.10000000521540642,"[0.5999999917084545, -0.8967069813342794]","[0.599999991716704, -0.8966388169504756]",8.249512184477226e-12,6.816438380374823e-05,True,"[""bridge_1"", ""E*"", ""F_3"", ""F_4"", ""F_5""]","[""bridge_1"", ""E*"", ""F_3"", ""F_4"", ""F_5""]","[0.0, 0.0, 0.0]",0.0
episode_001_repeat_01/handoff_013,applied_interval,1004,0.11666667275130749,"[0.5999999917084545, -0.8967069813342794]","[0.599999991716704, -0.8966388169504756]",8.249512184477226e-12,6.816438380374823e-05,True,"[""bridge_1"", ""E*"", ""F_3"", ""F_4"", ""F_5""]","[""bridge_1"", ""E*"", ""F_3"", ""F_4"", ""F_5""]","[5.668820080018122e-09, 3.6139269354862336e-10, 1.1360731226872645e-06]",5.680327963997061e-09
episode_001_repeat_01/handoff_013,applied_interval,1005,0.13333334028720856,"[0.5999999917084545, -0.8967069813342794]","[0.599999991716704, -0.8966388169504756]",8.249512184477226e-12,6.816438380374823e-05,True,"[""bridge_1"", ""E*"", ""F_3"", ""F_4"", ""F_5""]","[""bridge_1"", ""E*"", ""F_3"", ""F_4"", ""F_5""]","[2.268813048544871e-08, 1.2198348997571884e-09, 2.272146245374529e-06]",2.2720899236328935e-08
episode_001_repeat_01/handoff_013,applied_interval,1006,0.15000000782310963,"[0.5999999917084545, -0.8967069813342794]","[0.599999991716704, -0.8966388169504756]",8.249512184477226e-12,6.816438380374823e-05,True,"[""bridge_1"", ""E*"", ""F_3"", ""F_4"", ""F_5""]","[""bridge_1"", ""E*"", ""F_3"", ""F_4"", ""F_5""]","[5.107151324068582e-08, 2.236037133229729e-09, 3.4082193680617934e-06]",5.112043942255122e-08
episode_001_repeat_01/handoff_013,applied_interval,1007,0.1666666753590107,"[0.5999999917084545, -0.8967069813342794]","[0.599999991716704, -0.8966388169504756]",8.249512184477226e-12,6.816438380374823e-05,True,"[""bridge_1"", ""E*"", ""F_3"", ""F_4"", ""F_5""]","[""bridge_1"", ""E*"", ""F_3"", ""F_4"", ""F_5""]","[9.082495111556455e-08, 3.070447007758048e-09, 4.544292490749058e-06]",9.087683637744075e-08
episode_001_repeat_01/handoff_013,applied_interval,1008,0.18333334289491177,"[0.5999999917084545, -0.8967069813342794]","[0.599999991716704, -0.8966388169504756]",8.249512184477226e-12,6.816438380374823e-05,True,"[""bridge_1"", ""E*"", ""F_3"", ""F_4"", ""F_5""]","[""bridge_1"", ""E*"", ""F_3"", ""F_4"", ""F_5""]","[1.4194680986179264e-07, 3.3834108847941025e-09, 5.680365613436322e-06]",1.419871272304474e-07
episode_001_repeat_01/handoff_013,applied_interval,1009,0.20000001043081284,"[0.3999999833337352, -0.5534149805242692]","[0.3999999833494032, -0.5533609224584032]",1.566796692387129e-11,5.4058065866002813e-05,True,"[""bridge_1"", ""E*"", ""F_3"", ""F_4"", ""F_5""]","[""bridge_1"", ""E*"", ""F_3"", ""F_4"", ""F_5""]","[2.0442784887109156e-07, 2.835319534710834e-09, 6.816438736123587e-06]",2.04447510209652e-07
episode_001_repeat_01/handoff_013,applied_interval,1010,0.2166666779667139,"[0.3999999833337352, -0.5534149805242692]","[0.3999999833494032, -0.5533609224584032]",1.566796692387129e-11,5.4058065866002813e-05,True,"[""bridge_1"", ""E*"", ""F_3"", ""F_4"", ""F_5""]","[""bridge_1"", ""E*"", ""F_3"", ""F_4"", ""F_5""]","[2.5286342264507766e-07, 1.831214291314609e-09, 7.717406547591565e-06]",2.5287005330320137e-07
episode_001_repeat_01/handoff_013,applied_interval,1011,0.23333334550261497,"[0.3999999833337352, -0.5534149805242692]","[0.3999999833494032, -0.5533609224584032]",1.566796692387129e-11,5.4058065866002813e-05,True,"[""bridge_1"", ""E*"", ""F_3"", ""F_4"", ""F_5""]","[""bridge_1"", ""E*"", ""F_3"", ""F_4"", ""F_5""]","[3.0729142963537015e-07, 2.0116353027788136e-10, 8.618374359059544e-06]",3.0729149547964317e-07
episode_001_repeat_01/handoff_013,applied_interval,1012,0.25000001303851604,"[0.3999999833337352, -0.5534149805242692]","[0.3999999833494032, -0.5533609224584032]",1.566796692387129e-11,5.4058065866002813e-05,True,"[""bridge_1"", ""E*"", ""F_3"", ""F_4"", ""F_5""]","[""bridge_1"", ""E*"", ""F_3"", ""F_4"", ""F_5""]","[3.677039330796106e-07, -2.1654376070046055e-09, 9.519342170527523e-06]",3.6771030924118047e-07
episode_001_repeat_01/handoff_013,applied_interval,1013,0.2666666805744171,"[0.3999999833337352, -0.5534149805242692]","[0.3999999833494032, -0.5533609224584032]",1.566796692387129e-11,5.4058065866002813e-05,True,"[""bridge_1"", ""E*"", ""F_3"", ""F_4"", ""F_5""]","[""bridge_1"", ""E*"", ""F_3"", ""F_4"", ""F_5""]","[4.340914685485586e-07, -5.3791016085824594e-09, 1.0420309981995501e-05]",4.341247951923038e-07
episode_001_repeat_01/handoff_013,applied_interval,1014,0.2833333481103182,"[0.3999999833337352, -0.5534149805242692]","[0.3999999833494032, -0.5533609224584032]",1.566796692387129e-11,5.4058065866002813e-05,True,"[""bridge_1"", ""E*"", ""F_3"", ""F_4"", ""F_5""]","[""bridge_1"", ""E*"", ""F_3"", ""F_4"", ""F_5""]","[5.064430368406647e-07, -9.55021839388337e-09, 1.132127779346348e-05]",5.065330751646587e-07
episode_001_repeat_01/handoff_013,applied_interval,1015,0.30000001564621925,"[0.5999999930462093, -0.8795931654117082]","[0.5999999930619212, -0.8796382398178015]",1.5711876244495215e-11,-4.507440609335944e-05,True,"[""F_4"", ""F_5"", ""F_6"", ""F_7"", ""F_8""]","[""F_4"", ""F_5"", ""F_6"", ""F_7"", ""F_8""]","[5.847461181929248e-07, -1.478904465557207e-08, 1.2222245604931459e-05]",5.849331060758302e-07
episode_001_repeat_01/handoff_013,applied_interval,1016,0.3166666831821203,"[0.5999999930462093, -0.8795931654117082]","[0.5999999930619212, -0.8796382398178015]",1.5711876244495215e-11,-4.507440609335944e-05,True,"[""F_4"", ""F_5"", ""F_6"", ""F_7"", ""F_8""]","[""F_4"", ""F_5"", ""F_6"", ""F_7"", ""F_8""]","[7.028454866997436e-07, -2.4091910688639473e-08, 1.1471005464169792e-05]",7.03258272852036e-07
episode_001_repeat_01/handoff_013,applied_interval,1017,0.3333333507180214,"[0.5999999930462093, -0.8795931654117082]","[0.5999999930619212, -0.8796382398178015]",1.5711876244495215e-11,-4.507440609335944e-05,True,"[""F_4"", ""F_5"", ""F_6"", ""F_7"", ""F_8""]","[""F_4"", ""F_5"", ""F_6"", ""F_7"", ""F_8""]","[8.133161522039245e-07, -3.442486296023617e-08, 1.0719765323408126e-05]",8.14044368953946e-07
episode_001_repeat_01/handoff_013,applied_interval,1018,0.35000001825392246,"[0.5999999930462093, -0.8795931654117082]","[0.5999999930619212, -0.8796382398178015]",1.5711876244495215e-11,-4.507440609335944e-05,True,"[""F_4"", ""F_5"", ""F_6"", ""F_7"", ""F_8""]","[""F_4"", ""F_5"", ""F_6"", ""F_7"", ""F_8""]","[9.161549066050156e-07, -4.556638266706159e-08, 9.96852518264646e-06]",9.172873639845946e-07
episode_001_repeat_01/handoff_013,applied_interval,1019,0.36666668578982353,"[0.5999999930462093, -0.8795931654117082]","[0.5999999930619212, -0.8796382398178015]",1.5711876244495215e-11,-4.507440609335944e-05,True,"[""F_4"", ""F_5"", ""F_6"", ""F_7"", ""F_8""]","[""F_4"", ""F_5"", ""F_6"", ""F_7"", ""F_8""]","[1.0113633912567366e-06, -5.7295101996146514e-08, 9.217285041884793e-06]",1.0129850136537439e-06
episode_001_repeat_01/handoff_013,applied_interval,1020,0.3833333533257246,"[0.5999999930462093, -0.8795931654117082]","[0.5999999930619212, -0.8796382398178015]",1.5711876244495215e-11,-4.507440609335944e-05,True,"[""F_4"", ""F_5"", ""F_6"", ""F_7"", ""F_8""]","[""F_4"", ""F_5"", ""F_6"", ""F_7"", ""F_8""]","[1.0989480934142648e-06, -6.938989649540872e-08, 8.466044901123126e-06]",1.1011366262887142e-06
episode_001_repeat_01/handoff_013,applied_interval,1021,0.40000002086162567,"[0.8, -0.5447615053266381]","[0.8, -0.5447995469817398]",0.0,-3.804165510168378e-05,True,"[""F_5"", ""F_6"", ""F_7"", ""F_8"", ""F_9""]","[""F_5"", ""F_6"", ""F_7"", ""F_8"", ""F_9""]","[1.1789203462342357e-06, -8.162998277327915e-08, 7.71480476036146e-06]",1.181743050266265e-06
episode_001_repeat_01/handoff_013,applied_interval,1022,0.41666668839752674,"[0.8, -0.5447615053266381]","[0.8, -0.5447995469817398]",0.0,-3.804165510168378e-05,True,"[""F_5"", ""F_6"", ""F_7"", ""F_8"", ""F_9""]","[""F_5"", ""F_6"", ""F_7"", ""F_8"", ""F_9""]","[1.2762370928953715e-06, -9.771366471511556e-08, 7.080777142398631e-06]",1.2799722956197478e-06
episode_001_repeat_01/handoff_013,applied_interval,1023,0.4333333559334278,"[0.8, -0.5447615053266381]","[0.8, -0.5447995469817398]",0.0,-3.804165510168378e-05,True,"[""F_5"", ""F_6"", ""F_7"", ""F_8"", ""F_9""]","[""F_5"", ""F_6"", ""F_7"", ""F_8"", ""F_9""]","[1.36507621562032e-06, -1.1322561377369311e-07, 6.446749524435802e-06]",1.3697638898973516e-06
episode_001_repeat_01/handoff_013,applied_interval,1024,0.4500000234693289,"[0.8, -0.5447615053266381]","[0.8, -0.5447995469817398]",0.0,-3.804165510168378e-05,True,"[""F_5"", ""F_6"", ""F_7"", ""F_8"", ""F_9""]","[""F_5"", ""F_6"", ""F_7"", ""F_8"", ""F_9""]","[1.4454568102451049e-06, -1.2801332793799247e-07, 5.812721906472973e-06]",1.4511143312688057e-06
episode_001_repeat_01/handoff_013,applied_interval,1025,0.46666669100522995,"[0.8, -0.5447615053266381]","[0.8, -0.5447995469817398]",0.0,-3.804165510168378e-05,True,"[""F_5"", ""F_6"", ""F_7"", ""F_8"", ""F_9""]","[""F_5"", ""F_6"", ""F_7"", ""F_8"", ""F_9""]","[1.517400036732397e-06, -1.4192461428308434e-07, 5.178694288510144e-06]",1.5240227910418143e-06
episode_001_repeat_01/handoff_013,applied_interval,1026,0.483333358541131,"[0.8, -0.5447615053266381]","[0.8, -0.5447995469817398]",0.0,-3.804165510168378e-05,True,"[""F_5"", ""F_6"", ""F_7"", ""F_8"", ""F_9""]","[""F_5"", ""F_6"", ""F_7"", ""F_8"", ""F_9""]","[1.5809291191715147e-06, -1.548076085100547e-07, 4.544666670547315e-06]",1.5884905651268513e-06
episode_001_repeat_01/handoff_013,applied_interval,1027,0.5000000260770321,"[0.8, -0.31899949490798424]","[0.8, -0.31902308096792054]",0.0,-2.358605993629803e-05,True,"[""F_5"", ""F_6"", ""F_7"", ""F_8"", ""F_9""]","[""F_5"", ""F_6"", ""F_7"", ""F_8"", ""F_9""]","[1.6360693457784237e-06, -1.6651080159135745e-07, 3.910639052584486e-06]",1.6445208272449564e-06
episode_001_repeat_01/handoff_013,applied_interval,1028,0.5166666936129332,"[0.8, -0.31899949490798424]","[0.8, -0.31902308096792054]",0.0,-2.358605993629803e-05,True,"[""F_5"", ""F_6"", ""F_7"", ""F_8"", ""F_9""]","[""F_5"", ""F_6"", ""F_7"", ""F_8"", ""F_9""]","[1.6844354178147114e-06, -1.7714399547230641e-07, 3.5175380332930217e-06]",1.693724497053908e-06
episode_001_repeat_01/handoff_013,applied_interval,1029,0.5333333611488342,"[0.8, -0.31899949490798424]","[0.8, -0.31902308096792054]",0.0,-2.358605993629803e-05,True,"[""F_5"", ""F_6"", ""F_7"", ""F_8"", ""F_9""]","[""F_5"", ""F_6"", ""F_7"", ""F_8"", ""F_9""]","[1.7276312931358007e-06, -1.8688132819022485e-07, 3.1244370140015576e-06]",1.7377095602684072e-06
episode_001_repeat_01/handoff_013,applied_interval,1030,0.5500000286847353,"[0.8, -0.31899949490798424]","[0.8, -0.31902308096792054]",0.0,-2.358605993629803e-05,True,"[""F_5"", ""F_6"", ""F_7"", ""F_8"", ""F_9""]","[""F_5"", ""F_6"", ""F_7"", ""F_8"", ""F_9""]","[1.7656680100230915e-06, -1.9566815723237596e-07, 2.7313359947100935e-06]",1.7764767235665143e-06
episode_001_repeat_01/handoff_013,applied_interval,1031,0.5666666962206364,"[0.8, -0.31899949490798424]","[0.8, -0.31902308096792054]",0.0,-2.358605993629803e-05,True,"[""F_5"", ""F_6"", ""F_7"", ""F_8"", ""F_9""]","[""F_5"", ""F_6"", ""F_7"", ""F_8"", ""F_9""]","[1.798557036636339e-06, -2.0344992890386493e-07, 2.3382349754186293e-06]",1.810027427307409e-06
episode_001_repeat_01/handoff_013,applied_interval,1032,0.5833333637565374,"[0.8, -0.31899949490798424]","[0.8, -0.31902308096792054]",0.0,-2.358605993629803e-05,True,"[""F_5"", ""F_6"", ""F_7"", ""F_8"", ""F_9""]","[""F_5"", ""F_6"", ""F_7"", ""F_8"", ""F_9""]","[1.8263102852245083e-06, -2.1017218543306626e-07, 1.9451339561271652e-06]",1.8383638392457942e-06
episode_001_repeat_01/handoff_013,applied_interval,1033,0.6000000312924385,"[0.8, -0.13861978319319007]","[0.8, -0.1386341850848034]",0.0,-1.4401891613335938e-05,True,"[""F_6"", ""F_7"", ""F_8"", ""F_9"", ""F_9""]","[""F_6"", ""F_7"", ""F_8"", ""F_9"", ""F_9""]","[1.8489400908094922e-06, -2.1578057385340799e-07, 1.552032936835701e-06]",1.8614888437632709e-06
episode_001_repeat_01/handoff_013,applied_interval,1034,0.6166666988283396,"[0.8, -0.13861978319319007]","[0.8, -0.1386341850848034]",0.0,-1.4401891613335938e-05,True,"[""F_6"", ""F_7"", ""F_8"", ""F_9"", ""F_9""]","[""F_6"", ""F_7"", ""F_8"", ""F_9"", ""F_9""]","[1.8674550155139968e-06, -2.204455054055643e-07, 1.3120013973022537e-06]",1.8804213506078624e-06
episode_001_repeat_01/handoff_013,applied_interval,1035,0.6333333663642406,"[0.8, -0.13861978319319007]","[0.8, -0.1386341850848034]",0.0,-1.4401891613335938e-05,True,"[""F_6"", ""F_7"", ""F_8"", ""F_9"", ""F_9""]","[""F_6"", ""F_7"", ""F_8"", ""F_9"", ""F_9""]","[1.8828575214513421e-06, -2.2436400826109093e-07, 1.0719698577688064e-06]",1.8961781705021482e-06
episode_001_repeat_01/handoff_013,applied_interval,1036,0.6500000339001417,"[0.8, -0.13861978319319007]","[0.8, -0.1386341850848034]",0.0,-1.4401891613335938e-05,True,"[""F_6"", ""F_7"", ""F_8"", ""F_9"", ""F_9""]","[""F_6"", ""F_7"", ""F_8"", ""F_9"", ""F_9""]","[1.8951511755460615e-06, -2.2752172945672555e-07, 8.31938318235359e-07]",1.9087598370535246e-06
episode_001_repeat_01/handoff_013,applied_interval,1037,0.6666667014360428,"[0.8, -0.13861978319319007]","[0.8, -0.1386341850848034]",0.0,-1.4401891613335938e-05,True,"[""F_6"", ""F_7"", ""F_8"", ""F_9"", ""F_9""]","[""F_6"", ""F_7"", ""F_8"", ""F_9"", ""F_9""]","[1.9043395873552527e-06, -2.2990433024006052e-07, 5.919067787019117e-07]",1.9181671629530897e-06
episode_001_repeat_01/handoff_013,applied_interval,1038,0.6833333689719439,"[0.8, -0.13861978319319007]","[0.8, -0.1386341850848034]",0.0,-1.4401891613335938e-05,True,"[""F_6"", ""F_7"", ""F_8"", ""F_9"", ""F_9""]","[""F_6"", ""F_7"", ""F_8"", ""F_9"", ""F_9""]","[1.910426426832146e-06, -2.3149748074047238e-07, 3.518752391684643e-07]",1.9244012616727898e-06
episode_001_repeat_01/handoff_013,applied_interval,1039,0.7000000365078449,"[0.8, -0.07443665500753163]","[0.8, -0.07444527817048988]",0.0,-8.623162958243391e-06,True,"[""F_6"", ""F_7"", ""F_8"", ""F_9"", ""F_9""]","[""F_6"", ""F_7"", ""F_8"", ""F_9"", ""F_9""]","[1.9134154065625353e-06, -2.3228686529819242e-07, 1.1184369963501695e-07]",1.927463542031582e-06
episode_001_repeat_01/handoff_013,applied_interval,1040,0.716666704043746,"[0.8, -0.07443665500753163]","[0.8, -0.07444527817048988]",0.0,-8.623162958243391e-06,True,"[""F_6"", ""F_7"", ""F_8"", ""F_9"", ""F_9""]","[""F_6"", ""F_7"", ""F_8"", ""F_9"", ""F_9""]","[1.9139306353110896e-06, -2.3242382063415334e-07, -3.1875690531535383e-08]",1.9279915220717356e-06
episode_001_repeat_01/handoff_013,applied_interval,1041,0.7333333715796471,"[0.8, -0.07443665500753163]","[0.8, -0.07444527817048988]",0.0,-8.623162958243391e-06,True,"[""F_6"", ""F_7"", ""F_8"", ""F_9"", ""F_9""]","[""F_6"", ""F_7"", ""F_8"", ""F_9"", ""F_9""]","[1.9125945414089074e-06, -2.3206615473725378e-07, -1.7559508069808771e-07]",1.9266220646514157e-06
episode_001_repeat_01/handoff_013,applied_interval,1042,0.7500000391155481,"[0.8, -0.07443665500753163]","[0.8, -0.07444527817048988]",0.0,-8.623162958243391e-06,True,"[""F_6"", ""F_7"", ""F_8"", ""F_9"", ""F_9""]","[""F_6"", ""F_7"", ""F_8"", ""F_9"", ""F_9""]","[1.909408357647635e-06, -2.312092757250639e-07, -3.1931447086464004e-07]",1.9233559227132005e-06
episode_001_repeat_01/handoff_013,applied_interval,1043,0.7666667066514492,"[0.8, -0.07443665500753163]","[0.8, -0.07444527817048988]",0.0,-8.623162958243391e-06,True,"[""F_6"", ""F_7"", ""F_8"", ""F_9"", ""F_9""]","[""F_6"", ""F_7"", ""F_8"", ""F_9"", ""F_9""]","[1.9043733203716329e-06, -2.2984859171515382e-07, -4.6303386103119237e-07]",1.918193973105097e-06
episode_001_repeat_01/handoff_013,applied_interval,1044,0.7833333741873503,"[0.8, -0.07443665500753163]","[0.8, -0.07444527817048988]",0.0,-8.623162958243391e-06,True,"[""F_6"", ""F_7"", ""F_8"", ""F_9"", ""F_9""]","[""F_6"", ""F_7"", ""F_8"", ""F_9"", ""F_9""]","[1.8974906801361158e-06, -2.2797951615416423e-07, -6.067532511977447e-07]",1.9111372376125442e-06
episode_001_repeat_01/handoff_013,applied_interval,1045,0.8000000417232513,"[0.8, -0.0066033171992397185]","[0.8, -0.006608361197911507]",0.0,-5.043998671788209e-06,True,"[""F_7"", ""F_8"", ""F_9"", ""F_9"", ""F_9""]","[""F_7"", ""F_8"", ""F_9"", ""F_9"", ""F_9""]","[1.8887616910490124e-06, -2.255974624887358e-07, -7.50472641364297e-07]",1.9021868837355811e-06
episode_001_repeat_01/handoff_013,applied_interval,1046,0.8166667092591524,"[0.8, -0.0066033171992397185]","[0.8, -0.006608361197911507]",0.0,-5.043998671788209e-06,True,"[""F_7"", ""F_8"", ""F_9"", ""F_9"", ""F_9""]","[""F_7"", ""F_8"", ""F_9"", ""F_9"", ""F_9""]","[1.8785695203860087e-06, -2.228089517331e-07, -8.345392901176751e-07]",1.8917365757144205e-06
episode_001_repeat_01/handoff_013,applied_interval,1047,0.8333333767950535,"[0.8, -0.0066033171992397185]","[0.8, -0.006608361197911507]",0.0,-5.043998671788209e-06,True,"[""F_7"", ""F_8"", ""F_9"", ""F_9"", ""F_9""]","[""F_7"", ""F_8"", ""F_9"", ""F_9"", ""F_9""]","[1.8672965325094992e-06, -2.197234039158502e-07, -9.186059393151425e-07]",1.8801794367959583e-06
episode_001_repeat_01/handoff_013,applied_interval,1048,0.8500000443309546,"[0.8, -0.0066033171992397185]","[0.8, -0.006608361197911507]",0.0,-5.043998671788209e-06,True,"[""F_7"", ""F_8"", ""F_9"", ""F_9"", ""F_9""]","[""F_7"", ""F_8"", ""F_9"", ""F_9"", ""F_9""]","[1.854942794921044e-06, -2.163405827815268e-07, -1.0026725885126098e-06]",1.8675160026590788e-06
episode_001_repeat_01/handoff_013,applied_interval,1049,0.8666667118668556,"[0.8, -0.0066033171992397185]","[0.8, -0.006608361197911507]",0.0,-5.043998671788209e-06,True,"[""F_7"", ""F_8"", ""F_9"", ""F_9"", ""F_9""]","[""F_7"", ""F_8"", ""F_9"", ""F_9"", ""F_9""]","[1.841508371569489e-06, -2.1266025029831326e-07, -1.0867392372659879e-06]",1.8537468717755002e-06
episode_001_repeat_01/handoff_013,applied_interval,1050,0.8833333794027567,"[0.8, -0.0066033171992397185]","[0.8, -0.006608361197911507]",0.0,-5.043998671788209e-06,True,"[""F_7"", ""F_8"", ""F_9"", ""F_9"", ""F_9""]","[""F_7"", ""F_8"", ""F_9"", ""F_9"", ""F_9""]","[1.8269933335091082e-06, -2.0868216488167945e-07, -1.170805886019366e-06]",1.8388727217038235e-06
episode_001_repeat_01/handoff_013,applied_interval,1051,0.9000000469386578,"[0.8, 0.007538248477097404]","[0.8, 0.007535231915854572]",0.0,-3.016561242832373e-06,True,"[""F_7"", ""F_8"", ""F_9"", ""F_9"", ""F_9""]","[""F_7"", ""F_8"", ""F_9"", ""F_9"", ""F_9""]","[1.8113977411360338e-06, -2.0440609205252258e-07, -1.2548725352168333e-06]",1.8228942994756746e-06
episode_001_repeat_01/handoff_013,applied_interval,1052,0.9166667144745588,"[0.8, 0.007538248477097404]","[0.8, 0.007535231915854572]",0.0,-3.016561242832373e-06,True,"[""F_7"", ""F_8"", ""F_9"", ""F_9"", ""F_9""]","[""F_7"", ""F_8"", ""F_9"", ""F_9"", ""F_9""]","[1.7949383668280916e-06, -1.9989333921444086e-07, -1.305148558561342e-06]",1.8060346308345797e-06
episode_001_repeat_01/handoff_013,applied_interval,1053,0.9333333820104599,"[0.8, 0.007538248477097404]","[0.8, 0.007535231915854572]",0.0,-3.016561242832373e-06,True,"[""F_7"", ""F_8"", ""F_9"", ""F_9"", ""F_9""]","[""F_7"", ""F_8"", ""F_9"", ""F_9"", ""F_9""]","[1.7778319154615474e-06, -1.9520548555362893e-07, -1.3554245819058508e-06]",1.7885165644253626e-06
episode_001_repeat_01/handoff_013,applied_interval,1054,0.950000049546361,"[0.8, 0.007538248477097404]","[0.8, 0.007535231915854572]",0.0,-3.016561242832373e-06,True,"[""F_7"", ""F_8"", ""F_9"", ""F_9"", ""F_9""]","[""F_7"", ""F_8"", ""F_9"", ""F_9"", ""F_9""]","[1.7600783408511234e-06, -1.9034269094220235e-07, -1.4057006052503596e-06]",1.7703406751041908e-06
episode_001_repeat_01/handoff_013,applied_interval,1055,0.966666717082262,"[0.8, 0.007538248477097404]","[0.8, 0.007535231915854572]",0.0,-3.016561242832373e-06,True,"[""F_7"", ""F_8"", ""F_9"", ""F_9"", ""F_9""]","[""F_7"", ""F_8"", ""F_9"", ""F_9"", ""F_9""]","[1.7416776003642553e-06, -1.853051170286335e-07, -1.4559766285948683e-06]",1.7515075934769983e-06
episode_001_repeat_01/handoff_013,applied_interval,1056,0.9833333846181631,"[0.8, 0.007538248477097404]","[0.8, 0.007535231915854572]",0.0,-3.016561242832373e-06,True,"[""F_7"", ""F_8"", ""F_9"", ""F_9"", ""F_9""]","[""F_7"", ""F_8"", ""F_9"", ""F_9"", ""F_9""]","[1.7226296513683792e-06, -1.8009292901410845e-07, -1.506252651939377e-06]",1.732018007658819e-06
episode_001_repeat_01/handoff_013,applied_interval,1057,1.0000000521540642,"[0.8, 0.04470681759648108]","[0.8, 0.044705088740204076]",0.0,-1.7288562770070848e-06,True,"[""F_8"", ""F_9"", ""F_9"", ""F_9"", ""F_9""]","[""F_8"", ""F_9"", ""F_9"", ""F_9"", ""F_9""]","[1.7029344476782171e-06, -1.7470628854709958e-07, -1.5565286752838858e-06]",1.7118726647583975e-06
episode_001_repeat_01/handoff_013,applied_interval,1058,1.0166667196899652,"[0.8, 0.04470681759648108]","[0.8, 0.044705088740204076]",0.0,-1.7288562770070848e-06,True,"[""F_8"", ""F_9"", ""F_9"", ""F_9"", ""F_9""]","[""F_8"", ""F_9"", ""F_9"", ""F_9"", ""F_9""]","[1.6827282465214921e-06, -1.691893611877049e-07, -1.585342948473567e-06]",1.6912124028579022e-06
episode_001_repeat_01/handoff_013,applied_interval,1059,1.0333333872258663,"[0.8, 0.04470681759648108]","[0.8, 0.044705088740204076]",0.0,-1.7288562770070848e-06,True,"[""F_8"", ""F_9"", ""F_9"", ""F_9"", ""F_9""]","[""F_8"", ""F_9"", ""F_9"", ""F_9"", ""F_9""]","[1.6621472447297947e-06, -1.6358657539683463e-07, -1.614157221219159e-06]",1.6701778440671856e-06
episode_001_repeat_01/handoff_013,applied_interval,1060,1.0500000547617674,"[0.8, 0.04470681759648108]","[0.8, 0.044705088740204076]",0.0,-1.7288562770070848e-06,True,"[""F_8"", ""F_9"", ""F_9"", ""F_9"", ""F_9""]","[""F_8"", ""F_9"", ""F_9"", ""F_9"", ""F_9""]","[1.641191296641864e-06, -1.578984853978227e-07, -1.642971493964751e-06]",1.6487694817238489e-06
episode_001_repeat_01/handoff_013,applied_interval,1061,1.0666667222976685,"[0.8, 0.04470681759648108]","[0.8, 0.044705088740204076]",0.0,-1.7288562770070848e-06,True,"[""F_8"", ""F_9"", ""F_9"", ""F_9"", ""F_9""]","[""F_8"", ""F_9"", ""F_9"", ""F_9"", ""F_9""]","[1.6198602637018666e-06, -1.5212564719035981e-07, -1.6717857671544323e-06]",1.626987856885652e-06
episode_001_repeat_01/handoff_013,applied_interval,1062,1.0833333898335695,"[0.8, 0.04470681759648108]","[0.8, 0.044705088740204076]",0.0,-1.7288562770070848e-06,True,"[""F_8"", ""F_9"", ""F_9"", ""F_9"", ""F_9""]","[""F_8"", ""F_9"", ""F_9"", ""F_9"", ""F_9""]","[1.5981540144593964e-06, -1.4626861677413672e-07, -1.7006000403441135e-06]",1.604833562144593e-06
episode_001_repeat_01/handoff_013,applied_interval,1063,1.1000000573694706,"[0.7999999972195742, 0.08818365063722051]","[0.7999999972196511, 0.08818321828854005]",7.693845560652335e-14,-4.323486804680421e-07,True,"[""F_8"", ""F_9"", ""F_9"", ""F_9"", ""F_9""]","[""F_8"", ""F_9"", ""F_9"", ""F_9"", ""F_9""]","[1.5760724103586199e-06, -1.4032795014884414e-07, -1.7294143130897055e-06]",1.582307231951686e-06
episode_001_repeat_01/handoff_013,applied_interval,1064,1.1166667249053717,"[0.7999999972195742, 0.08818365063722051]","[0.7999999972196511, 0.08818321828854005]",7.693845560652335e-14,-4.323486804680421e-07,True,"[""F_8"", ""F_9"", ""F_9"", ""F_9"", ""F_9""]","[""F_8"", ""F_9"", ""F_9"", ""F_9"", ""F_9""]","[1.553752284166876e-06, -1.3434960166591736e-07, -1.7366201250368363e-06]",1.5595499273898143e-06
episode_001_repeat_01/handoff_013,applied_interval,1065,1.1333333924412727,"[0.7999999972195742, 0.08818365063722051]","[0.7999999972196511, 0.08818321828854005]",7.693845560652335e-14,-4.323486804680421e-07,True,"[""F_8"", ""F_9"", ""F_9"", ""F_9"", ""F_9""]","[""F_8"", ""F_9"", ""F_9"", ""F_9"", ""F_9""]","[1.5313305539166322e-06, -1.2837934271203721e-07, -1.7438259365398778e-06]",1.5367024829139159e-06
episode_001_repeat_01/handoff_013,applied_interval,1066,1.1500000599771738,"[0.7999999972195742, 0.08818365063722051]","[0.7999999972196511, 0.08818321828854005]",7.693845560652335e-14,-4.323486804680421e-07,True,"[""F_8"", ""F_9"", ""F_9"", ""F_9"", ""F_9""]","[""F_8"", ""F_9"", ""F_9"", ""F_9"", ""F_9""]","[1.5088071947388926e-06, -1.2241746105701168e-07, -1.7510317480429194e-06]",1.513765234660742e-06
episode_001_repeat_01/handoff_013,applied_interval,1067,1.1666667275130749,"[0.7999999972195742, 0.08818365063722051]","[0.7999999972196511, 0.08818321828854005]",7.693845560652335e-14,-4.323486804680421e-07,True,"[""F_8"", ""F_9"", ""F_9"", ""F_9"", ""F_9""]","[""F_8"", ""F_9"", ""F_9"", ""F_9"", ""F_9""]","[1.4861821817646614e-06, -1.1646423914157822e-07, -1.7582375599900502e-06]",1.490738540587717e-06
episode_001_repeat_01/handoff_013,applied_interval,1068,1.183333395048976,"[0.7999999972195742, 0.08818365063722051]","[0.7999999972196511, 0.08818321828854005]",7.693845560652335e-14,-4.323486804680421e-07,True,"[""F_8"", ""F_9"", ""F_9"", ""F_9"", ""F_9""]","[""F_8"", ""F_9"", ""F_9"", ""F_9"", ""F_9""]","[1.4634554972303704e-06, -1.1051996473554482e-07, -1.765443371937181e-06]",1.4676227904263877e-06
episode_001_repeat_01/handoff_013,applied_interval,1069,1.200000062584877,"[0.7607376205244144, 0.16040055866072514]","[0.7607385927499516, 0.16040176002658887]",9.722255371880095e-07,1.2013658637344271e-06,True,"[""F_9"", ""F_9"", ""F_9"", ""F_9"", ""F_9""]","[""F_9"", ""F_9"", ""F_9"", ""F_9"", ""F_9""]","[1.44062711271431e-06, -1.0458492383236262e-07, -1.7726491834402225e-06]",1.4444183895882074e-06
episode_001_repeat_01/handoff_013,applied_interval,1070,1.216666730120778,"[0.7607376205244144, 0.16040055866072514]","[0.7607385927499516, 0.16040176002658887]",9.722255371880095e-07,1.2013658637344271e-06,True,"[""F_9"", ""F_9"", ""F_9"", ""F_9"", ""F_9""]","[""F_9"", ""F_9"", ""F_9"", ""F_9"", ""F_9""]","[1.4149414333530785e-06, -1.1469718153023223e-07, -1.7526264182166074e-06]",1.4195825806448329e-06
episode_001_repeat_01/handoff_013,applied_interval,1071,1.2333333976566792,"[0.7607376205244144, 0.16040055866072514]","[0.7607385927499516, 0.16040176002658887]",9.722255371880095e-07,1.2013658637344271e-06,True,"[""F_9"", ""F_9"", ""F_9"", ""F_9"", ""F_9""]","[""F_9"", ""F_9"", ""F_9"", ""F_9"", ""F_9""]","[1.389528879514046e-06, -1.2494078127645025e-07, -1.732603652548903e-06]",1.395134655088723e-06
episode_001_repeat_01/handoff_013,applied_interval,1072,1.2500000651925802,"[0.7607376205244144, 0.16040055866072514]","[0.7607385927499516, 0.16040176002658887]",9.722255371880095e-07,1.2013658637344271e-06,True,"[""F_9"", ""F_9"", ""F_9"", ""F_9"", ""F_9""]","[""F_9"", ""F_9"", ""F_9"", ""F_9"", ""F_9""]","[1.3643899698934092e-06, -1.3531433573632512e-07, -1.7125808868811987e-06]",1.3710834983331617e-06
episode_001_repeat_01/handoff_013,applied_interval,1073,1.2666667327284813,"[0.7607376205244144, 0.16040055866072514]","[0.7607385927499516, 0.16040176002658887]",9.722255371880095e-07,1.2013658637344271e-06,True,"[""F_9"", ""F_9"", ""F_9"", ""F_9"", ""F_9""]","[""F_9"", ""F_9"", ""F_9"", ""F_9"", ""F_9""]","[1.3395252125292245e-06, -1.4581645402245158e-07, -1.6925581216575836e-06]",1.347438396834952e-06
episode_001_repeat_01/handoff_013,applied_interval,1074,1.2833334002643824,"[0.7607376205244144, 0.16040055866072514]","[0.7607385927499516, 0.16040176002658887]",9.722255371880095e-07,1.2013658637344271e-06,True,"[""F_9"", ""F_9"", ""F_9"", ""F_9"", ""F_9""]","[""F_9"", ""F_9"", ""F_9"", ""F_9"", ""F_9""]","[1.3149351154595479e-06, -1.5644574347106754e-07, -1.6725353564339684e-06]",1.3242090577091026e-06
episode_001_repeat_01/handoff_013,applied_interval,1075,1.3000000678002834,"[0.5607376222096022, 0.20034640744631732]","[0.5607385944350896, 0.20034869361810184]",9.722254873389957e-07,2.2861717845212848e-06,True,"[""F_9"", ""F_9"", ""F_9"", ""F_9"", ""F_9""]","[""F_9"", ""F_9"", ""F_9"", ""F_9"", ""F_9""]","[1.290620179617008e-06, -1.6720081141841092e-07, -1.6525125907662641e-06]",1.301405609091037e-06
episode_001_repeat_01/handoff_013,applied_interval,1076,1.3166667353361845,"[0.5607376222096022, 0.20034640744631732]","[0.5607385944350896, 0.20034869361810184]",9.722254873389957e-07,2.2861717845212848e-06,True,"[""F_9"", ""F_9"", ""F_9"", ""F_9"", ""F_9""]","[""F_9"", ""F_9"", ""F_9"", ""F_9"", ""F_9""]","[1.2719900333024725e-06, -1.7938762653102458e-07, -1.6144097259029877e-06]",1.284577193232567e-06
episode_001_repeat_01/handoff_013,applied_interval,1077,1.3333334028720856,"[0.5607376222096022, 0.20034640744631732]","[0.5607385944350896, 0.20034869361810184]",9.722254873389957e-07,2.2861717845212848e-06,True,"[""F_9"", ""F_9"", ""F_9"", ""F_9"", ""F_9""]","[""F_9"", ""F_9"", ""F_9"", ""F_9"", ""F_9""]","[1.2537471931750588e-06, -1.9171865517364495e-07, -1.576306860595622e-06]",1.2683209637690016e-06
episode_001_repeat_01/handoff_013,applied_interval,1078,1.3500000704079866,"[0.5607376222096022, 0.20034640744631732]","[0.5607385944350896, 0.20034869361810184]",9.722254873389957e-07,2.2861717845212848e-06,True,"[""F_9"", ""F_9"", ""F_9"", ""F_9"", ""F_9""]","[""F_9"", ""F_9"", ""F_9"", ""F_9"", ""F_9""]","[1.2358924124100668e-06, -2.041914441974768e-07, -1.5382039952882565e-06]",1.2526468779892542e-06
episode_001_repeat_01/handoff_013,applied_interval,1079,1.3666667379438877,"[0.5607376222096022, 0.20034640744631732]","[0.5607385944350896, 0.20034869361810184]",9.722254873389957e-07,2.2861717845212848e-06,True,"[""F_9"", ""F_9"", ""F_9"", ""F_9"", ""F_9""]","[""F_9"", ""F_9"", ""F_9"", ""F_9"", ""F_9""]","[1.218426426419228e-06, -2.168035422300818e-07, -1.50010113042498e-06]",1.2375648397236571e-06
episode_001_repeat_01/handoff_013,applied_interval,1080,1.3833334054797888,"[0.5607376222096022, 0.20034640744631732]","[0.5607385944350896, 0.20034869361810184]",9.722254873389957e-07,2.2861717845212848e-06,True,"[""F_9"", ""F_9"", ""F_9"", ""F_9"", ""F_9""]","[""F_9"", ""F_9"", ""F_9"", ""F_9"", ""F_9""]","[1.2013499635088465e-06, -2.295524872408805e-07, -1.4619982655617036e-06]",1.2230846574220368e-06
episode_001_repeat_01/handoff_013,applied_interval,1081,1.4000000730156898,"[0.36073761553950684, 0.21481569373116016]","[0.36073858776497647, 0.21481858773721185]",9.722254696309385e-07,2.894006051690212e-06,True,"[""F_9"", ""F_9"", ""F_9"", ""F_9"", ""F_9""]","[""F_9"", ""F_9"", ""F_9"", ""F_9"", ""F_9""]","[1.1846637413270855e-06, -2.424358207520072e-07, -1.423895400254338e-06]",1.209215988646688e-06
episode_001_repeat_01/handoff_013,applied_interval,1082,1.416666740551591,"[0.36073761553950684, 0.21481569373116016]","[0.36073858776497647, 0.21481858773721185]",9.722254696309385e-07,2.894006051690212e-06,True,"[""F_9"", ""F_9"", ""F_9"", ""F_9"", ""F_9""]","[""F_9"", ""F_9"", ""F_9"", ""F_9"", ""F_9""]","[1.1729740165833391e-06, -2.564620888989566e-07, -1.3756619634541778e-06]",1.2006834914422983e-06
episode_001_repeat_01/handoff_013,applied_interval,1083,1.433333408087492,"[0.36073761553950684, 0.21481569373116016]","[0.36073858776497647, 0.21481858773721185]",9.722254696309385e-07,2.894006051690212e-06,True,"[""F_9"", ""F_9"", ""F_9"", ""F_9"", ""F_9""]","[""F_9"", ""F_9"", ""F_9"", ""F_9"", ""F_9""]","[1.1616180763951434e-06, -2.7059118856698205e-07, -1.3274285266540176e-06]",1.192717966133673e-06
episode_001_repeat_01/handoff_013,applied_interval,1084,1.450000075623393,"[0.36073761553950684, 0.21481569373116016]","[0.36073858776497647, 0.21481858773721185]",9.722254696309385e-07,2.894006051690212e-06,True,"[""F_9"", ""F_9"", ""F_9"", ""F_9"", ""F_9""]","[""F_9"", ""F_9"", ""F_9"", ""F_9"", ""F_9""]","[1.1505965034075416e-06, -2.848209081918185e-07, -1.2791950898538573e-06]",1.1853249610958478e-06
episode_001_repeat_01/handoff_013,applied_interval,1085,1.4666667431592941,"[0.36073761553950684, 0.21481569373116016]","[0.36073858776497647, 0.21481858773721185]",9.722254696309385e-07,2.894006051690212e-06,True,"[""F_9"", ""F_9"", ""F_9"", ""F_9"", ""F_9""]","[""F_9"", ""F_9"", ""F_9"", ""F_9"", ""F_9""]","[1.1399098660547224e-06, -2.99149034432844e-07, -1.230961653053697e-06]",1.1785095025204498e-06
episode_001_repeat_01/handoff_013,applied_interval,1086,1.4833334106951952,"[0.36073761553950684, 0.21481569373116016]","[0.36073858776497647, 0.21481858773721185]",9.722254696309385e-07,2.894006051690212e-06,True,"[""F_9"", ""F_9"", ""F_9"", ""F_9"", ""F_9""]","[""F_9"", ""F_9"", ""F_9"", ""F_9"", ""F_9""]","[1.1295587256654471e-06, -3.1357335039672307e-07, -1.1827282162535369e-06]",1.1722760599815963e-06
episode_001_repeat_01/handoff_013,applied_interval,1087,1.5000000782310963,"[0.16073761904118497, 0.19645735348651586]","[0.1607385912665717, 0.19646031886239726]",9.722253867250341e-07,2.9653758814029985e-06,True,"[""F_9"", ""F_9"", ""F_9"", ""F_9"", ""F_9""]","[""F_9"", ""F_9"", ""F_9"", ""F_9"", ""F_9""]","[1.1195436293576222e-06, -3.2809163741376324e-07, -1.1344947794533766e-06]",1.1666285015274063e-06
episode_001_repeat_01/handoff_013,applied_interval,1088,1.5166667457669973,"[0.16073761904118497, 0.19645735348651586]","[0.1607385912665717, 0.19646031886239726]",9.722253867250341e-07,2.9653758814029985e-06,True,"[""F_9"", ""F_9"", ""F_9"", ""F_9"", ""F_9""]","[""F_9"", ""F_9"", ""F_9"", ""F_9"", ""F_9""]","[1.1134959585490378e-06, -3.4341564436601857e-07, -1.0850718457078301e-06]",1.1652499965674182e-06
episode_001_repeat_01/handoff_013,applied_interval,1089,1.5333334133028984,"[0.16073761904118497, 0.19645735348651586]","[0.1607385912665717, 0.19646031886239726]",9.722253867250341e-07,2.9653758814029985e-06,True,"[""F_9"", ""F_9"", ""F_9"", ""F_9"", ""F_9""]","[""F_9"", ""F_9"", ""F_9"", ""F_9"", ""F_9""]","[1.1076284849309559e-06, -3.5878452742110767e-07, -1.0356489119622836e-06]",1.1642882794854684e-06
episode_001_repeat_01/handoff_013,applied_interval,1090,1.5500000808387995,"[0.16073761904118497, 0.19645735348651586]","[0.1607385912665717, 0.19646031886239726]",9.722253867250341e-07,2.9653758814029985e-06,True,"[""F_9"", ""F_9"", ""F_9"", ""F_9"", ""F_9""]","[""F_9"", ""F_9"", ""F_9"", ""F_9"", ""F_9""]","[1.1019414394297655e-06, -3.7419726872656156e-07, -9.86225978216737e-07]",1.1637433273084586e-06
episode_001_repeat_01/handoff_013,applied_interval,1091,1.5666667483747005,"[0.16073761904118497, 0.19645735348651586]","[0.1607385912665717, 0.19646031886239726]",9.722253867250341e-07,2.9653758814029985e-06,True,"[""F_9"", ""F_9"", ""F_9"", ""F_9"", ""F_9""]","[""F_9"", ""F_9"", ""F_9"", ""F_9"", ""F_9""]","[1.0964350458664285e-06, -3.896528522062681e-07, -9.368030444711906e-07]",1.1636146935461914e-06
episode_001_repeat_01/handoff_013,applied_interval,1092,1.5833334159106016,"[0.16073761904118497, 0.19645735348651586]","[0.1607385912665717, 0.19646031886239726]",9.722253867250341e-07,2.9653758814029985e-06,True,"[""F_9"", ""F_9"", ""F_9"", ""F_9"", ""F_9""]","[""F_9"", ""F_9"", ""F_9"", ""F_9"", ""F_9""]","[1.0911095174037655e-06, -4.051502582314015e-07, -8.87380110725644e-07]",1.1639015038713754e-06
episode_001_repeat_01/handoff_013,applied_interval,1093,1.6000000834465027,"[3.2064518202726657e-09, 0.14643375874226955]","[3.206289507042047e-09, 0.14643598361153526]",-1.6231323061869155e-13,2.2248692657100833e-06,True,"[""F_9"", ""F_9"", ""F_9"", ""F_9"", ""F_9""]","[""F_9"", ""F_9"", ""F_9"", ""F_9"", ""F_9""]","[1.085965070757311e-06, -4.2068846894949274e-07, -8.379571769800975e-07]",1.1646024741567398e-06
episode_001_repeat_01/handoff_013,applied_interval,1094,1.6166667509824038,"[3.2064518202726657e-09, 0.14643375874226955]","[3.206289507042047e-09, 0.14643598361153526]",-1.6231323061869155e-13,2.2248692657100833e-06,True,"[""F_9"", ""F_9"", ""F_9"", ""F_9"", ""F_9""]","[""F_9"", ""F_9"", ""F_9"", ""F_9"", ""F_9""]","[1.085965070757311e-06, -4.2068846539677907e-07, -8.008760206124066e-07]",1.1646024728733957e-06
episode_001_repeat_01/handoff_013,applied_interval,1095,1.6333334185183048,"[3.2064518202726657e-09, 0.14643375874226955]","[3.206289507042047e-09, 0.14643598361153526]",-1.6231323061869155e-13,2.2248692657100833e-06,True,"[""F_9"", ""F_9"", ""F_9"", ""F_9"", ""F_9""]","[""F_9"", ""F_9"", ""F_9"", ""F_9"", ""F_9""]","[1.085965070757311e-06, -4.206884618440654e-07, -7.637948642447157e-07]",1.1646024715900516e-06
episode_001_repeat_01/handoff_013,applied_interval,1096,1.650000086054206,"[3.2064518202726657e-09, 0.14643375874226955]","[3.206289507042047e-09, 0.14643598361153526]",-1.6231323061869155e-13,2.2248692657100833e-06,True,"[""F_9"", ""F_9"", ""F_9"", ""F_9"", ""F_9""]","[""F_9"", ""F_9"", ""F_9"", ""F_9"", ""F_9""]","[1.0859650743100246e-06, -4.2068846006770855e-07, -7.267137078770247e-07]",1.1646024742612035e-06
episode_001_repeat_01/handoff_013,applied_interval,1097,1.666666753590107,"[3.2064518202726657e-09, 0.14643375874226955]","[3.206289507042047e-09, 0.14643598361153526]",-1.6231323061869155e-13,2.2248692657100833e-06,True,"[""F_9"", ""F_9"", ""F_9"", ""F_9"", ""F_9""]","[""F_9"", ""F_9"", ""F_9"", ""F_9"", ""F_9""]","[1.0859650743100246e-06, -4.2068845651499487e-07, -6.896325515093338e-07]",1.1646024729778596e-06
episode_001_repeat_01/handoff_013,applied_interval,1098,1.683333421126008,"[3.2064518202726657e-09, 0.14643375874226955]","[3.206289507042047e-09, 0.14643598361153526]",-1.6231323061869155e-13,2.2248692657100833e-06,True,"[""F_9"", ""F_9"", ""F_9"", ""F_9"", ""F_9""]","[""F_9"", ""F_9"", ""F_9"", ""F_9"", ""F_9""]","[1.0859650743100246e-06, -4.206884529622812e-07, -6.525513951416428e-07]",1.1646024716945156e-06
episode_001_repeat_01/handoff_013,applied_interval,1099,1.700000088661909,"[1.8994708332262245e-09, 0.10762904899879586]","[1.8993623133199743e-09, 0.1076306850976032]",-1.085199062501787e-13,1.6360988073366167e-06,True,"[""F_9"", ""F_9"", ""F_9"", ""F_9"", ""F_9""]","[""F_9"", ""F_9"", ""F_9"", ""F_9"", ""F_9""]","[1.0859650743100246e-06, -4.206884494095675e-07, -6.154702387739519e-07]",1.1646024704111715e-06
episode_001_repeat_01/handoff_013,applied_interval,1100,1.7166667561978102,"[1.8994708332262245e-09, 0.10762904899879586]","[1.8993623133199743e-09, 0.1076306850976032]",-1.085199062501787e-13,1.6360988073366167e-06,True,"[""F_9"", ""F_9"", ""F_9"", ""F_9"", ""F_9""]","[""F_9"", ""F_9"", ""F_9"", ""F_9"", ""F_9""]","[1.0859650743100246e-06, -4.2068844763321067e-07, -5.882019236125302e-07]",1.1646024697694996e-06
episode_001_repeat_01/handoff_013,applied_interval,1101,1.7333334237337112,"[1.8994708332262245e-09, 0.10762904899879586]","[1.8993623133199743e-09, 0.1076306850976032]",-1.085199062501787e-13,1.6360988073366167e-06,True,"[""F_9"", ""F_9"", ""F_9"", ""F_9"", ""F_9""]","[""F_9"", ""F_9"", ""F_9"", ""F_9"", ""F_9""]","[1.0859650743100246e-06, -4.2068844585685383e-07, -5.609336088951977e-07]",1.1646024691278274e-06
episode_001_repeat_01/handoff_013,applied_interval,1102,1.7500000912696123,"[1.8994708332262245e-09, 0.10762904899879586]","[1.8993623133199743e-09, 0.1076306850976032]",-1.085199062501787e-13,1.6360988073366167e-06,True,"[""F_9"", ""F_9"", ""F_9"", ""F_9"", ""F_9""]","[""F_9"", ""F_9"", ""F_9"", ""F_9"", ""F_9""]","[1.0859650743100246e-06, -4.20688444080497e-07, -5.336652941778652e-07]",1.1646024684861555e-06
episode_001_repeat_01/handoff_013,applied_interval,1103,1.7666667588055134,"[1.8994708332262245e-09, 0.10762904899879586]","[1.8993623133199743e-09, 0.1076306850976032]",-1.085199062501787e-13,1.6360988073366167e-06,True,"[""F_9"", ""F_9"", ""F_9"", ""F_9"", ""F_9""]","[""F_9"", ""F_9"", ""F_9"", ""F_9"", ""F_9""]","[1.0859650743100246e-06, -4.2068844230414015e-07, -5.063969790164435e-07]",1.1646024678444836e-06
episode_001_repeat_01/handoff_013,applied_interval,1104,1.7833334263414145,"[1.8994708332262245e-09, 0.10762904899879586]","[1.8993623133199743e-09, 0.1076306850976032]",-1.085199062501787e-13,1.6360988073366167e-06,True,"[""F_9"", ""F_9"", ""F_9"", ""F_9"", ""F_9""]","[""F_9"", ""F_9"", ""F_9"", ""F_9"", ""F_9""]","[1.0859650743100246e-06, -4.206884405277833e-07, -4.791286638550218e-07]",1.1646024672028114e-06
episode_001_repeat_01/handoff_013,applied_interval,1105,1.8000000938773155,"[1.3994663555421535e-09, 0.07902238942755993]","[1.3993558704601734e-09, 0.07902359071505792]",-1.1048508198011498e-13,1.201287497989978e-06,True,"[""F_9"", ""F_9"", ""F_9"", ""F_9"", ""F_9""]","[""F_9"", ""F_9"", ""F_9"", ""F_9"", ""F_9""]","[1.0859650743100246e-06, -4.206884387514265e-07, -4.5186034913768935e-07]",1.1646024665611395e-06
episode_001_repeat_01/handoff_013,applied_interval,1106,1.8166667614132166,"[1.3994663555421535e-09, 0.07902238942755993]","[1.3993558704601734e-09, 0.07902359071505792]",-1.1048508198011498e-13,1.201287497989978e-06,True,"[""F_9"", ""F_9"", ""F_9"", ""F_9"", ""F_9""]","[""F_9"", ""F_9"", ""F_9"", ""F_9"", ""F_9""]","[1.0859650743100246e-06, -4.2068843697506964e-07, -4.318388899804404e-07]",1.1646024659194676e-06
episode_001_repeat_01/handoff_013,applied_interval,1107,1.8333334289491177,"[1.3994663555421535e-09, 0.07902238942755993]","[1.3993558704601734e-09, 0.07902359071505792]",-1.1048508198011498e-13,1.201287497989978e-06,True,"[""F_9"", ""F_9"", ""F_9"", ""F_9"", ""F_9""]","[""F_9"", ""F_9"", ""F_9"", ""F_9"", ""F_9""]","[1.0859650743100246e-06, -4.206884351987128e-07, -4.1181743037910223e-07]",1.1646024652777954e-06
episode_001_repeat_01/handoff_013,applied_interval,1108,1.8500000964850187,"[1.3994663555421535e-09, 0.07902238942755993]","[1.3993558704601734e-09, 0.07902359071505792]",-1.1048508198011498e-13,1.201287497989978e-06,True,"[""F_9"", ""F_9"", ""F_9"", ""F_9"", ""F_9""]","[""F_9"", ""F_9"", ""F_9"", ""F_9"", ""F_9""]","[1.0859650743100246e-06, -4.2068843342235596e-07, -3.9179597077776407e-07]",1.1646024646361235e-06
episode_001_repeat_01/handoff_013,applied_interval,1109,1.8666667640209198,"[1.3994663555421535e-09, 0.07902238942755993]","[1.3993558704601734e-09, 0.07902359071505792]",-1.1048508198011498e-13,1.201287497989978e-06,True,"[""F_9"", ""F_9"", ""F_9"", ""F_9"", ""F_9""]","[""F_9"", ""F_9"", ""F_9"", ""F_9"", ""F_9""]","[1.0859650743100246e-06, -4.206884316459991e-07, -3.717745116205151e-07]",1.1646024639944516e-06
episode_001_repeat_01/handoff_013,applied_interval,1110,1.8833334315568209,"[1.3994663555421535e-09, 0.07902238942755993]","[1.3993558704601734e-09, 0.07902359071505792]",-1.1048508198011498e-13,1.201287497989978e-06,True,"[""F_9"", ""F_9"", ""F_9"", ""F_9"", ""F_9""]","[""F_9"", ""F_9"", ""F_9"", ""F_9"", ""F_9""]","[1.0859650743100246e-06, -4.206884298696423e-07, -3.5175305246326616e-07]",1.1646024633527795e-06
episode_001_repeat_01/handoff_013,applied_interval,1111,1.900000099092722,"[1.0764566482207775e-09, 0.0580142362195612]","[1.0763419731243053e-09, 0.05801511814664842]",-1.1467509647216604e-13,8.819270872206797e-07,True,"[""F_9"", ""F_9"", ""F_9"", ""F_9"", ""F_9""]","[""F_9"", ""F_9"", ""F_9"", ""F_9"", ""F_9""]","[1.0859650743100246e-06, -4.2068842809328544e-07, -3.31731592861928e-07]",1.1646024627111075e-06
episode_001_repeat_01/handoff_013,applied_interval,1112,1.916666766628623,"[1.0764566482207775e-09, 0.0580142362195612]","[1.0763419731243053e-09, 0.05801511814664842]",-1.1467509647216604e-13,8.819270872206797e-07,True,"[""F_9"", ""F_9"", ""F_9"", ""F_9"", ""F_9""]","[""F_9"", ""F_9"", ""F_9"", ""F_9"", ""F_9""]","[1.0859650743100246e-06, -4.206884263169286e-07, -3.170328071178119e-07]",1.1646024620694356e-06
episode_001_repeat_01/handoff_013,applied_interval,1113,1.933333434164524,"[1.0764566482207775e-09, 0.0580142362195612]","[1.0763419731243053e-09, 0.05801511814664842]",-1.1467509647216604e-13,8.819270872206797e-07,True,"[""F_9"", ""F_9"", ""F_9"", ""F_9"", ""F_9""]","[""F_9"", ""F_9"", ""F_9"", ""F_9"", ""F_9""]","[1.0859650743100246e-06, -4.2068842454057176e-07, -3.02334021817785e-07]",1.1646024614277637e-06
episode_001_repeat_01/handoff_013,applied_interval,1114,1.9500001017004251,"[1.0764566482207775e-09, 0.0580142362195612]","[1.0763419731243053e-09, 0.05801511814664842]",-1.1467509647216604e-13,8.819270872206797e-07,True,"[""F_9"", ""F_9"", ""F_9"", ""F_9"", ""F_9""]","[""F_9"", ""F_9"", ""F_9"", ""F_9"", ""F_9""]","[1.0859650743100246e-06, -4.206884227642149e-07, -2.8763523651775813e-07]",1.1646024607860917e-06
episode_001_repeat_01/handoff_013,applied_interval,1115,1.9666667692363262,"[1.0764566482207775e-09, 0.0580142362195612]","[1.0763419731243053e-09, 0.05801511814664842]",-1.1467509647216604e-13,8.819270872206797e-07,True,"[""F_9"", ""F_9"", ""F_9"", ""F_9"", ""F_9""]","[""F_9"", ""F_9"", ""F_9"", ""F_9"", ""F_9""]","[1.0859650743100246e-06, -4.206884209878581e-07, -2.7293645077364204e-07]",1.1646024601444196e-06
episode_001_repeat_01/handoff_013,applied_interval,1116,1.9833334367722273,"[1.0764566482207775e-09, 0.0580142362195612]","[1.0763419731243053e-09, 0.05801511814664842]",-1.1467509647216604e-13,8.819270872206797e-07,True,"[""F_9"", ""F_9"", ""F_9"", ""F_9"", ""F_9""]","[""F_9"", ""F_9"", ""F_9"", ""F_9"", ""F_9""]","[1.0859650743100246e-06, -4.2068841921150124e-07, -2.5823766502952594e-07]",1.1646024595027477e-06
episode_001_repeat_01/handoff_013,applied_interval,1117,2.0000001043081284,"[8.517587435754784e-10, 0.04259083860391523]","[8.516414562615842e-10, 0.04259148606608379]",-1.172873138942463e-13,6.474621685598203e-07,True,"[""F_9"", ""F_9"", ""F_9"", ""F_9"", ""F_9""]","[""F_9"", ""F_9"", ""F_9"", ""F_9"", ""F_9""]","[1.0859650743100246e-06, -4.206884174351444e-07, -2.4353887972949906e-07]",1.1646024588610758e-06
episode_001_repeat_01/handoff_013,applied_interval,1118,2.0166667718440294,"[8.517587435754784e-10, 0.04259083860391523]","[8.516414562615842e-10, 0.04259148606608379]",-1.172873138942463e-13,6.474621685598203e-07,True,"[""F_9"", ""F_9"", ""F_9"", ""F_9"", ""F_9""]","[""F_9"", ""F_9"", ""F_9"", ""F_9"", ""F_9""]","[1.0859650778627383e-06, -4.2068841565878756e-07, -2.3274784322069308e-07]",1.1646024615322278e-06
episode_001_repeat_01/handoff_013,applied_interval,1119,2.0333334393799305,"[8.517587435754784e-10, 0.04259083860391523]","[8.516414562615842e-10, 0.04259148606608379]",-1.172873138942463e-13,6.474621685598203e-07,True,"[""F_9"", ""F_9"", ""F_9"", ""F_9"", ""F_9""]","[""F_9"", ""F_9"", ""F_9"", ""F_9"", ""F_9""]","[1.0859650778627383e-06, -4.206884121060739e-07, -2.219568062677979e-07]",1.164602460248884e-06
episode_001_repeat_01/handoff_013,applied_interval,1120,2.0500001069158316,"[8.517587435754784e-10, 0.04259083860391523]","[8.516414562615842e-10, 0.04259148606608379]",-1.172873138942463e-13,6.474621685598203e-07,True,"[""F_9"", ""F_9"", ""F_9"", ""F_9"", ""F_9""]","[""F_9"", ""F_9"", ""F_9"", ""F_9"", ""F_9""]","[1.0859650778627383e-06, -4.2068841032971704e-07, -2.1116576931490272e-07]",1.164602459607212e-06
episode_001_repeat_01/handoff_013,applied_interval,1121,2.0666667744517326,"[8.517587435754784e-10, 0.04259083860391523]","[8.516414562615842e-10, 0.04259148606608379]",-1.172873138942463e-13,6.474621685598203e-07,True,"[""F_9"", ""F_9"", ""F_9"", ""F_9"", ""F_9""]","[""F_9"", ""F_9"", ""F_9"", ""F_9"", ""F_9""]","[1.0859650778627383e-06, -4.206884085533602e-07, -2.0037473280609674e-07]",1.1646024589655401e-06
episode_001_repeat_01/handoff_013,applied_interval,1122,2.0833334419876337,"[8.517587435754784e-10, 0.04259083860391523]","[8.516414562615842e-10, 0.04259148606608379]",-1.172873138942463e-13,6.474621685598203e-07,True,"[""F_9"", ""F_9"", ""F_9"", ""F_9"", ""F_9""]","[""F_9"", ""F_9"", ""F_9"", ""F_9"", ""F_9""]","[1.0859650778627383e-06, -4.2068840677700337e-07, -1.8958369629729077e-07]",1.164602458323868e-06
episode_001_repeat_01/handoff_013,applied_interval,1123,2.1000001095235348,"[6.930435981044848e-10, 0.03126781875098208]","[6.929246133941625e-10, 0.03126829408161332]",-1.189847103223035e-13,4.753306312443861e-07,True,"[""F_9"", ""F_9"", ""F_9"", ""F_9"", ""F_9""]","[""F_9"", ""F_9"", ""F_9"", ""F_9"", ""F_9""]","[1.0859650778627383e-06, -4.206884050006465e-07, -1.787926593443956e-07]",1.164602457682196e-06
episode_001_repeat_01/handoff_013,applied_interval,1124,2.116666777059436,"[6.930435981044848e-10, 0.03126781875098208]","[6.929246133941625e-10, 0.03126829408161332]",-1.189847103223035e-13,4.753306312443861e-07,True,"[""F_9"", ""F_9"", ""F_9"", ""F_9"", ""F_9""]","[""F_9"", ""F_9"", ""F_9"", ""F_9"", ""F_9""]","[1.0859650778627383e-06, -4.206884032242897e-07, -1.7087048176378516e-07]",1.1646024570405241e-06
episode_001_repeat_01/handoff_013,applied_interval,1125,2.133333444595337,"[6.930435981044848e-10, 0.03126781875098208]","[6.929246133941625e-10, 0.03126829408161332]",-1.189847103223035e-13,4.753306312443861e-07,True,"[""F_9"", ""F_9"", ""F_9"", ""F_9"", ""F_9""]","[""F_9"", ""F_9"", ""F_9"", ""F_9"", ""F_9""]","[1.0859650778627383e-06, -4.2068840144793285e-07, -1.6294830418317474e-07]",1.1646024563988522e-06
episode_001_repeat_01/handoff_013,applied_interval,1126,2.150000112131238,"[6.930435981044848e-10, 0.03126781875098208]","[6.929246133941625e-10, 0.03126829408161332]",-1.189847103223035e-13,4.753306312443861e-07,True,"[""F_9"", ""F_9"", ""F_9"", ""F_9"", ""F_9""]","[""F_9"", ""F_9"", ""F_9"", ""F_9"", ""F_9""]","[1.0859650778627383e-06, -4.20688399671576e-07, -1.5502612660256432e-07]",1.1646024557571803e-06
episode_001_repeat_01/handoff_013,applied_interval,1127,2.166666779667139,"[6.930435981044848e-10, 0.03126781875098208]","[6.929246133941625e-10, 0.03126829408161332]",-1.189847103223035e-13,4.753306312443861e-07,True,"[""F_9"", ""F_9"", ""F_9"", ""F_9"", ""F_9""]","[""F_9"", ""F_9"", ""F_9"", ""F_9"", ""F_9""]","[1.0859650778627383e-06, -4.2068839611886233e-07, -1.471039490219539e-07]",1.1646024544738364e-06
episode_001_repeat_01/handoff_013,applied_interval,1128,2.18333344720304,"[6.930435981044848e-10, 0.03126781875098208]","[6.929246133941625e-10, 0.03126829408161332]",-1.189847103223035e-13,4.753306312443861e-07,True,"[""F_9"", ""F_9"", ""F_9"", ""F_9"", ""F_9""]","[""F_9"", ""F_9"", ""F_9"", ""F_9"", ""F_9""]","[1.0859650778627383e-06, -4.206883943425055e-07, -1.3918177144134347e-07]",1.1646024538321645e-06
episode_001_repeat_01/handoff_013,applied_interval,1129,2.200000114738941,"[5.797224785621471e-10, 0.022955088075209344]","[5.796023561391929e-10, 0.02295543703644221]",-1.2012242295419886e-13,3.4896123286484726e-07,True,"[""F_9"", ""F_9"", ""F_9"", ""F_9"", ""F_9""]","[""F_9"", ""F_9"", ""F_9"", ""F_9"", ""F_9""]","[1.0859650778627383e-06, -4.2068839256614865e-07, -1.3125959386073305e-07]",1.1646024531904926e-06
episode_001_repeat_01/handoff_013,applied_interval,1130,2.2166667822748423,"[5.797224785621471e-10, 0.022955088075209344]","[5.796023561391929e-10, 0.02295543703644221]",-1.2012242295419886e-13,3.4896123286484726e-07,True,"[""F_9"", ""F_9"", ""F_9"", ""F_9"", ""F_9""]","[""F_9"", ""F_9"", ""F_9"", ""F_9"", ""F_9""]","[1.0859650778627383e-06, -4.2068838901343497e-07, -1.2544357286259356e-07]",1.1646024519071487e-06
episode_001_repeat_01/handoff_013,applied_interval,1131,2.2333334498107433,"[5.797224785621471e-10, 0.022955088075209344]","[5.796023561391929e-10, 0.02295543703644221]",-1.2012242295419886e-13,3.4896123286484726e-07,True,"[""F_9"", ""F_9"", ""F_9"", ""F_9"", ""F_9""]","[""F_9"", ""F_9"", ""F_9"", ""F_9"", ""F_9""]","[1.0859650778627383e-06, -4.2068838723707813e-07, -1.1962755230854327e-07]",1.1646024512654768e-06
episode_001_repeat_01/handoff_013,applied_interval,1132,2.2500001173466444,"[5.797224785621471e-10, 0.022955088075209344]","[5.796023561391929e-10, 0.02295543703644221]",-1.2012242295419886e-13,3.4896123286484726e-07,True,"[""F_9"", ""F_9"", ""F_9"", ""F_9"", ""F_9""]","[""F_9"", ""F_9"", ""F_9"", ""F_9"", ""F_9""]","[1.0859650778627383e-06, -4.206883854607213e-07, -1.1381153175449299e-07]",1.1646024506238049e-06
episode_001_repeat_01/handoff_013,applied_interval,1133,2.2666667848825455,"[5.797224785621471e-10, 0.022955088075209344]","[5.796023561391929e-10, 0.02295543703644221]",-1.2012242295419886e-13,3.4896123286484726e-07,True,"[""F_9"", ""F_9"", ""F_9"", ""F_9"", ""F_9""]","[""F_9"", ""F_9"", ""F_9"", ""F_9"", ""F_9""]","[1.0859650778627383e-06, -4.2068838368436445e-07, -1.079955107563535e-07]",1.164602449982133e-06
episode_001_repeat_01/handoff_013,applied_interval,1134,2.2833334524184465,"[5.797224785621471e-10, 0.022955088075209344]","[5.796023561391929e-10, 0.02295543703644221]",-1.2012242295419886e-13,3.4896123286484726e-07,True,"[""F_9"", ""F_9"", ""F_9"", ""F_9"", ""F_9""]","[""F_9"", ""F_9"", ""F_9"", ""F_9"", ""F_9""]","[1.0859650778627383e-06, -4.206883801316508e-07, -1.02179489758214e-07]",1.164602448698789e-06
episode_001_repeat_01/handoff_013,applied_interval,1135,2.3000001199543476,"[4.981900541624993e-10, 0.016852344933852098]","[4.980691511952961e-10, 0.016852601121721968]",-1.2090296720322549e-13,2.5618786986952857e-07,True,"[""F_9"", ""F_9"", ""F_9"", ""F_9"", ""F_9""]","[""F_9"", ""F_9"", ""F_9"", ""F_9"", ""F_9""]","[1.0859650778627383e-06, -4.2068837835529393e-07, -9.636346920416372e-08]",1.1646024480571172e-06
episode_001_repeat_01/handoff_013,applied_interval,1136,2.3166667874902487,"[4.981900541624993e-10, 0.016852344933852098]","[4.980691511952961e-10, 0.016852601121721968]",-1.2090296720322549e-13,2.5618786986952857e-07,True,"[""F_9"", ""F_9"", ""F_9"", ""F_9"", ""F_9""]","[""F_9"", ""F_9"", ""F_9"", ""F_9"", ""F_9""]","[1.0859650778627383e-06, -4.206883765789371e-07, -9.209367135554203e-08]",1.1646024474154452e-06
episode_001_repeat_01/handoff_013,applied_interval,1137,2.3333334550261497,"[4.981900541624993e-10, 0.016852344933852098]","[4.980691511952961e-10, 0.016852601121721968]",-1.2090296720322549e-13,2.5618786986952857e-07,True,"[""F_9"", ""F_9"", ""F_9"", ""F_9"", ""F_9""]","[""F_9"", ""F_9"", ""F_9"", ""F_9"", ""F_9""]","[1.0859650778627383e-06, -4.206883730262234e-07, -8.782387306283113e-08]",1.1646024461321014e-06
episode_001_repeat_01/handoff_013,applied_interval,1138,2.350000122562051,"[4.981900541624993e-10, 0.016852344933852098]","[4.980691511952961e-10, 0.016852601121721968]",-1.2090296720322549e-13,2.5618786986952857e-07,True,"[""F_9"", ""F_9"", ""F_9"", ""F_9"", ""F_9""]","[""F_9"", ""F_9"", ""F_9"", ""F_9"", ""F_9""]","[1.0859650778627383e-06, -4.206883712498666e-07, -8.355407477012022e-08]",1.1646024454904297e-06
episode_001_repeat_01/handoff_013,applied_interval,1139,2.366666790097952,"[4.981900541624993e-10, 0.016852344933852098]","[4.980691511952961e-10, 0.016852601121721968]",-1.2090296720322549e-13,2.5618786986952857e-07,True,"[""F_9"", ""F_9"", ""F_9"", ""F_9"", ""F_9""]","[""F_9"", ""F_9"", ""F_9"", ""F_9"", ""F_9""]","[1.0859650778627383e-06, -4.2068836947350974e-07, -7.928427692149853e-08]",1.1646024448487577e-06
episode_001_repeat_01/handoff_013,applied_interval,1140,2.383333457633853,"[4.981900541624993e-10, 0.016852344933852098]","[4.980691511952961e-10, 0.016852601121721968]",-1.2090296720322549e-13,2.5618786986952857e-07,True,"[""F_9"", ""F_9"", ""F_9"", ""F_9"", ""F_9""]","[""F_9"", ""F_9"", ""F_9"", ""F_9"", ""F_9""]","[1.085965081415452e-06, -4.206883676971529e-07, -7.501447907287684e-08]",1.1646024475199098e-06
episode_001_repeat_01/handoff_013,applied_interval,1141,2.400000125169754,"[4.392054451224286e-10, 0.012372051405790245]","[4.3908399722928423e-10, 0.012372239484631689]",-1.2144789314434733e-13,1.8807884144371456e-07,True,"[""F_9"", ""F_9"", ""F_9"", ""F_9"", ""F_9""]","[""F_9"", ""F_9"", ""F_9"", ""F_9"", ""F_9""]","[1.085965081415452e-06, -4.2068836592079606e-07, -7.074468078016594e-08]",1.1646024468782379e-06
episode_001_repeat_01/handoff_013,applied_interval,1142,2.416666792705655,"[4.392054451224286e-10, 0.012372051405790245]","[4.3908399722928423e-10, 0.012372239484631689]",-1.2144789314434733e-13,1.8807884144371456e-07,True,"[""F_9"", ""F_9"", ""F_9"", ""F_9"", ""F_9""]","[""F_9"", ""F_9"", ""F_9"", ""F_9"", ""F_9""]","[1.085965081415452e-06, -4.206883641444392e-07, -6.76100331276075e-08]",1.164602446236566e-06
episode_001_repeat_01/handoff_013,applied_interval,1143,2.433333460241556,"[4.392054451224286e-10, 0.012372051405790245]","[4.3908399722928423e-10, 0.012372239484631689]",-1.2144789314434733e-13,1.8807884144371456e-07,True,"[""F_9"", ""F_9"", ""F_9"", ""F_9"", ""F_9""]","[""F_9"", ""F_9"", ""F_9"", ""F_9"", ""F_9""]","[1.085965081415452e-06, -4.206883623680824e-07, -6.447538591913826e-08]",1.164602445594894e-06
episode_001_repeat_01/handoff_013,applied_interval,1144,2.4500001277774572,"[4.392054451224286e-10, 0.012372051405790245]","[4.3908399722928423e-10, 0.012372239484631689]",-1.2144789314434733e-13,1.8807884144371456e-07,True,"[""F_9"", ""F_9"", ""F_9"", ""F_9"", ""F_9""]","[""F_9"", ""F_9"", ""F_9"", ""F_9"", ""F_9""]","[1.085965081415452e-06, -4.2068836059172554e-07, -6.134073871066903e-08]",1.1646024449532223e-06
episode_001_repeat_01/handoff_013,applied_interval,1145,2.4666667953133583,"[4.392054451224286e-10, 0.012372051405790245]","[4.3908399722928423e-10, 0.012372239484631689]",-1.2144789314434733e-13,1.8807884144371456e-07,True,"[""F_9"", ""F_9"", ""F_9"", ""F_9"", ""F_9""]","[""F_9"", ""F_9"", ""F_9"", ""F_9"", ""F_9""]","[1.085965081415452e-06, -4.2068835703901186e-07, -5.820609105811059e-08]",1.1646024436698784e-06
episode_001_repeat_01/handoff_013,applied_interval,1146,2.4833334628492594,"[4.392054451224286e-10, 0.012372051405790245]","[4.3908399722928423e-10, 0.012372239484631689]",-1.2144789314434733e-13,1.8807884144371456e-07,True,"[""F_9"", ""F_9"", ""F_9"", ""F_9"", ""F_9""]","[""F_9"", ""F_9"", ""F_9"", ""F_9"", ""F_9""]","[1.085965081415452e-06, -4.20688355262655e-07, -5.5071443405552145e-08]",1.1646024430282065e-06
episode_001_repeat_01/handoff_013,applied_interval,1147,2.5000001303851604,"[3.9636314057831835e-10, 0.009082869866523]","[3.96241307259772e-10, 0.009083007943516588]",-1.2183331854633645e-13,1.3807699358880932e-07,True,"[""F_9"", ""F_9"", ""F_9"", ""F_9"", ""F_9""]","[""F_9"", ""F_9"", ""F_9"", ""F_9"", ""F_9""]","[1.085965081415452e-06, -4.206883534862982e-07, -5.193679619708291e-08]",1.1646024423865348e-06
episode_001_repeat_01/handoff_013,applied_interval,1148,2.5166667979210615,"[3.9636314057831835e-10, 0.009082869866523]","[3.96241307259772e-10, 0.009083007943516588]",-1.2183331854633645e-13,1.3807699358880932e-07,True,"[""F_9"", ""F_9"", ""F_9"", ""F_9"", ""F_9""]","[""F_9"", ""F_9"", ""F_9"", ""F_9"", ""F_9""]","[1.085965081415452e-06, -4.2068835170994134e-07, -4.963551258896359e-08]",1.1646024417448629e-06
episode_001_repeat_01/handoff_013,applied_interval,1149,2.5333334654569626,"[3.9636314057831835e-10, 0.009082869866523]","[3.96241307259772e-10, 0.009083007943516588]",-1.2183331854633645e-13,1.3807699358880932e-07,True,"[""F_9"", ""F_9"", ""F_9"", ""F_9"", ""F_9""]","[""F_9"", ""F_9"", ""F_9"", ""F_9"", ""F_9""]","[1.085965081415452e-06, -4.206883499335845e-07, -4.733422942493348e-08]",1.164602441103191e-06
episode_001_repeat_01/handoff_013,applied_interval,1150,2.5500001329928637,"[3.9636314057831835e-10, 0.009082869866523]","[3.96241307259772e-10, 0.009083007943516588]",-1.2183331854633645e-13,1.3807699358880932e-07,True,"[""F_9"", ""F_9"", ""F_9"", ""F_9"", ""F_9""]","[""F_9"", ""F_9"", ""F_9"", ""F_9"", ""F_9""]","[1.085965081415452e-06, -4.2068834815722767e-07, -4.503294626090337e-08]",1.164602440461519e-06
episode_001_repeat_01/handoff_013,applied_interval,1151,2.5666668005287647,"[3.9636314057831835e-10, 0.009082869866523]","[3.96241307259772e-10, 0.009083007943516588]",-1.2183331854633645e-13,1.3807699358880932e-07,True,"[""F_9"", ""F_9"", ""F_9"", ""F_9"", ""F_9""]","[""F_9"", ""F_9"", ""F_9"", ""F_9"", ""F_9""]","[1.085965081415452e-06, -4.206883463808708e-07, -4.273166265278405e-08]",1.1646024398198473e-06
episode_001_repeat_01/handoff_013,applied_interval,1152,2.583333468064666,"[3.9636314057831835e-10, 0.009082869866523]","[3.96241307259772e-10, 0.009083007943516588]",-1.2183331854633645e-13,1.3807699358880932e-07,True,"[""F_9"", ""F_9"", ""F_9"", ""F_9"", ""F_9""]","[""F_9"", ""F_9"", ""F_9"", ""F_9"", ""F_9""]","[1.085965081415452e-06, -4.20688344604514e-07, -4.043037904466473e-08]",1.1646024391781754e-06
episode_001_repeat_01/handoff_013,applied_interval,1153,2.600000135600567,"[3.65155625704876e-10, 0.006668136294000186]","[3.6503351710400996e-10, 0.006668237662425359]",-1.2210860086606231e-13,1.013684251729291e-07,True,"[""F_9"", ""F_9"", ""F_9"", ""F_9"", ""F_9""]","[""F_9"", ""F_9"", ""F_9"", ""F_9"", ""F_9""]","[1.085965081415452e-06, -4.2068834282815715e-07, -3.812909588063462e-08]",1.1646024385365035e-06
episode_001_repeat_01/handoff_013,applied_interval,1154,2.616666803136468,"[3.65155625704876e-10, 0.006668136294000186]","[3.6503351710400996e-10, 0.006668237662425359]",-1.2210860086606231e-13,1.013684251729291e-07,True,"[""F_9"", ""F_9"", ""F_9"", ""F_9"", ""F_9""]","[""F_9"", ""F_9"", ""F_9"", ""F_9"", ""F_9""]","[1.085965081415452e-06, -4.206883410518003e-07, -3.643962198651707e-08]",1.1646024378948315e-06
episode_001_repeat_01/handoff_013,applied_interval,1155,2.633333470672369,"[3.65155625704876e-10, 0.006668136294000186]","[3.6503351710400996e-10, 0.006668237662425359]",-1.2210860086606231e-13,1.013684251729291e-07,True,"[""F_9"", ""F_9"", ""F_9"", ""F_9"", ""F_9""]","[""F_9"", ""F_9"", ""F_9"", ""F_9"", ""F_9""]","[1.085965081415452e-06, -4.2068833927544347e-07, -3.475014809239951e-08]",1.1646024372531598e-06
episode_001_repeat_01/handoff_013,applied_interval,1156,2.65000013820827,"[3.65155625704876e-10, 0.006668136294000186]","[3.6503351710400996e-10, 0.006668237662425359]",-1.2210860086606231e-13,1.013684251729291e-07,True,"[""F_9"", ""F_9"", ""F_9"", ""F_9"", ""F_9""]","[""F_9"", ""F_9"", ""F_9"", ""F_9"", ""F_9""]","[1.085965081415452e-06, -4.2068833749908663e-07, -3.306067419828196e-08]",1.1646024366114879e-06
episode_001_repeat_01/handoff_013,applied_interval,1157,2.666666805744171,"[3.65155625704876e-10, 0.006668136294000186]","[3.6503351710400996e-10, 0.006668237662425359]",-1.2210860086606231e-13,1.013684251729291e-07,True,"[""F_9"", ""F_9"", ""F_9"", ""F_9"", ""F_9""]","[""F_9"", ""F_9"", ""F_9"", ""F_9"", ""F_9""]","[1.085965081415452e-06, -4.206883357227298e-07, -3.1371200304164404e-08]",1.1646024359698162e-06
episode_001_repeat_01/handoff_013,applied_interval,1158,2.683333473280072,"[3.65155625704876e-10, 0.006668136294000186]","[3.6503351710400996e-10, 0.006668237662425359]",-1.2210860086606231e-13,1.013684251729291e-07,True,"[""F_9"", ""F_9"", ""F_9"", ""F_9"", ""F_9""]","[""F_9"", ""F_9"", ""F_9"", ""F_9"", ""F_9""]","[1.085965081415452e-06, -4.2068833394637295e-07, -2.968172641004685e-08]",1.1646024353281442e-06
episode_001_repeat_01/handoff_013,applied_interval,1159,2.7000001408159733,"[3.4237544913233924e-10, 0.004895373630585808]","[3.422531425053345e-10, 0.00489544804962745]",-1.22306627004735e-13,7.441904164174479e-08,True,"[""F_9"", ""F_9"", ""F_9"", ""F_9"", ""F_9""]","[""F_9"", ""F_9"", ""F_9"", ""F_9"", ""F_9""]","[1.085965081415452e-06, -4.206883321700161e-07, -2.7992252515929295e-08]",1.1646024346864723e-06
episode_001_repeat_01/handoff_013,applied_interval,1160,2.7166668083518744,"[3.4237544913233924e-10, 0.004895373630585808]","[3.422531425053345e-10, 0.00489544804962745]",-1.22306627004735e-13,7.441904164174479e-08,True,"[""F_9"", ""F_9"", ""F_9"", ""F_9"", ""F_9""]","[""F_9"", ""F_9"", ""F_9"", ""F_9"", ""F_9""]","[1.085965081415452e-06, -4.2068833039365927e-07, -2.6751934889546192e-08]",1.1646024340448004e-06
episode_001_repeat_01/handoff_013,applied_interval,1161,2.7333334758877754,"[3.4237544913233924e-10, 0.004895373630585808]","[3.422531425053345e-10, 0.00489544804962745]",-1.22306627004735e-13,7.441904164174479e-08,True,"[""F_9"", ""F_9"", ""F_9"", ""F_9"", ""F_9""]","[""F_9"", ""F_9"", ""F_9"", ""F_9"", ""F_9""]","[1.085965081415452e-06, -4.2068832861730243e-07, -2.55116177072523e-08]",1.1646024334031287e-06
episode_001_repeat_01/handoff_013,applied_interval,1162,2.7500001434236765,"[3.4237544913233924e-10, 0.004895373630585808]","[3.422531425053345e-10, 0.00489544804962745]",-1.22306627004735e-13,7.441904164174479e-08,True,"[""F_9"", ""F_9"", ""F_9"", ""F_9"", ""F_9""]","[""F_9"", ""F_9"", ""F_9"", ""F_9"", ""F_9""]","[1.085965081415452e-06, -4.206883268409456e-07, -2.4271300524958406e-08]",1.164602432761457e-06
episode_001_repeat_01/handoff_013,applied_interval,1163,2.7666668109595776,"[3.4237544913233924e-10, 0.004895373630585808]","[3.422531425053345e-10, 0.00489544804962745]",-1.22306627004735e-13,7.441904164174479e-08,True,"[""F_9"", ""F_9"", ""F_9"", ""F_9"", ""F_9""]","[""F_9"", ""F_9"", ""F_9"", ""F_9"", ""F_9""]","[1.085965081415452e-06, -4.2068832506458875e-07, -2.3030982898575303e-08]",1.164602432119785e-06
episode_001_repeat_01/handoff_013,applied_interval,1164,2.7833334784954786,"[3.4237544913233924e-10, 0.004895373630585808]","[3.422531425053345e-10, 0.00489544804962745]",-1.22306627004735e-13,7.441904164174479e-08,True,"[""F_9"", ""F_9"", ""F_9"", ""F_9"", ""F_9""]","[""F_9"", ""F_9"", ""F_9"", ""F_9"", ""F_9""]","[1.085965081415452e-06, -4.206883232882319e-07, -2.17906652721922e-08]",1.1646024314781131e-06
episode_001_repeat_01/handoff_013,applied_interval,1165,2.8000001460313797,"[3.25721392070633e-10, 0.0035939101911138718]","[3.255989422230624e-10, 0.0035939648254224897]",-1.224498475706215e-13,5.4634308617983185e-08,True,"[""F_9"", ""F_9"", ""F_9"", ""F_9"", ""F_9""]","[""F_9"", ""F_9"", ""F_9"", ""F_9"", ""F_9""]","[1.0859650849681657e-06, -4.206883215118751e-07, -2.0550348089898307e-08]",1.1646024341492654e-06
episode_001_repeat_01/handoff_013,applied_interval,1166,2.8166668135672808,"[3.25721392070633e-10, 0.0035939101911138718]","[3.255989422230624e-10, 0.0035939648254224897]",-1.224498475706215e-13,5.4634308617983185e-08,True,"[""F_9"", ""F_9"", ""F_9"", ""F_9"", ""F_9""]","[""F_9"", ""F_9"", ""F_9"", ""F_9"", ""F_9""]","[1.0859650849681657e-06, -4.2068831973551823e-07, -1.9639776027702283e-08]",1.1646024335075937e-06
episode_001_repeat_01/handoff_013,applied_interval,1167,2.833333481103182,"[3.25721392070633e-10, 0.0035939101911138718]","[3.255989422230624e-10, 0.0035939648254224897]",-1.224498475706215e-13,5.4634308617983185e-08,True,"[""F_9"", ""F_9"", ""F_9"", ""F_9"", ""F_9""]","[""F_9"", ""F_9"", ""F_9"", ""F_9"", ""F_9""]","[1.0859650849681657e-06, -4.206883179591614e-07, -1.8729204409595468e-08]",1.1646024328659217e-06
episode_001_repeat_01/handoff_013,applied_interval,1168,2.850000148639083,"[3.25721392070633e-10, 0.0035939101911138718]","[3.255989422230624e-10, 0.0035939648254224897]",-1.224498475706215e-13,5.4634308617983185e-08,True,"[""F_9"", ""F_9"", ""F_9"", ""F_9"", ""F_9""]","[""F_9"", ""F_9"", ""F_9"", ""F_9"", ""F_9""]","[1.0859650849681657e-06, -4.2068831618280456e-07, -1.7818632791488653e-08]",1.16460243222425e-06
episode_001_repeat_01/handoff_013,applied_interval,1169,2.866666816174984,"[3.25721392070633e-10, 0.0035939101911138718]","[3.255989422230624e-10, 0.0035939648254224897]",-1.224498475706215e-13,5.4634308617983185e-08,True,"[""F_9"", ""F_9"", ""F_9"", ""F_9"", ""F_9""]","[""F_9"", ""F_9"", ""F_9"", ""F_9"", ""F_9""]","[1.0859650849681657e-06, -4.206883144064477e-07, -1.690806072929263e-08]",1.1646024315825781e-06
episode_001_repeat_01/handoff_013,applied_interval,1170,2.883333483710885,"[3.25721392070633e-10, 0.0035939101911138718]","[3.255989422230624e-10, 0.0035939648254224897]",-1.224498475706215e-13,5.4634308617983185e-08,True,"[""F_9"", ""F_9"", ""F_9"", ""F_9"", ""F_9""]","[""F_9"", ""F_9"", ""F_9"", ""F_9"", ""F_9""]","[1.0859650885208794e-06, -4.206883126300909e-07, -1.5997488667096604e-08]",1.1646024342537304e-06
episode_001_repeat_01/handoff_013,applied_interval,1171,2.900000151246786,"[3.13532364405626e-10, 0.0026384483466143894]","[3.134098105669734e-10, 0.0026384884560760025]",-1.2255383865258885e-13,4.010946161314699e-08,True,"[""F_9"", ""F_9"", ""F_9"", ""F_9"", ""F_9""]","[""F_9"", ""F_9"", ""F_9"", ""F_9"", ""F_9""]","[1.0859650885208794e-06, -4.2068831085373404e-07, -1.508691704898979e-08]",1.1646024336120585e-06
episode_001_repeat_01/handoff_013,applied_interval,1172,2.916666818782687,"[3.13532364405626e-10, 0.0026384483466143894]","[3.134098105669734e-10, 0.0026384884560760025]",-1.2255383865258885e-13,4.010946161314699e-08,True,"[""F_9"", ""F_9"", ""F_9"", ""F_9"", ""F_9""]","[""F_9"", ""F_9"", ""F_9"", ""F_9"", ""F_9""]","[1.0859650885208794e-06, -4.206883090773772e-07, -1.4418426008688812e-08]",1.1646024329703867e-06
episode_001_repeat_01/handoff_013,applied_interval,1173,2.9333334863185883,"[3.13532364405626e-10, 0.0026384483466143894]","[3.134098105669734e-10, 0.0026384884560760025]",-1.2255383865258885e-13,4.010946161314699e-08,True,"[""F_9"", ""F_9"", ""F_9"", ""F_9"", ""F_9""]","[""F_9"", ""F_9"", ""F_9"", ""F_9"", ""F_9""]","[1.0859650885208794e-06, -4.2068830730102036e-07, -1.3749934968387834e-08]",1.164602432328715e-06
episode_001_repeat_01/handoff_013,applied_interval,1174,2.9500001538544893,"[3.13532364405626e-10, 0.0026384483466143894]","[3.134098105669734e-10, 0.0026384884560760025]",-1.2255383865258885e-13,4.010946161314699e-08,True,"[""F_9"", ""F_9"", ""F_9"", ""F_9"", ""F_9""]","[""F_9"", ""F_9"", ""F_9"", ""F_9"", ""F_9""]","[1.0859650885208794e-06, -4.206883055246635e-07, -1.3081443928086856e-08]",1.164602431687043e-06
episode_001_repeat_01/handoff_013,applied_interval,1175,2.9666668213903904,"[3.13532364405626e-10, 0.0026384483466143894]","[3.134098105669734e-10, 0.0026384884560760025]",-1.2255383865258885e-13,4.010946161314699e-08,True,"[""F_9"", ""F_9"", ""F_9"", ""F_9"", ""F_9""]","[""F_9"", ""F_9"", ""F_9"", ""F_9"", ""F_9""]","[1.0859650885208794e-06, -4.206883037483067e-07, -1.2412952887785877e-08]",1.1646024310453714e-06
episode_001_repeat_01/handoff_013,applied_interval,1176,2.9833334889262915,"[3.13532364405626e-10, 0.0026384483466143894]","[3.134098105669734e-10, 0.0026384884560760025]",-1.2255383865258885e-13,4.010946161314699e-08,True,"[""F_9"", ""F_9"", ""F_9"", ""F_9"", ""F_9""]","[""F_9"", ""F_9"", ""F_9"", ""F_9"", ""F_9""]","[1.0859650885208794e-06, -4.2068830197194984e-07, -1.17444618474849e-08]",1.1646024304036995e-06
episode_008_repeat_01/handoff_023,submit_result,1806,0.03333333507180214,"[0.29358844212237917, 1.2366414691290075]","[0.2935884421909909, 1.2364511817103945]",6.861172741068344e-11,-0.00019028741861304432,True,"[""bridge_1"", ""E*"", ""F_3"", ""F_4"", ""F_5""]","[""bridge_1"", ""E*"", ""F_3"", ""F_4"", ""F_5""]","[0.0, 0.0, 0.0]",0.0
episode_008_repeat_01/handoff_023,submit_result,1812,0.13333334028720856,"[0.09358843367601202, 0.9417849422704553]","[0.09358843378470395, 0.9416138487910123]",1.0869193045603964e-10,-0.00017109347944299635,True,"[""bridge_1"", ""E*"", ""F_3"", ""F_4"", ""F_5""]","[""bridge_1"", ""E*"", ""F_3"", ""F_4"", ""F_5""]","[-1.0983477594095348e-07, -1.5981972723011495e-07, -1.5857285711184943e-05]",1.939227248620125e-07
episode_008_repeat_01/handoff_023,submit_result,1818,0.23333334550261497,"[0.0, 0.7221960631571054]","[0.0, 0.7220643350836621]",0.0,-0.00013172807344330462,True,"[""bridge_1"", ""E*"", ""F_3"", ""F_4"", ""F_5""]","[""bridge_1"", ""E*"", ""F_3"", ""F_4"", ""F_5""]","[-2.535220922084136e-07, -4.1082093815703047e-07, -3.328653355261224e-05]",4.827497223882723e-07
episode_008_repeat_01/handoff_023,submit_result,1824,0.3333333507180214,"[0.0, 0.5550205526224111]","[0.0, 0.5549214781731038]",0.0,-9.907444930734588e-05,True,"[""bridge_1"", ""E*"", ""F_3"", ""F_4"", ""F_5""]","[""bridge_1"", ""E*"", ""F_3"", ""F_4"", ""F_5""]","[-2.7759421072914847e-07, -4.5931940917398606e-07, -4.711543171831423e-05]",5.366869343241723e-07
episode_008_repeat_01/handoff_023,submit_result,1830,0.4333333559334278,"[0.0, 0.4285384878388183]","[0.20000000730032233, 0.9606169720976526]",0.20000000730032233,0.5320784842588343,True,"[""bridge_1"", ""E*"", ""F_3"", ""F_4"", ""F_5""]","[""E*"", ""F_3"", ""F_4"", ""F_5"", ""F_6""]","[-2.7759421072914847e-07, -4.5931940917398606e-07, -5.756710426352285e-05]",5.366869343241723e-07
episode_008_repeat_01/handoff_023,submit_result,1836,0.5333333611488342,"[0.20000000772529028, 0.8254857529738319]","[0.3163682217283054, 0.8040321492412806]",0.11636821400301514,-0.02145360373255123,True,"[""E*"", ""F_3"", ""F_4"", ""F_5"", ""F_6""]","[""E*"", ""F_3"", ""F_4"", ""F_5"", ""F_6""]","[0.015988366329420245, -0.004690105950260204, 0.04428065765556921]",0.016662081253805156
episode_008_repeat_01/handoff_023,submit_result,1842,0.6333333663642406,"[0.3333868316605637, 0.7191401716278688]","[0.2562997908527614, 0.5085555554942075]",-0.07708704080780232,-0.2105846161336613,True,"[""E*"", ""F_3"", ""F_4"", ""F_5"", ""F_6""]","[""E*"", ""F_3"", ""F_4"", ""F_5"", ""F_6""]","[0.028930380558481517, -0.006510371704468554, 0.051360832451430305]",0.029653867521605173
episode_008_repeat_01/handoff_023,submit_result,1848,0.7333333715796471,"[0.262369464529571, 0.442700158523813]","[0.20000003860053764, 0.30122188725581495]",-0.062369425929033356,-0.14147827126799806,True,"[""E*"", ""F_3"", ""F_4"", ""F_5"", ""F_6""]","[""E*"", ""F_3"", ""F_4"", ""F_5"", ""F_6""]","[0.024681944232504804, -0.004665438666812349, 0.03345455344419834]",0.025119010510970867
episode_008_repeat_01/handoff_023,submit_result,1854,0.8333333767950535,"[0.4623694741178853, 0.925656632472214]","[0.40000004819643786, 0.8012217044990969]",-0.06236942592144745,-0.12443492797311706,True,"[""F_5"", ""F_6"", ""F_7"", ""F_8"", ""F_9""]","[""F_5"", ""F_6"", ""F_7"", ""F_8"", ""F_9""]","[0.018298137352338983, -0.0033925226224980065, 0.018154953105035787]",0.018609971528974027
episode_008_repeat_01/handoff_023,submit_result,1860,0.9333333820104599,"[0.6623694831347786, 0.6674941378205079]","[0.6000000572931423, 0.6573395586043217]",-0.062369425841636295,-0.010154579216186232,True,"[""F_5"", ""F_6"", ""F_7"", ""F_8"", ""F_9""]","[""F_5"", ""F_6"", ""F_7"", ""F_8"", ""F_9""]","[0.012092350292540743, -0.00265773038859507, 0.005427403922351193]",0.012380971949567283
episode_008_repeat_01/handoff_023,submit_result,1866,1.0333333872258663,"[0.8, 0.40773725782156]","[0.8, 0.4105712257169891]",0.0,0.0028339678954291125,True,"[""F_5"", ""F_6"", ""F_7"", ""F_8"", ""F_9""]","[""F_5"", ""F_6"", ""F_7"", ""F_8"", ""F_9""]","[0.00585411019967097, -0.0026738905067631435, 0.0025072733691544613]",0.006435860212283183
episode_008_repeat_01/handoff_023,submit_result,1872,1.1333333924412727,"[0.8, 0.3592416774817514]","[0.8, 0.36167591439039776]",0.0,0.002434236908646359,True,"[""F_6"", ""F_7"", ""F_8"", ""F_9"", ""F_9""]","[""F_6"", ""F_7"", ""F_8"", ""F_9"", ""F_9""]","[0.004800064468859944, -0.002559487847761943, 0.002574194376993688]",0.005439815892845342
episode_008_repeat_01/handoff_023,submit_result,1878,1.2333333976566792,"[0.8, 0.23164429219282107]","[0.8, 0.23347216168211019]",0.0,0.001827869489289119,True,"[""F_6"", ""F_7"", ""F_8"", ""F_9"", ""F_9""]","[""F_6"", ""F_7"", ""F_8"", ""F_9"", ""F_9""]","[0.004772058110660282, -0.002345160832913251, 0.002824280264013712]",0.005317171987414829
episode_008_repeat_01/handoff_023,submit_result,1884,1.3333334028720856,"[0.8, 0.2308610607534303]","[0.8, 0.2319425373589864]",0.0,0.0010814766055561031,True,"[""F_7"", ""F_8"", ""F_9"", ""F_9"", ""F_9""]","[""F_7"", ""F_8"", ""F_9"", ""F_9"", ""F_9""]","[0.004734442115069015, -0.002114214961107308, 0.0030171733466590744]",0.00518505998448515
episode_008_repeat_01/handoff_023,submit_result,1890,1.433333408087492,"[0.8, 0.14147520474022526]","[0.8, 0.13951562026561654]",0.0,-0.0019595844746087276,True,"[""F_7"", ""F_8"", ""F_9"", ""F_9"", ""F_9""]","[""F_7"", ""F_8"", ""F_9"", ""F_9"", ""F_9""]","[0.0046891293595408, -0.0018718072617822656, 0.0031377608948992552]",0.005048920337633417
episode_008_repeat_01/handoff_023,submit_result,1896,1.5333334133028984,"[0.7999999851052829, 0.04454775068994626]","[0.8, 0.0950627284759964]",1.4894717126345824e-08,0.05051497778605014,True,"[""F_7"", ""F_8"", ""F_9"", ""F_9"", ""F_9""]","[""F_8"", ""F_9"", ""F_9"", ""F_9"", ""F_9""]","[0.00463895595386532, -0.0016300619624871615, 0.0029924867911970132]",0.004917012745910875
episode_008_repeat_01/handoff_023,submit_result,1902,1.6333334185183048,"[0.7383392916080534, 0.011034541146017467]","[0.7275344234301053, -0.0077454789966990905]",-0.010804868177948124,-0.01878002014271656,True,"[""F_8"", ""F_9"", ""F_9"", ""F_9"", ""F_9""]","[""F_8"", ""F_9"", ""F_9"", ""F_9"", ""F_9""]","[0.004557703948812275, -0.001261592098355635, 0.00716940874996741]",0.004729088697376311
episode_008_repeat_01/handoff_023,submit_result,1908,1.7333334237337112,"[0.5383393059162848, -0.03794802084878762]","[0.5275344388963453, -0.05572915573496497]",-0.010804867019939435,-0.01778113488617735,True,"[""F_9"", ""F_9"", ""F_9"", ""F_9"", ""F_9""]","[""F_9"", ""F_9"", ""F_9"", ""F_9"", ""F_9""]","[0.0035602155411531555, -0.0009296740033590822, 0.006446323330131065]",0.003679596234913575
episode_008_repeat_01/handoff_023,submit_result,1914,1.8333334289491177,"[0.3383393107839395, -0.07941360354284324]","[0.3275344344633892, -0.09252017183347579]",-0.010804876320550272,-0.013106568290632545,True,"[""F_9"", ""F_9"", ""F_9"", ""F_9"", ""F_9""]","[""F_9"", ""F_9"", ""F_9"", ""F_9"", ""F_9""]","[0.0024367000062675004, -0.0008564703139448682, 0.004651561660298675]",0.002582837261465162
episode_008_repeat_01/handoff_023,submit_result,1920,1.933333434164524,"[0.13833932175002936, -0.08546177333868592]","[0.1275344460908094, -0.0936428647774787]",-0.010804875659219948,-0.008181091438792781,True,"[""F_9"", ""F_9"", ""F_9"", ""F_9"", ""F_9""]","[""F_9"", ""F_9"", ""F_9"", ""F_9"", ""F_9""]","[0.0013498244864891262, -0.0009433115346730858, 0.0032629953155574043]",0.0016467734500449434
episode_008_repeat_01/handoff_023,submit_result,1926,2.0333334393799305,"[9.255690613903795e-09, -0.0642872520144558]","[9.383029856870426e-09, -0.07021133057173277]",1.2733924296663035e-10,-0.005924078557276974,True,"[""F_9"", ""F_9"", ""F_9"", ""F_9"", ""F_9""]","[""F_9"", ""F_9"", ""F_9"", ""F_9"", ""F_9""]","[0.0002822729391986911, -0.0011168957545528713, 0.0023627948438647017]",0.0011520130809769893
episode_008_repeat_01/handoff_023,submit_result,1932,2.133333444595337,"[0.0, -0.047284118651076346]","[0.0, -0.05162857803473335]",0.0,-0.004344459383657004,True,"[""F_9"", ""F_9"", ""F_9"", ""F_9"", ""F_9""]","[""F_9"", ""F_9"", ""F_9"", ""F_9"", ""F_9""]","[0.00010476699004158263, -0.0011476644061367836, 0.0017327700739206975]",0.0011524364239799388
episode_008_repeat_01/handoff_023,submit_result,1938,2.2333334498107433,"[0.0, -0.034718370937969506]","[0.0, -0.037907564889518276]",0.0,-0.0031891939515487702,True,"[""F_9"", ""F_9"", ""F_9"", ""F_9"", ""F_9""]","[""F_9"", ""F_9"", ""F_9"", ""F_9"", ""F_9""]","[0.00010476699207373485, -0.001147664405472426, 0.0012719971252961315]",0.0011524364235030735
episode_008_repeat_01/handoff_023,submit_result,1944,2.3333334550261497,"[0.0, -0.02548857596807366]","[0.0, -0.027829889103870343]",0.0,-0.002341313135796684,True,"[""F_9"", ""F_9"", ""F_9"", ""F_9"", ""F_9""]","[""F_9"", ""F_9"", ""F_9"", ""F_9"", ""F_9""]","[0.00010476699207373485, -0.001147664405472426, 0.0009338232886371145]",0.0011524364235030735
episode_008_repeat_01/handoff_023,submit_result,1950,2.433333460241556,"[0.0, -0.018712306579441906]","[0.0, -0.020431167191422583]",0.0,-0.001718860611980677,True,"[""F_9"", ""F_9"", ""F_9"", ""F_9"", ""F_9""]","[""F_9"", ""F_9"", ""F_9"", ""F_9"", ""F_9""]","[0.00010476699207373485, -0.001147664405472426, 0.0006855606151803251]",0.0011524364235030735
episode_008_repeat_01/handoff_023,submit_result,1956,2.5333334654569626,"[0.0, -0.013737532368152304]","[0.0, -0.014999423878186228]",0.0,-0.0012618915100339242,True,"[""F_9"", ""F_9"", ""F_9"", ""F_9"", ""F_9""]","[""F_9"", ""F_9"", ""F_9"", ""F_9"", ""F_9""]","[0.00010476699207373485, -0.001147664405472426, 0.0005033003357453047]",0.0011524364235030735
episode_008_repeat_01/handoff_023,submit_result,1962,2.633333470672369,"[0.0, -0.010085329836644301]","[0.0, -0.01101174017439844]",0.0,-0.0009264103377541379,True,"[""F_9"", ""F_9"", ""F_9"", ""F_9"", ""F_9""]","[""F_9"", ""F_9"", ""F_9"", ""F_9"", ""F_9""]","[0.00010476699207373485, -0.001147664405472426, 0.0003694950260642038]",0.0011524364235030735
episode_008_repeat_01/handoff_023,submit_result,1968,2.7333334758877754,"[0.0, -0.00740408646168968]","[0.0, -0.008084205243246139]",0.0,-0.0006801187815564588,True,"[""F_9"", ""F_9"", ""F_9"", ""F_9"", ""F_9""]","[""F_9"", ""F_9"", ""F_9"", ""F_9"", ""F_9""]","[0.00010476699207373485, -0.001147664405472426, 0.00027126263429311237]",0.0011524364235030735
episode_008_repeat_01/handoff_023,submit_result,1974,2.833333481103182,"[0.0, -0.005435667171962306]","[0.0, -0.005934972434727108]",0.0,-0.0004993052627648015,True,"[""F_9"", ""F_9"", ""F_9"", ""F_9"", ""F_9""]","[""F_9"", ""F_9"", ""F_9"", ""F_9"", ""F_9""]","[0.00010476699207373485, -0.001147664405472426, 0.0001991458931063228]",0.0011524364235030735
episode_008_repeat_01/handoff_023,submit_result,1980,2.9333334863185883,"[0.0, -0.0039905635565266944]","[0.0, -0.004357125622137118]",0.0,-0.0003665620656104233,True,"[""F_9"", ""F_9"", ""F_9"", ""F_9"", ""F_9""]","[""F_9"", ""F_9"", ""F_9"", ""F_9"", ""F_9""]","[0.00010476699207373485, -0.001147664405472426, 0.00014620180542301853]",0.0011524364235030735
episode_008_repeat_01/handoff_023,applied_interval,1804,0.0,"[0.49358844870431834, 0.7828150725091488]","[0.49358844870431834, 0.7828150725091488]",0.0,0.0,False,"[""COMMON_B_COMMAND""]","[""COMMON_B_COMMAND""]","[0.0, 0.0, 0.0]",0.0
episode_008_repeat_01/handoff_023,applied_interval,1805,0.01666666753590107,"[0.49358844870431834, 0.7828150725091488]","[0.49358844870431834, 0.7828150725091488]",0.0,0.0,False,"[""COMMON_B_COMMAND""]","[""COMMON_B_COMMAND""]","[0.0, 0.0, 0.0]",0.0
episode_008_repeat_01/handoff_023,applied_interval,1806,0.03333333507180214,"[0.49358844870431834, 0.7828150725091488]","[0.49358844870431834, 0.7828150725091488]",0.0,0.0,False,"[""COMMON_B_COMMAND""]","[""COMMON_B_COMMAND""]","[0.0, 0.0, 0.0]",0.0
episode_008_repeat_01/handoff_023,applied_interval,1807,0.05000000260770321,"[0.29358844212237917, 1.2366414691290075]","[0.2935884421909909, 1.2364511817103945]",6.861172741068344e-11,-0.00019028741861304432,True,"[""bridge_1"", ""E*"", ""F_3"", ""F_4"", ""F_5""]","[""bridge_1"", ""E*"", ""F_3"", ""F_4"", ""F_5""]","[0.0, 0.0, 0.0]",0.0
episode_008_repeat_01/handoff_023,applied_interval,1808,0.06666667014360428,"[0.29358844212237917, 1.2366414691290075]","[0.2935884421909909, 1.2364511817103945]",6.861172741068344e-11,-0.00019028741861304432,True,"[""bridge_1"", ""E*"", ""F_3"", ""F_4"", ""F_5""]","[""bridge_1"", ""E*"", ""F_3"", ""F_4"", ""F_5""]","[-4.738538450510532e-09, -6.144102115968053e-09, -3.1714571422369886e-06]",7.7591067435891e-09
episode_008_repeat_01/handoff_023,applied_interval,1809,0.08333333767950535,"[0.29358844212237917, 1.2366414691290075]","[0.2935884421909909, 1.2364511817103945]",6.861172741068344e-11,-0.00019028741861304432,True,"[""bridge_1"", ""E*"", ""F_3"", ""F_4"", ""F_5""]","[""bridge_1"", ""E*"", ""F_3"", ""F_4"", ""F_5""]","[-1.861588216911514e-08, -2.4832242928596315e-08, -6.342914284473977e-06]",3.1035324354664e-08
episode_008_repeat_01/handoff_023,applied_interval,1810,0.10000000521540642,"[0.29358844212237917, 1.2366414691290075]","[0.2935884421909909, 1.2364511817103945]",6.861172741068344e-11,-0.00019028741861304432,True,"[""bridge_1"", ""E*"", ""F_3"", ""F_4"", ""F_5""]","[""bridge_1"", ""E*"", ""F_3"", ""F_4"", ""F_5""]","[-4.1113100479606146e-08, -5.643840950142476e-08, -9.514371426710966e-06]",6.982536142474813e-08
episode_008_repeat_01/handoff_023,applied_interval,1811,0.11666667275130749,"[0.29358844212237917, 1.2366414691290075]","[0.2935884421909909, 1.2364511817103945]",6.861172741068344e-11,-0.00019028741861304432,True,"[""bridge_1"", ""E*"", ""F_3"", ""F_4"", ""F_5""]","[""bridge_1"", ""E*"", ""F_3"", ""F_4"", ""F_5""]","[-7.169984073129854e-08, -1.013204418143232e-07, -1.2685828568947954e-05]",1.2412372492937533e-07
episode_008_repeat_01/handoff_023,applied_interval,1812,0.13333334028720856,"[0.29358844212237917, 1.2366414691290075]","[0.2935884421909909, 1.2364511817103945]",6.861172741068344e-11,-0.00019028741861304432,True,"[""bridge_1"", ""E*"", ""F_3"", ""F_4"", ""F_5""]","[""bridge_1"", ""E*"", ""F_3"", ""F_4"", ""F_5""]","[-1.0983477594095348e-07, -1.5981972723011495e-07, -1.5857285711184943e-05]",1.939227248620125e-07
episode_008_repeat_01/handoff_023,applied_interval,1813,0.15000000782310963,"[0.09358843367601202, 0.9417849422704553]","[0.09358843378470395, 0.9416138487910123]",1.0869193045603964e-10,-0.00017109347944299635,True,"[""bridge_1"", ""E*"", ""F_3"", ""F_4"", ""F_5""]","[""bridge_1"", ""E*"", ""F_3"", ""F_4"", ""F_5""]","[-1.5496605598741553e-07, -2.3226091272476879e-07, -1.902874285342193e-05]",2.7921248197034006e-07
episode_008_repeat_01/handoff_023,applied_interval,1814,0.1666666753590107,"[0.09358843367601202, 0.9417849422704553]","[0.09358843378470395, 0.9416138487910123]",1.0869193045603964e-10,-0.00017109347944299635,True,"[""bridge_1"", ""E*"", ""F_3"", ""F_4"", ""F_5""]","[""bridge_1"", ""E*"", ""F_3"", ""F_4"", ""F_5""]","[-1.7134478014213528e-07, -2.5964070360373626e-07, -2.1880300993259993e-05]",3.110825109995737e-07
episode_008_repeat_01/handoff_023,applied_interval,1815,0.18333334289491177,"[0.09358843367601202, 0.9417849422704553]","[0.09358843378470395, 0.9416138487910123]",1.0869193045603964e-10,-0.00017109347944299635,True,"[""bridge_1"", ""E*"", ""F_3"", ""F_4"", ""F_5""]","[""bridge_1"", ""E*"", ""F_3"", ""F_4"", ""F_5""]","[-1.8951586611137827e-07, -2.9112601396263926e-07, -2.4731859133098055e-05]",3.4737676881697297e-07
episode_008_repeat_01/handoff_023,applied_interval,1816,0.20000001043081284,"[0.09358843367601202, 0.9417849422704553]","[0.09358843378470395, 0.9416138487910123]",1.0869193045603964e-10,-0.00017109347944299635,True,"[""bridge_1"", ""E*"", ""F_3"", ""F_4"", ""F_5""]","[""bridge_1"", ""E*"", ""F_3"", ""F_4"", ""F_5""]","[-2.093539315239923e-07, -3.267789026040191e-07, -2.7583417272936117e-05]",3.880895770716336e-07
episode_008_repeat_01/handoff_023,applied_interval,1817,0.2166666779667139,"[0.09358843367601202, 0.9417849422704553]","[0.09358843378470395, 0.9416138487910123]",1.0869193045603964e-10,-0.00017109347944299635,True,"[""bridge_1"", ""E*"", ""F_3"", ""F_4"", ""F_5""]","[""bridge_1"", ""E*"", ""F_3"", ""F_4"", ""F_5""]","[-2.3073210897450736e-07, -3.6665849023620467e-07, -3.043497541277418e-05]",4.332155982580924e-07
episode_008_repeat_01/handoff_023,applied_interval,1818,0.23333334550261497,"[0.09358843367601202, 0.9417849422704553]","[0.09358843378470395, 0.9416138487910123]",1.0869193045603964e-10,-0.00017109347944299635,True,"[""bridge_1"", ""E*"", ""F_3"", ""F_4"", ""F_5""]","[""bridge_1"", ""E*"", ""F_3"", ""F_4"", ""F_5""]","[-2.535220922084136e-07, -4.1082093815703047e-07, -3.328653355261224e-05]",4.827497223882723e-07
episode_008_repeat_01/handoff_023,applied_interval,1819,0.25000001303851604,"[0.0, 0.7221960631571054]","[0.0, 0.7220643350836621]",0.0,-0.00013172807344330462,True,"[""bridge_1"", ""E*"", ""F_3"", ""F_4"", ""F_5""]","[""bridge_1"", ""E*"", ""F_3"", ""F_4"", ""F_5""]","[-2.7759421072914847e-07, -4.5931940917398606e-07, -3.61380916924503e-05]",5.366869343241723e-07
episode_008_repeat_01/handoff_023,applied_interval,1820,0.2666666805744171,"[0.0, 0.7221960631571054]","[0.0, 0.7220643350836621]",0.0,-0.00013172807344330462,True,"[""bridge_1"", ""E*"", ""F_3"", ""F_4"", ""F_5""]","[""bridge_1"", ""E*"", ""F_3"", ""F_4"", ""F_5""]","[-2.7759421072914847e-07, -4.5931940917398606e-07, -3.833355969762309e-05]",5.366869343241723e-07
episode_008_repeat_01/handoff_023,applied_interval,1821,0.2833333481103182,"[0.0, 0.7221960631571054]","[0.0, 0.7220643350836621]",0.0,-0.00013172807344330462,True,"[""bridge_1"", ""E*"", ""F_3"", ""F_4"", ""F_5""]","[""bridge_1"", ""E*"", ""F_3"", ""F_4"", ""F_5""]","[-2.7759421072914847e-07, -4.5931940917398606e-07, -4.052902770279587e-05]",5.366869343241723e-07
episode_008_repeat_01/handoff_023,applied_interval,1822,0.30000001564621925,"[0.0, 0.7221960631571054]","[0.0, 0.7220643350836621]",0.0,-0.00013172807344330462,True,"[""bridge_1"", ""E*"", ""F_3"", ""F_4"", ""F_5""]","[""bridge_1"", ""E*"", ""F_3"", ""F_4"", ""F_5""]","[-2.7759421072914847e-07, -4.5931940917398606e-07, -4.272449570796866e-05]",5.366869343241723e-07
episode_008_repeat_01/handoff_023,applied_interval,1823,0.3166666831821203,"[0.0, 0.7221960631571054]","[0.0, 0.7220643350836621]",0.0,-0.00013172807344330462,True,"[""bridge_1"", ""E*"", ""F_3"", ""F_4"", ""F_5""]","[""bridge_1"", ""E*"", ""F_3"", ""F_4"", ""F_5""]","[-2.7759421072914847e-07, -4.5931940917398606e-07, -4.491996371314144e-05]",5.366869343241723e-07
episode_008_repeat_01/handoff_023,applied_interval,1824,0.3333333507180214,"[0.0, 0.7221960631571054]","[0.0, 0.7220643350836621]",0.0,-0.00013172807344330462,True,"[""bridge_1"", ""E*"", ""F_3"", ""F_4"", ""F_5""]","[""bridge_1"", ""E*"", ""F_3"", ""F_4"", ""F_5""]","[-2.7759421072914847e-07, -4.5931940917398606e-07, -4.711543171831423e-05]",5.366869343241723e-07
episode_008_repeat_01/handoff_023,applied_interval,1825,0.35000001825392246,"[0.0, 0.5550205526224111]","[0.0, 0.5549214781731038]",0.0,-9.907444930734588e-05,True,"[""bridge_1"", ""E*"", ""F_3"", ""F_4"", ""F_5""]","[""bridge_1"", ""E*"", ""F_3"", ""F_4"", ""F_5""]","[-2.7759421072914847e-07, -4.5931940917398606e-07, -4.931089972348701e-05]",5.366869343241723e-07
episode_008_repeat_01/handoff_023,applied_interval,1826,0.36666668578982353,"[0.0, 0.5550205526224111]","[0.0, 0.5549214781731038]",0.0,-9.907444930734588e-05,True,"[""bridge_1"", ""E*"", ""F_3"", ""F_4"", ""F_5""]","[""bridge_1"", ""E*"", ""F_3"", ""F_4"", ""F_5""]","[-2.7759421072914847e-07, -4.5931940917398606e-07, -5.096214063149418e-05]",5.366869343241723e-07
episode_008_repeat_01/handoff_023,applied_interval,1827,0.3833333533257246,"[0.0, 0.5550205526224111]","[0.0, 0.5549214781731038]",0.0,-9.907444930734588e-05,True,"[""bridge_1"", ""E*"", ""F_3"", ""F_4"", ""F_5""]","[""bridge_1"", ""E*"", ""F_3"", ""F_4"", ""F_5""]","[-2.7759421072914847e-07, -4.5931940917398606e-07, -5.261338153950135e-05]",5.366869343241723e-07
episode_008_repeat_01/handoff_023,applied_interval,1828,0.40000002086162567,"[0.0, 0.5550205526224111]","[0.0, 0.5549214781731038]",0.0,-9.907444930734588e-05,True,"[""bridge_1"", ""E*"", ""F_3"", ""F_4"", ""F_5""]","[""bridge_1"", ""E*"", ""F_3"", ""F_4"", ""F_5""]","[-2.7759421072914847e-07, -4.5931940917398606e-07, -5.4264622447508515e-05]",5.366869343241723e-07
episode_008_repeat_01/handoff_023,applied_interval,1829,0.41666668839752674,"[0.0, 0.5550205526224111]","[0.0, 0.5549214781731038]",0.0,-9.907444930734588e-05,True,"[""bridge_1"", ""E*"", ""F_3"", ""F_4"", ""F_5""]","[""bridge_1"", ""E*"", ""F_3"", ""F_4"", ""F_5""]","[-2.7759421072914847e-07, -4.5931940917398606e-07, -5.591586335551568e-05]",5.366869343241723e-07
episode_008_repeat_01/handoff_023,applied_interval,1830,0.4333333559334278,"[0.0, 0.5550205526224111]","[0.0, 0.5549214781731038]",0.0,-9.907444930734588e-05,True,"[""bridge_1"", ""E*"", ""F_3"", ""F_4"", ""F_5""]","[""bridge_1"", ""E*"", ""F_3"", ""F_4"", ""F_5""]","[-2.7759421072914847e-07, -4.5931940917398606e-07, -5.756710426352285e-05]",5.366869343241723e-07
episode_008_repeat_01/handoff_023,applied_interval,1831,0.4500000234693289,"[0.0, 0.4285384878388183]","[0.20000000730032233, 0.9606169720976526]",0.20000000730032233,0.5320784842588343,True,"[""bridge_1"", ""E*"", ""F_3"", ""F_4"", ""F_5""]","[""E*"", ""F_3"", ""F_4"", ""F_5"", ""F_6""]","[-2.7759421072914847e-07, -4.5931940917398606e-07, -5.921834517153002e-05]",5.366869343241723e-07
episode_008_repeat_01/handoff_023,applied_interval,1832,0.46666669100522995,"[0.0, 0.4285384878388183]","[0.20000000730032233, 0.9606169720976526]",0.20000000730032233,0.5320784842588343,True,"[""bridge_1"", ""E*"", ""F_3"", ""F_4"", ""F_5""]","[""E*"", ""F_3"", ""F_4"", ""F_5"", ""F_6""]","[0.003166595794031224, -0.0010405500290247005, 0.008808756854976618]",0.003333177655883278
episode_008_repeat_01/handoff_023,applied_interval,1833,0.483333358541131,"[0.0, 0.4285384878388183]","[0.20000000730032233, 0.9606169720976526]",0.20000000730032233,0.5320784842588343,True,"[""bridge_1"", ""E*"", ""F_3"", ""F_4"", ""F_5""]","[""E*"", ""F_3"", ""F_4"", ""F_5"", ""F_6""]","[0.006349714745848445, -0.002029807063347988, 0.017676732055124766]",0.006666257875904784
episode_008_repeat_01/handoff_023,applied_interval,1834,0.5000000260770321,"[0.0, 0.4285384878388183]","[0.20000000730032233, 0.9606169720976526]",0.20000000730032233,0.5320784842588343,True,"[""bridge_1"", ""E*"", ""F_3"", ""F_4"", ""F_5""]","[""E*"", ""F_3"", ""F_4"", ""F_5"", ""F_6""]","[0.009548263352385788, -0.0029679768523500627, 0.026544707255272915]",0.00999891092282551
episode_008_repeat_01/handoff_023,applied_interval,1835,0.5166666936129332,"[0.0, 0.4285384878388183]","[0.20000000730032233, 0.9606169720976526]",0.20000000730032233,0.5320784842588343,True,"[""bridge_1"", ""E*"", ""F_3"", ""F_4"", ""F_5""]","[""E*"", ""F_3"", ""F_4"", ""F_5"", ""F_6""]","[0.012761421749804214, -0.003854818920871139, 0.03541268245542106]",0.013330923223433632
episode_008_repeat_01/handoff_023,applied_interval,1836,0.5333333611488342,"[0.0, 0.4285384878388183]","[0.20000000730032233, 0.9606169720976526]",0.20000000730032233,0.5320784842588343,True,"[""bridge_1"", ""E*"", ""F_3"", ""F_4"", ""F_5""]","[""E*"", ""F_3"", ""F_4"", ""F_5"", ""F_6""]","[0.015988366329420245, -0.004690105950260204, 0.04428065765556921]",0.016662081253805156
episode_008_repeat_01/handoff_023,applied_interval,1837,0.5500000286847353,"[0.20000000772529028, 0.8254857529738319]","[0.3163682217283054, 0.8040321492412806]",0.11636821400301514,-0.02145360373255123,True,"[""E*"", ""F_3"", ""F_4"", ""F_5"", ""F_6""]","[""E*"", ""F_3"", ""F_4"", ""F_5"", ""F_6""]","[0.019228269948833088, -0.005473623836650177, 0.05314863285571736]",0.01999217154614132
episode_008_repeat_01/handoff_023,applied_interval,1838,0.5666666962206364,"[0.20000000772529028, 0.8254857529738319]","[0.3163682217283054, 0.8040321492412806]",0.11636821400301514,-0.02145360373255123,True,"[""E*"", ""F_3"", ""F_4"", ""F_5"", ""F_6""]","[""E*"", ""F_3"", ""F_4"", ""F_5"", ""F_6""]","[0.021163402616437565, -0.005730641866804831, 0.05279107277485995]",0.021925552821103797
episode_008_repeat_01/handoff_023,applied_interval,1839,0.5833333637565374,"[0.20000000772529028, 0.8254857529738319]","[0.3163682217283054, 0.8040321492412806]",0.11636821400301514,-0.02145360373255123,True,"[""E*"", ""F_3"", ""F_4"", ""F_5"", ""F_6""]","[""E*"", ""F_3"", ""F_4"", ""F_5"", ""F_6""]","[0.023101496948878975, -0.0059628569760228345, 0.05243351269400254]",0.023858642555593324
episode_008_repeat_01/handoff_023,applied_interval,1840,0.6000000312924385,"[0.20000000772529028, 0.8254857529738319]","[0.3163682217283054, 0.8040321492412806]",0.11636821400301514,-0.02145360373255123,True,"[""E*"", ""F_3"", ""F_4"", ""F_5"", ""F_6""]","[""E*"", ""F_3"", ""F_4"", ""F_5"", ""F_6""]","[0.02504223618471002, -0.006170235842095195, 0.05207595261314513]",0.02579118848517602
episode_008_repeat_01/handoff_023,applied_interval,1841,0.6166666988283396,"[0.20000000772529028, 0.8254857529738319]","[0.3163682217283054, 0.8040321492412806]",0.11636821400301514,-0.02145360373255123,True,"[""E*"", ""F_3"", ""F_4"", ""F_5"", ""F_6""]","[""E*"", ""F_3"", ""F_4"", ""F_5"", ""F_6""]","[0.026985303199829502, -0.006352749171760763, 0.051718392532287716]",0.027722987047322938
episode_008_repeat_01/handoff_023,applied_interval,1842,0.6333333663642406,"[0.20000000772529028, 0.8254857529738319]","[0.3163682217283054, 0.8040321492412806]",0.11636821400301514,-0.02145360373255123,True,"[""E*"", ""F_3"", ""F_4"", ""F_5"", ""F_6""]","[""E*"", ""F_3"", ""F_4"", ""F_5"", ""F_6""]","[0.028930380558481517, -0.006510371704468554, 0.051360832451430305]",0.029653867521605173
episode_008_repeat_01/handoff_023,applied_interval,1843,0.6500000339001417,"[0.3333868316605637, 0.7191401716278688]","[0.2562997908527614, 0.5085555554942075]",-0.07708704080780232,-0.2105846161336613,True,"[""E*"", ""F_3"", ""F_4"", ""F_5"", ""F_6""]","[""E*"", ""F_3"", ""F_4"", ""F_5"", ""F_6""]","[0.030877150564297295, -0.0066430822154970315, 0.051003272370572894]",0.0315836819939053
episode_008_repeat_01/handoff_023,applied_interval,1844,0.6666667014360428,"[0.3333868316605637, 0.7191401716278688]","[0.2562997908527614, 0.5085555554942075]",-0.07708704080780232,-0.2105846161336613,True,"[""E*"", ""F_3"", ""F_4"", ""F_5"", ""F_6""]","[""E*"", ""F_3"", ""F_4"", ""F_5"", ""F_6""]","[0.0296518915992543, -0.006188204764214333, 0.047493528585297984]",0.030290733791339102
episode_008_repeat_01/handoff_023,applied_interval,1845,0.6833333689719439,"[0.3333868316605637, 0.7191401716278688]","[0.2562997908527614, 0.5085555554942075]",-0.07708704080780232,-0.2105846161336613,True,"[""E*"", ""F_3"", ""F_4"", ""F_5"", ""F_6""]","[""E*"", ""F_3"", ""F_4"", ""F_5"", ""F_6""]","[0.02841925982960447, -0.0057629023705239035, 0.043983784800023074]",0.02899767875183737
episode_008_repeat_01/handoff_023,applied_interval,1846,0.7000000365078449,"[0.3333868316605637, 0.7191401716278688]","[0.2562997908527614, 0.5085555554942075]",-0.07708704080780232,-0.2105846161336613,True,"[""E*"", ""F_3"", ""F_4"", ""F_5"", ""F_6""]","[""E*"", ""F_3"", ""F_4"", ""F_5"", ""F_6""]","[0.02717973625238912, -0.005367277769693146, 0.04047404101474816]",0.027704615741902604
episode_008_repeat_01/handoff_023,applied_interval,1847,0.716666704043746,"[0.3333868316605637, 0.7191401716278688]","[0.2562997908527614, 0.5085555554942075]",-0.07708704080780232,-0.2105846161336613,True,"[""E*"", ""F_3"", ""F_4"", ""F_5"", ""F_6""]","[""E*"", ""F_3"", ""F_4"", ""F_5"", ""F_6""]","[0.025933803196696914, -0.005001426856129143, 0.03696429722947325]",0.026411672019056594
episode_008_repeat_01/handoff_023,applied_interval,1848,0.7333333715796471,"[0.3333868316605637, 0.7191401716278688]","[0.2562997908527614, 0.5085555554942075]",-0.07708704080780232,-0.2105846161336613,True,"[""E*"", ""F_3"", ""F_4"", ""F_5"", ""F_6""]","[""E*"", ""F_3"", ""F_4"", ""F_5"", ""F_6""]","[0.024681944232504804, -0.004665438666812349, 0.03345455344419834]",0.025119010510970867
episode_008_repeat_01/handoff_023,applied_interval,1849,0.7500000391155481,"[0.262369464529571, 0.442700158523813]","[0.20000003860053764, 0.30122188725581495]",-0.062369425929033356,-0.14147827126799806,True,"[""E*"", ""F_3"", ""F_4"", ""F_5"", ""F_6""]","[""E*"", ""F_3"", ""F_4"", ""F_5"", ""F_6""]","[0.02342464407934486, -0.004359395365877816, 0.029944809658923432]",0.023826839450502516
episode_008_repeat_01/handoff_023,applied_interval,1850,0.7666667066514492,"[0.262369464529571, 0.442700158523813]","[0.20000003860053764, 0.30122188725581495]",-0.062369425929033356,-0.14147827126799806,True,"[""E*"", ""F_3"", ""F_4"", ""F_5"", ""F_6""]","[""E*"", ""F_3"", ""F_4"", ""F_5"", ""F_6""]","[0.022403691117485636, -0.004135246715531338, 0.027586838348145903]",0.022782134252216528
episode_008_repeat_01/handoff_023,applied_interval,1851,0.7833333741873503,"[0.262369464529571, 0.442700158523813]","[0.20000003860053764, 0.30122188725581495]",-0.062369425929033356,-0.14147827126799806,True,"[""E*"", ""F_3"", ""F_4"", ""F_5"", ""F_6""]","[""E*"", ""F_3"", ""F_4"", ""F_5"", ""F_6""]","[0.02138041112408473, -0.003926465606937768, 0.025228867037368374]",0.021737964762078146
episode_008_repeat_01/handoff_023,applied_interval,1852,0.8000000417232513,"[0.262369464529571, 0.442700158523813]","[0.20000003860053764, 0.30122188725581495]",-0.062369425929033356,-0.14147827126799806,True,"[""E*"", ""F_3"", ""F_4"", ""F_5"", ""F_6""]","[""E*"", ""F_3"", ""F_4"", ""F_5"", ""F_6""]","[0.020354956859311102, -0.0037330722118298354, 0.022870895726590845]",0.02069444603953322
episode_008_repeat_01/handoff_023,applied_interval,1853,0.8166667092591524,"[0.262369464529571, 0.442700158523813]","[0.20000003860053764, 0.30122188725581495]",-0.062369425929033356,-0.14147827126799806,True,"[""E*"", ""F_3"", ""F_4"", ""F_5"", ""F_6""]","[""E*"", ""F_3"", ""F_4"", ""F_5"", ""F_6""]","[0.01932748124469441, -0.0035550853768882007, 0.020512924415813316]",0.019651721637072374
episode_008_repeat_01/handoff_023,applied_interval,1854,0.8333333767950535,"[0.262369464529571, 0.442700158523813]","[0.20000003860053764, 0.30122188725581495]",-0.062369425929033356,-0.14147827126799806,True,"[""E*"", ""F_3"", ""F_4"", ""F_5"", ""F_6""]","[""E*"", ""F_3"", ""F_4"", ""F_5"", ""F_6""]","[0.018298137352338983, -0.0033925226224980065, 0.018154953105035787]",0.018609971528974027
episode_008_repeat_01/handoff_023,applied_interval,1855,0.8500000443309546,"[0.4623694741178853, 0.925656632472214]","[0.40000004819643786, 0.8012217044990969]",-0.06236942592144745,-0.12443492797311706,True,"[""F_5"", ""F_6"", ""F_7"", ""F_8"", ""F_9""]","[""F_5"", ""F_6"", ""F_7"", ""F_8"", ""F_9""]","[0.017267078394144875, -0.003245400141615562, 0.015796981794258258]",0.017569422823437972
episode_008_repeat_01/handoff_023,applied_interval,1856,0.8666667118668556,"[0.4623694741178853, 0.925656632472214]","[0.40000004819643786, 0.8012217044990969]",-0.06236942592144745,-0.12443492797311706,True,"[""F_5"", ""F_6"", ""F_7"", ""F_8"", ""F_9""]","[""F_5"", ""F_6"", ""F_7"", ""F_8"", ""F_9""]","[0.01623735773410573, -0.0030683355379999, 0.013723066219876845]",0.01652472296769529
episode_008_repeat_01/handoff_023,applied_interval,1857,0.8833333794027567,"[0.4623694741178853, 0.925656632472214]","[0.40000004819643786, 0.8012217044990969]",-0.06236942592144745,-0.12443492797311706,True,"[""F_5"", ""F_6"", ""F_7"", ""F_8"", ""F_9""]","[""F_5"", ""F_6"", ""F_7"", ""F_8"", ""F_9""]","[0.015204380879865198, -0.0029209883524146107, 0.011649150645495432]",0.015482421351163138
episode_008_repeat_01/handoff_023,applied_interval,1858,0.9000000469386578,"[0.4623694741178853, 0.925656632472214]","[0.40000004819643786, 0.8012217044990969]",-0.06236942592144745,-0.12443492797311706,True,"[""F_5"", ""F_6"", ""F_7"", ""F_8"", ""F_9""]","[""F_5"", ""F_6"", ""F_7"", ""F_8"", ""F_9""]","[0.014168791147579185, -0.0028034126920388758, 0.009575235071114019]",0.01444346791132943
episode_008_repeat_01/handoff_023,applied_interval,1859,0.9166667144745588,"[0.4623694741178853, 0.925656632472214]","[0.40000004819643786, 0.8012217044990969]",-0.06236942592144745,-0.12443492797311706,True,"[""F_5"", ""F_6"", ""F_7"", ""F_8"", ""F_9""]","[""F_5"", ""F_6"", ""F_7"", ""F_8"", ""F_9""]","[0.01313123269405736, -0.0027156502691170203, 0.007501319496732606]",0.013409102447577774
episode_008_repeat_01/handoff_023,applied_interval,1860,0.9333333820104599,"[0.4623694741178853, 0.925656632472214]","[0.40000004819643786, 0.8012217044990969]",-0.06236942592144745,-0.12443492797311706,True,"[""F_5"", ""F_6"", ""F_7"", ""F_8"", ""F_9""]","[""F_5"", ""F_6"", ""F_7"", ""F_8"", ""F_9""]","[0.012092350292540743, -0.00265773038859507, 0.005427403922351193]",0.012380971949567283
episode_008_repeat_01/handoff_023,applied_interval,1861,0.950000049546361,"[0.6623694831347786, 0.6674941378205079]","[0.6000000572931423, 0.6573395586043217]",-0.062369425841636295,-0.010154579216186232,True,"[""F_5"", ""F_6"", ""F_7"", ""F_8"", ""F_9""]","[""F_5"", ""F_6"", ""F_7"", ""F_8"", ""F_9""]","[0.011052789108308758, -0.0026296699396368695, 0.0033534883479697797]",0.011361307630030027
episode_008_repeat_01/handoff_023,applied_interval,1862,0.966666717082262,"[0.6623694831347786, 0.6674941378205079]","[0.6000000572931423, 0.6573395586043217]",-0.062369425841636295,-0.010154579216186232,True,"[""F_5"", ""F_6"", ""F_7"", ""F_8"", ""F_9""]","[""F_5"", ""F_6"", ""F_7"", ""F_8"", ""F_9""]","[0.010012888500767758, -0.002611994410994356, 0.003184245352206627]",0.010347968444669366
episode_008_repeat_01/handoff_023,applied_interval,1863,0.9833333846181631,"[0.6623694831347786, 0.6674941378205079]","[0.6000000572931423, 0.6573395586043217]",-0.062369425841636295,-0.010154579216186232,True,"[""F_5"", ""F_6"", ""F_7"", ""F_8"", ""F_9""]","[""F_5"", ""F_6"", ""F_7"", ""F_8"", ""F_9""]","[0.008972904256484782, -0.0026075802531906334, 0.0030150023564434747]",0.009344115023525366
episode_008_repeat_01/handoff_023,applied_interval,1864,1.0000000521540642,"[0.6623694831347786, 0.6674941378205079]","[0.6000000572931423, 0.6573395586043217]",-0.062369425841636295,-0.010154579216186232,True,"[""F_5"", ""F_6"", ""F_7"", ""F_8"", ""F_9""]","[""F_5"", ""F_6"", ""F_7"", ""F_8"", ""F_9""]","[0.007933002439699521, -0.002616426941543182, 0.002845759360680322]",0.008353335719861353
episode_008_repeat_01/handoff_023,applied_interval,1865,1.0166667196899652,"[0.6623694831347786, 0.6674941378205079]","[0.6000000572931423, 0.6573395586043217]",-0.062369425841636295,-0.010154579216186232,True,"[""F_5"", ""F_6"", ""F_7"", ""F_8"", ""F_9""]","[""F_5"", ""F_6"", ""F_7"", ""F_8"", ""F_9""]","[0.0068933490904754535, -0.002638531901030916, 0.0026765163649171697]",0.007381064440574718
episode_008_repeat_01/handoff_023,applied_interval,1866,1.0333333872258663,"[0.6623694831347786, 0.6674941378205079]","[0.6000000572931423, 0.6573395586043217]",-0.062369425841636295,-0.010154579216186232,True,"[""F_5"", ""F_6"", ""F_7"", ""F_8"", ""F_9""]","[""F_5"", ""F_6"", ""F_7"", ""F_8"", ""F_9""]","[0.00585411019967097, -0.0026738905067631435, 0.0025072733691544613]",0.006435860212283183
episode_008_repeat_01/handoff_023,applied_interval,1867,1.0500000547617674,"[0.8, 0.40773725782156]","[0.8, 0.4105712257169891]",0.0,0.0028339678954291125,True,"[""F_5"", ""F_6"", ""F_7"", ""F_8"", ""F_9""]","[""F_5"", ""F_6"", ""F_7"", ""F_8"", ""F_9""]","[0.00481545168391051, -0.0027224960848108992, 0.002338030373391753]",0.00553177727786353
episode_008_repeat_01/handoff_023,applied_interval,1868,1.0666667222976685,"[0.8, 0.40773725782156]","[0.8, 0.4105712257169891]",0.0,0.0028339678954291125,True,"[""F_5"", ""F_6"", ""F_7"", ""F_8"", ""F_9""]","[""F_5"", ""F_6"", ""F_7"", ""F_8"", ""F_9""]","[0.0048129285019911094, -0.0026911087820806756, 0.00238526317411214]",0.005514195067484476
episode_008_repeat_01/handoff_023,applied_interval,1869,1.0833333898335695,"[0.8, 0.40773725782156]","[0.8, 0.4105712257169891]",0.0,0.0028339678954291125,True,"[""F_5"", ""F_6"", ""F_7"", ""F_8"", ""F_9""]","[""F_5"", ""F_6"", ""F_7"", ""F_8"", ""F_9""]","[0.004810136607048321, -0.002659112029306243, 0.002432495974832527]",0.005496206961429628
episode_008_repeat_01/handoff_023,applied_interval,1870,1.1000000573694706,"[0.8, 0.40773725782156]","[0.8, 0.4105712257169891]",0.0,0.0028339678954291125,True,"[""F_5"", ""F_6"", ""F_7"", ""F_8"", ""F_9""]","[""F_5"", ""F_6"", ""F_7"", ""F_8"", ""F_9""]","[0.004807067572393464, -0.0026265080609242375, 0.002479728775552914]",0.005477813728090504
episode_008_repeat_01/handoff_023,applied_interval,1871,1.1166667249053717,"[0.8, 0.40773725782156]","[0.8, 0.4105712257169891]",0.0,0.0028339678954291125,True,"[""F_5"", ""F_6"", ""F_7"", ""F_8"", ""F_9""]","[""F_5"", ""F_6"", ""F_7"", ""F_8"", ""F_9""]","[0.004803712989513542, -0.002593299197933163, 0.002526961576273301]",0.005459016323077073
episode_008_repeat_01/handoff_023,applied_interval,1872,1.1333333924412727,"[0.8, 0.40773725782156]","[0.8, 0.4105712257169891]",0.0,0.0028339678954291125,True,"[""F_5"", ""F_6"", ""F_7"", ""F_8"", ""F_9""]","[""F_5"", ""F_6"", ""F_7"", ""F_8"", ""F_9""]","[0.004800064468859944, -0.002559487847761943, 0.002574194376993688]",0.005439815892845342
episode_008_repeat_01/handoff_023,applied_interval,1873,1.1500000599771738,"[0.8, 0.3592416774817514]","[0.8, 0.36167591439039776]",0.0,0.002434236908646359,True,"[""F_6"", ""F_7"", ""F_8"", ""F_9"", ""F_9""]","[""F_6"", ""F_7"", ""F_8"", ""F_9"", ""F_9""]","[0.004796113640637145, -0.0025250765040993883, 0.002621427177714075]",0.005420213778575572
episode_008_repeat_01/handoff_023,applied_interval,1874,1.1666667275130749,"[0.8, 0.3592416774817514]","[0.8, 0.36167591439039776]",0.0,0.002434236908646359,True,"[""F_6"", ""F_7"", ""F_8"", ""F_9"", ""F_9""]","[""F_6"", ""F_7"", ""F_8"", ""F_9"", ""F_9""]","[0.004791871795379876, -0.0024901100859189285, 0.0026619977949740026]",0.0054002484705198825
episode_008_repeat_01/handoff_023,applied_interval,1875,1.183333395048976,"[0.8, 0.3592416774817514]","[0.8, 0.36167591439039776]",0.0,0.002434236908646359,True,"[""F_6"", ""F_7"", ""F_8"", ""F_9"", ""F_9""]","[""F_6"", ""F_7"", ""F_8"", ""F_9"", ""F_9""]","[0.004787351596302614, -0.0024546331793189324, 0.00270256841223393]",0.005379959047393814
episode_008_repeat_01/handoff_023,applied_interval,1876,1.200000062584877,"[0.8, 0.3592416774817514]","[0.8, 0.36167591439039776]",0.0,0.002434236908646359,True,"[""F_6"", ""F_7"", ""F_8"", ""F_9"", ""F_9""]","[""F_6"", ""F_7"", ""F_8"", ""F_9"", ""F_9""]","[0.004782546759148687, -0.0024186478861700778, 0.0027431390294938574]",0.0053593480107862555
episode_008_repeat_01/handoff_023,applied_interval,1877,1.216666730120778,"[0.8, 0.3592416774817514]","[0.8, 0.36167591439039776]",0.0,0.002434236908646359,True,"[""F_6"", ""F_7"", ""F_8"", ""F_9"", ""F_9""]","[""F_6"", ""F_7"", ""F_8"", ""F_9"", ""F_9""]","[0.00477745101498428, -0.0023821563654031763, 0.0027837096467537847]",0.005338418038127512
episode_008_repeat_01/handoff_023,applied_interval,1878,1.2333333976566792,"[0.8, 0.3592416774817514]","[0.8, 0.36167591439039776]",0.0,0.002434236908646359,True,"[""F_6"", ""F_7"", ""F_8"", ""F_9"", ""F_9""]","[""F_6"", ""F_7"", ""F_8"", ""F_9"", ""F_9""]","[0.004772058110660282, -0.002345160832913251, 0.002824280264013712]",0.005317171987414829
episode_008_repeat_01/handoff_023,applied_interval,1879,1.2500000651925802,"[0.8, 0.23164429219282107]","[0.8, 0.23347216168211019]",0.0,0.001827869489289119,True,"[""F_6"", ""F_7"", ""F_8"", ""F_9"", ""F_9""]","[""F_6"", ""F_7"", ""F_8"", ""F_9"", ""F_9""]","[0.004766361809270592, -0.002307663561438744, 0.0028648508812736395]",0.0052956129021734
episode_008_repeat_01/handoff_023,applied_interval,1880,1.2666667327284813,"[0.8, 0.23164429219282107]","[0.8, 0.23347216168211019]",0.0,0.001827869489289119,True,"[""F_6"", ""F_7"", ""F_8"", ""F_9"", ""F_9""]","[""F_6"", ""F_7"", ""F_8"", ""F_9"", ""F_9""]","[0.0047604069724442866, -0.0022697270047835616, 0.0028953153743507265]",0.005273816001676579
episode_008_repeat_01/handoff_023,applied_interval,1881,1.2833334002643824,"[0.8, 0.23164429219282107]","[0.8, 0.23347216168211019]",0.0,0.001827869489289119,True,"[""F_6"", ""F_7"", ""F_8"", ""F_9"", ""F_9""]","[""F_6"", ""F_7"", ""F_8"", ""F_9"", ""F_9""]","[0.0047542405981388924, -0.002231412781643627, 0.0029257798674278135]",0.005251857449233995
episode_008_repeat_01/handoff_023,applied_interval,1882,1.3000000678002834,"[0.8, 0.23164429219282107]","[0.8, 0.23347216168211019]",0.0,0.001827869489289119,True,"[""F_6"", ""F_7"", ""F_8"", ""F_9"", ""F_9""]","[""F_6"", ""F_7"", ""F_8"", ""F_9"", ""F_9""]","[0.004747859670224841, -0.0021927219679511722, 0.0029562443605049005]",0.005229741970392344
episode_008_repeat_01/handoff_023,applied_interval,1883,1.3166667353361845,"[0.8, 0.23164429219282107]","[0.8, 0.23347216168211019]",0.0,0.001827869489289119,True,"[""F_6"", ""F_7"", ""F_8"", ""F_9"", ""F_9""]","[""F_6"", ""F_7"", ""F_8"", ""F_9"", ""F_9""]","[0.004741261177755973, -0.0021536556573344967, 0.0029867088535819875]",0.005207474459473118
episode_008_repeat_01/handoff_023,applied_interval,1884,1.3333334028720856,"[0.8, 0.23164429219282107]","[0.8, 0.23347216168211019]",0.0,0.001827869489289119,True,"[""F_6"", ""F_7"", ""F_8"", ""F_9"", ""F_9""]","[""F_6"", ""F_7"", ""F_8"", ""F_9"", ""F_9""]","[0.004734442115069015, -0.002114214961107308, 0.0030171733466590744]",0.00518505998448515
episode_008_repeat_01/handoff_023,applied_interval,1885,1.3500000704079866,"[0.8, 0.2308610607534303]","[0.8, 0.2319425373589864]",0.0,0.0010814766055561031,True,"[""F_7"", ""F_8"", ""F_9"", ""F_9"", ""F_9""]","[""F_7"", ""F_8"", ""F_9"", ""F_9"", ""F_9""]","[0.004727399481865291, -0.002074401008236748, 0.0030476378397361614]",0.005162503792164598
episode_008_repeat_01/handoff_023,applied_interval,1886,1.3666667379438877,"[0.8, 0.2308610607534303]","[0.8, 0.2319425373589864]",0.0,0.0010814766055561031,True,"[""F_7"", ""F_8"", ""F_9"", ""F_9"", ""F_9""]","[""F_7"", ""F_8"", ""F_9"", ""F_9"", ""F_9""]","[0.0047201454845371416, -0.0020342964736208557, 0.00306566245076878]",0.005139857540611668
episode_008_repeat_01/handoff_023,applied_interval,1887,1.3833334054797888,"[0.8, 0.2308610607534303]","[0.8, 0.2319425373589864]",0.0,0.0010814766055561031,True,"[""F_7"", ""F_8"", ""F_9"", ""F_9"", ""F_9""]","[""F_7"", ""F_8"", ""F_9"", ""F_9"", ""F_9""]","[0.004712693183499539, -0.0019939838900242535, 0.003083687061801399]",0.005117171952893441
episode_008_repeat_01/handoff_023,applied_interval,1888,1.4000000730156898,"[0.8, 0.2308610607534303]","[0.8, 0.2319425373589864]",0.0,0.0010814766055561031,True,"[""F_7"", ""F_8"", ""F_9"", ""F_9"", ""F_9""]","[""F_7"", ""F_8"", ""F_9"", ""F_9"", ""F_9""]","[0.004705040866742394, -0.0019534641940381903, 0.0031017116728340177]",0.005094451090657883
episode_008_repeat_01/handoff_023,applied_interval,1889,1.416666740551591,"[0.8, 0.2308610607534303]","[0.8, 0.2319425373589864]",0.0,0.0010814766055561031,True,"[""F_7"", ""F_8"", ""F_9"", ""F_9"", ""F_9""]","[""F_7"", ""F_8"", ""F_9"", ""F_9"", ""F_9""]","[0.004697186826547295, -0.0019127383323613856, 0.0031197362838666365]",0.0050716991247090025
episode_008_repeat_01/handoff_023,applied_interval,1890,1.433333408087492,"[0.8, 0.2308610607534303]","[0.8, 0.2319425373589864]",0.0,0.0010814766055561031,True,"[""F_7"", ""F_8"", ""F_9"", ""F_9"", ""F_9""]","[""F_7"", ""F_8"", ""F_9"", ""F_9"", ""F_9""]","[0.0046891293595408, -0.0018718072617822656, 0.0031377608948992552]",0.005048920337633417
episode_008_repeat_01/handoff_023,applied_interval,1891,1.450000075623393,"[0.8, 0.14147520474022526]","[0.8, 0.13951562026561654]",0.0,-0.0019595844746087276,True,"[""F_7"", ""F_8"", ""F_9"", ""F_9"", ""F_9""]","[""F_7"", ""F_8"", ""F_9"", ""F_9"", ""F_9""]","[0.004680866766733516, -0.0018306719491576473, 0.003155785505931874]",0.005026119126457603
episode_008_repeat_01/handoff_023,applied_interval,1892,1.4666667431592941,"[0.8, 0.14147520474022526]","[0.8, 0.13951562026561654]",0.0,-0.0019595844746087276,True,"[""F_7"", ""F_8"", ""F_9"", ""F_9"", ""F_9""]","[""F_7"", ""F_8"", ""F_9"", ""F_9"", ""F_9""]","[0.0046724963953899135, -0.0017896579893026399, 0.003123125762984902]",0.005003508597335124
episode_008_repeat_01/handoff_023,applied_interval,1893,1.4833334106951952,"[0.8, 0.14147520474022526]","[0.8, 0.13951562026561654]",0.0,-0.0019595844746087276,True,"[""F_7"", ""F_8"", ""F_9"", ""F_9"", ""F_9""]","[""F_7"", ""F_8"", ""F_9"", ""F_9"", ""F_9""]","[0.004664118085763391, -0.001749090204299364, 0.0030904660200379297]",0.004981296423695458
episode_008_repeat_01/handoff_023,applied_interval,1894,1.5000000782310963,"[0.8, 0.14147520474022526]","[0.8, 0.13951562026561654]",0.0,-0.0019595844746087276,True,"[""F_7"", ""F_8"", ""F_9"", ""F_9"", ""F_9""]","[""F_7"", ""F_8"", ""F_9"", ""F_9"", ""F_9""]","[0.004655733880994717, -0.0017089684041167175, 0.0030578062770909575]",0.004959478901750805
episode_008_repeat_01/handoff_023,applied_interval,1895,1.5166667457669973,"[0.8, 0.14147520474022526]","[0.8, 0.13951562026561654]",0.0,-0.0019595844746087276,True,"[""F_7"", ""F_8"", ""F_9"", ""F_9"", ""F_9""]","[""F_7"", ""F_8"", ""F_9"", ""F_9"", ""F_9""]","[0.004647345823283189, -0.0016692923916039604, 0.0030251465341439854]",0.004938052276946304
episode_008_repeat_01/handoff_023,applied_interval,1896,1.5333334133028984,"[0.8, 0.14147520474022526]","[0.8, 0.13951562026561654]",0.0,-0.0019595844746087276,True,"[""F_7"", ""F_8"", ""F_9"", ""F_9"", ""F_9""]","[""F_7"", ""F_8"", ""F_9"", ""F_9"", ""F_9""]","[0.00463895595386532, -0.0016300619624871615, 0.0029924867911970132]",0.004917012745910875
episode_008_repeat_01/handoff_023,applied_interval,1897,1.5500000808387995,"[0.7999999851052829, 0.04454775068994626]","[0.8, 0.0950627284759964]",1.4894717126345824e-08,0.05051497778605014,True,"[""F_7"", ""F_8"", ""F_9"", ""F_9"", ""F_9""]","[""F_8"", ""F_9"", ""F_9"", ""F_9"", ""F_9""]","[0.004630566313000628, -0.0015912769053763043, 0.002959827048250041]",0.004896356458498525
episode_008_repeat_01/handoff_023,applied_interval,1898,1.5666667483747005,"[0.7999999851052829, 0.04454775068994626]","[0.8, 0.0950627284759964]",1.4894717126345824e-08,0.05051497778605014,True,"[""F_7"", ""F_8"", ""F_9"", ""F_9"", ""F_9""]","[""F_8"", ""F_9"", ""F_9"", ""F_9"", ""F_9""]","[0.004620957931720682, -0.0015472357291734795, 0.003801743388593515]",0.004873108926379881
episode_008_repeat_01/handoff_023,applied_interval,1899,1.5833334159106016,"[0.7999999851052829, 0.04454775068994626]","[0.8, 0.0950627284759964]",1.4894717126345824e-08,0.05051497778605014,True,"[""F_7"", ""F_8"", ""F_9"", ""F_9"", ""F_9""]","[""F_8"", ""F_9"", ""F_9"", ""F_9"", ""F_9""]","[0.004608892994355074, -0.0014922409561677341, 0.0046436597289369885]",0.0048444481321074815
episode_008_repeat_01/handoff_023,applied_interval,1900,1.6000000834465027,"[0.7999999851052829, 0.04454775068994626]","[0.8, 0.0950627284759964]",1.4894717126345824e-08,0.05051497778605014,True,"[""F_7"", ""F_8"", ""F_9"", ""F_9"", ""F_9""]","[""F_8"", ""F_9"", ""F_9"", ""F_9"", ""F_9""]","[0.004594346006026484, -0.0014262982673471924, 0.005485576069280462]",0.004810648809727136
episode_008_repeat_01/handoff_023,applied_interval,1901,1.6166667509824038,"[0.7999999851052829, 0.04454775068994626]","[0.8, 0.0950627284759964]",1.4894717126345824e-08,0.05051497778605014,True,"[""F_7"", ""F_8"", ""F_9"", ""F_9"", ""F_9""]","[""F_8"", ""F_9"", ""F_9"", ""F_9"", ""F_9""]","[0.0045772914822101995, -0.001349413390130394, 0.006327492409623936]",0.004772055512101389
episode_008_repeat_01/handoff_023,applied_interval,1902,1.6333334185183048,"[0.7999999851052829, 0.04454775068994626]","[0.8, 0.0950627284759964]",1.4894717126345824e-08,0.05051497778605014,True,"[""F_7"", ""F_8"", ""F_9"", ""F_9"", ""F_9""]","[""F_8"", ""F_9"", ""F_9"", ""F_9"", ""F_9""]","[0.004557703948812275, -0.001261592098355635, 0.00716940874996741]",0.004729088697376311
episode_008_repeat_01/handoff_023,applied_interval,1903,1.650000086054206,"[0.7383392916080534, 0.011034541146017467]","[0.7275344234301053, -0.0077454789966990905]",-0.010804868177948124,-0.01878002014271656,True,"[""F_8"", ""F_9"", ""F_9"", ""F_9"", ""F_9""]","[""F_8"", ""F_9"", ""F_9"", ""F_9"", ""F_9""]","[0.004535557942247692, -0.0011628402122525472, 0.008011325090310883]",0.004682251937552877
episode_008_repeat_01/handoff_023,applied_interval,1904,1.666666753590107,"[0.7383392916080534, 0.011034541146017467]","[0.7275344234301053, -0.0077454789966990905]",-0.010804868177948124,-0.01878002014271656,True,"[""F_8"", ""F_9"", ""F_9"", ""F_9"", ""F_9""]","[""F_8"", ""F_9"", ""F_9"", ""F_9"", ""F_9""]","[0.004338814304400529, -0.0011087356584411623, 0.00769832473827492]",0.004478236743224905
episode_008_repeat_01/handoff_023,applied_interval,1905,1.683333421126008,"[0.7383392916080534, 0.011034541146017467]","[0.7275344234301053, -0.0077454789966990905]",-0.010804868177948124,-0.01878002014271656,True,"[""F_8"", ""F_9"", ""F_9"", ""F_9"", ""F_9""]","[""F_8"", ""F_9"", ""F_9"", ""F_9"", ""F_9""]","[0.004142908035948523, -0.0010583668054096051, 0.007385324386238956]",0.004275959224445409
episode_008_repeat_01/handoff_023,applied_interval,1906,1.700000088661909,"[0.7383392916080534, 0.011034541146017467]","[0.7275344234301053, -0.0077454789966990905]",-0.010804868177948124,-0.01878002014271656,True,"[""F_8"", ""F_9"", ""F_9"", ""F_9"", ""F_9""]","[""F_8"", ""F_9"", ""F_9"", ""F_9"", ""F_9""]","[0.003947839346320592, -0.0010117336084434214, 0.0070723240342029925]",0.004075419045792831
episode_008_repeat_01/handoff_023,applied_interval,1907,1.7166667561978102,"[0.7383392916080534, 0.011034541146017467]","[0.7275344234301053, -0.0077454789966990905]",-0.010804868177948124,-0.01878002014271656,True,"[""F_8"", ""F_9"", ""F_9"", ""F_9"", ""F_9""]","[""F_8"", ""F_9"", ""F_9"", ""F_9"", ""F_9""]","[0.003753608444924339, -0.0009688360227286807, 0.006759323682167029]",0.0038766247686285093
episode_008_repeat_01/handoff_023,applied_interval,1908,1.7333334237337112,"[0.7383392916080534, 0.011034541146017467]","[0.7275344234301053, -0.0077454789966990905]",-0.010804868177948124,-0.01878002014271656,True,"[""F_8"", ""F_9"", ""F_9"", ""F_9"", ""F_9""]","[""F_8"", ""F_9"", ""F_9"", ""F_9"", ""F_9""]","[0.0035602155411531555, -0.0009296740033590822, 0.006446323330131065]",0.003679596234913575
episode_008_repeat_01/handoff_023,applied_interval,1909,1.7500000912696123,"[0.5383393059162848, -0.03794802084878762]","[0.5275344388963453, -0.05572915573496497]",-0.010804867019939435,-0.01778113488617735,True,"[""F_9"", ""F_9"", ""F_9"", ""F_9"", ""F_9""]","[""F_9"", ""F_9"", ""F_9"", ""F_9"", ""F_9""]","[0.0033676608443720113, -0.0008942475053146381, 0.0061333229780951015]",0.0034843676848860055
episode_008_repeat_01/handoff_023,applied_interval,1910,1.7666667588055134,"[0.5383393059162848, -0.03794802084878762]","[0.5275344388963453, -0.05572915573496497]",-0.010804867019939435,-0.01778113488617735,True,"[""F_9"", ""F_9"", ""F_9"", ""F_9"", ""F_9""]","[""F_9"", ""F_9"", ""F_9"", ""F_9"", ""F_9""]","[0.0031803073533431814, -0.0008818452803076582, 0.005836970714535816]",0.003300303919357974
episode_008_repeat_01/handoff_023,applied_interval,1911,1.7833334263414145,"[0.5383393059162848, -0.03794802084878762]","[0.5275344388963453, -0.05572915573496497]",-0.010804867019939435,-0.01778113488617735,True,"[""F_9"", ""F_9"", ""F_9"", ""F_9"", ""F_9""]","[""F_9"", ""F_9"", ""F_9"", ""F_9"", ""F_9""]","[0.002993538417179309, -0.0008718655472392811, 0.005540618450976531]",0.0031179194645775017
episode_008_repeat_01/handoff_023,applied_interval,1912,1.8000000938773155,"[0.5383393059162848, -0.03794802084878762]","[0.5275344388963453, -0.05572915573496497]",-0.010804867019939435,-0.01778113488617735,True,"[""F_9"", ""F_9"", ""F_9"", ""F_9"", ""F_9""]","[""F_9"", ""F_9"", ""F_9"", ""F_9"", ""F_9""]","[0.0028073501432501757, -0.0008643092098665761, 0.005244266187417246]",0.0029373874850055054
episode_008_repeat_01/handoff_023,applied_interval,1913,1.8166667614132166,"[0.5383393059162848, -0.03794802084878762]","[0.5275344388963453, -0.05572915573496497]",-0.010804867019939435,-0.01778113488617735,True,"[""F_9"", ""F_9"", ""F_9"", ""F_9"", ""F_9""]","[""F_9"", ""F_9"", ""F_9"", ""F_9"", ""F_9""]","[0.002621738637866855, -0.000859177167285452, 0.004947913923857961]",0.002758930751227476
episode_008_repeat_01/handoff_023,applied_interval,1914,1.8333334289491177,"[0.5383393059162848, -0.03794802084878762]","[0.5275344388963453, -0.05572915573496497]",-0.010804867019939435,-0.01778113488617735,True,"[""F_9"", ""F_9"", ""F_9"", ""F_9"", ""F_9""]","[""F_9"", ""F_9"", ""F_9"", ""F_9"", ""F_9""]","[0.0024367000062675004, -0.0008564703139448682, 0.004651561660298675]",0.002582837261465162
episode_008_repeat_01/handoff_023,applied_interval,1915,1.8500000964850187,"[0.3383393107839395, -0.07941360354284324]","[0.3275344344633892, -0.09252017183347579]",-0.010804876320550272,-0.013106568290632545,True,"[""F_9"", ""F_9"", ""F_9"", ""F_9"", ""F_9""]","[""F_9"", ""F_9"", ""F_9"", ""F_9"", ""F_9""]","[0.0022522303526457677, -0.0008561895396361763, 0.00435520939673939]",0.0024094817055045855
episode_008_repeat_01/handoff_023,applied_interval,1916,1.8666667640209198,"[0.3383393107839395, -0.07941360354284324]","[0.3275344344633892, -0.09252017183347579]",-0.010804876320550272,-0.013106568290632545,True,"[""F_9"", ""F_9"", ""F_9"", ""F_9"", ""F_9""]","[""F_9"", ""F_9"", ""F_9"", ""F_9"", ""F_9""]","[0.0020712834990206375, -0.0008717623775993388, 0.004136766580502993]",0.002247261661736974
episode_008_repeat_01/handoff_023,applied_interval,1917,1.8833334315568209,"[0.3383393107839395, -0.07941360354284324]","[0.3275344344633892, -0.09252017183347579]",-0.010804876320550272,-0.013106568290632545,True,"[""F_9"", ""F_9"", ""F_9"", ""F_9"", ""F_9""]","[""F_9"", ""F_9"", ""F_9"", ""F_9"", ""F_9""]","[0.001890572507065258, -0.0008882602942499318, 0.003918323764266596]",0.0020888443586854406
episode_008_repeat_01/handoff_023,applied_interval,1918,1.900000099092722,"[0.3383393107839395, -0.07941360354284324]","[0.3275344344633892, -0.09252017183347579]",-0.010804876320550272,-0.013106568290632545,True,"[""F_9"", ""F_9"", ""F_9"", ""F_9"", ""F_9""]","[""F_9"", ""F_9"", ""F_9"", ""F_9"", ""F_9""]","[0.0017100943560706128, -0.0009056839948051731, 0.0036998809480301986]",0.0019351191707775571
episode_008_repeat_01/handoff_023,applied_interval,1919,1.916666766628623,"[0.3383393107839395, -0.07941360354284324]","[0.3275344344633892, -0.09252017183347579]",-0.010804876320550272,-0.013106568290632545,True,"[""F_9"", ""F_9"", ""F_9"", ""F_9"", ""F_9""]","[""F_9"", ""F_9"", ""F_9"", ""F_9"", ""F_9""]","[0.0015298460238000189, -0.0009240341777214667, 0.0034814381317938015]",0.0017872515262643126
episode_008_repeat_01/handoff_023,applied_interval,1920,1.933333434164524,"[0.3383393107839395, -0.07941360354284324]","[0.3275344344633892, -0.09252017183347579]",-0.010804876320550272,-0.013106568290632545,True,"[""F_9"", ""F_9"", ""F_9"", ""F_9"", ""F_9""]","[""F_9"", ""F_9"", ""F_9"", ""F_9"", ""F_9""]","[0.0013498244864891262, -0.0009433115346730858, 0.0032629953155574043]",0.0016467734500449434
episode_008_repeat_01/handoff_023,applied_interval,1921,1.9500001017004251,"[0.13833932175002936, -0.08546177333868592]","[0.1275344460908094, -0.0936428647774787]",-0.010804875659219948,-0.008181091438792781,True,"[""F_9"", ""F_9"", ""F_9"", ""F_9"", ""F_9""]","[""F_9"", ""F_9"", ""F_9"", ""F_9"", ""F_9""]","[0.001170026718870787, -0.0009635167505663844, 0.003044552499321007]",0.0015156935876005887
episode_008_repeat_01/handoff_023,applied_interval,1922,1.9666667692363262,"[0.13833932175002936, -0.08546177333868592]","[0.1275344460908094, -0.0936428647774787]",-0.010804875659219948,-0.008181091438792781,True,"[""F_9"", ""F_9"", ""F_9"", ""F_9"", ""F_9""]","[""F_9"", ""F_9"", ""F_9"", ""F_9"", ""F_9""]","[0.0009924444756563844, -0.0009941310276886384, 0.002908200968229746]",0.001404721515986049
episode_008_repeat_01/handoff_023,applied_interval,1923,1.9833334367722273,"[0.13833932175002936, -0.08546177333868592]","[0.1275344460908094, -0.0936428647774787]",-0.010804875659219948,-0.008181091438792781,True,"[""F_9"", ""F_9"", ""F_9"", ""F_9"", ""F_9""]","[""F_9"", ""F_9"", ""F_9"", ""F_9"", ""F_9""]","[0.000814878462623625, -0.0010247759514925292, 0.002771849437138485]",0.001309271805090624
episode_008_repeat_01/handoff_023,applied_interval,1924,2.0000001043081284,"[0.13833932175002936, -0.08546177333868592]","[0.1275344460908094, -0.0936428647774787]",-0.010804875659219948,-0.008181091438792781,True,"[""F_9"", ""F_9"", ""F_9"", ""F_9"", ""F_9""]","[""F_9"", ""F_9"", ""F_9"", ""F_9"", ""F_9""]","[0.0006373281933846897, -0.0010554516378249446, 0.002635497906047224]",0.0012329498715967127
episode_008_repeat_01/handoff_023,applied_interval,1925,2.0166667718440294,"[0.13833932175002936, -0.08546177333868592]","[0.1275344460908094, -0.0936428647774787]",-0.010804875659219948,-0.008181091438792781,True,"[""F_9"", ""F_9"", ""F_9"", ""F_9"", ""F_9""]","[""F_9"", ""F_9"", ""F_9"", ""F_9"", ""F_9""]","[0.00045979318124622637, -0.0010861582011543192, 0.002499146374955963]",0.0011794699688653847
episode_008_repeat_01/handoff_023,applied_interval,1926,2.0333334393799305,"[0.13833932175002936, -0.08546177333868592]","[0.1275344460908094, -0.0936428647774787]",-0.010804875659219948,-0.008181091438792781,True,"[""F_9"", ""F_9"", ""F_9"", ""F_9"", ""F_9""]","[""F_9"", ""F_9"", ""F_9"", ""F_9"", ""F_9""]","[0.0002822729391986911, -0.0011168957545528713, 0.0023627948438647017]",0.0011520130809769893
episode_008_repeat_01/handoff_023,applied_interval,1927,2.0500001069158316,"[9.255690613903795e-09, -0.0642872520144558]","[9.383029856870426e-09, -0.07021133057173277]",1.2733924296663035e-10,-0.005924078557276974,True,"[""F_9"", ""F_9"", ""F_9"", ""F_9"", ""F_9""]","[""F_9"", ""F_9"", ""F_9"", ""F_9"", ""F_9""]","[0.00010476697993411221, -0.0011476644097108135, 0.0022264433127734407]",0.001152436426620308
episode_008_repeat_01/handoff_023,applied_interval,1928,2.0666667744517326,"[9.255690613903795e-09, -0.0642872520144558]","[9.383029856870426e-09, -0.07021133057173277]",1.2733924296663035e-10,-0.005924078557276974,True,"[""F_9"", ""F_9"", ""F_9"", ""F_9"", ""F_9""]","[""F_9"", ""F_9"", ""F_9"", ""F_9"", ""F_9""]","[0.00010476698194850087, -0.001147664408961191, 0.002127708665002892]",0.0011524364260569158
episode_008_repeat_01/handoff_023,applied_interval,1929,2.0833334419876337,"[9.255690613903795e-09, -0.0642872520144558]","[9.383029856870426e-09, -0.07021133057173277]",1.2733924296663035e-10,-0.005924078557276974,True,"[""F_9"", ""F_9"", ""F_9"", ""F_9"", ""F_9""]","[""F_9"", ""F_9"", ""F_9"", ""F_9"", ""F_9""]","[0.00010476698396644224, -0.001147664408229332, 0.0020289740172323434]",0.0011524364255115366
episode_008_repeat_01/handoff_023,applied_interval,1930,2.1000001095235348,"[9.255690613903795e-09, -0.0642872520144558]","[9.383029856870426e-09, -0.07021133057173277]",1.2733924296663035e-10,-0.005924078557276974,True,"[""F_9"", ""F_9"", ""F_9"", ""F_9"", ""F_9""]","[""F_9"", ""F_9"", ""F_9"", ""F_9"", ""F_9""]","[0.00010476698598793632, -0.0011476644075152365, 0.0019302393694617948]",0.0011524364249841704
episode_008_repeat_01/handoff_023,applied_interval,1931,2.116666777059436,"[9.255690613903795e-09, -0.0642872520144558]","[9.383029856870426e-09, -0.07021133057173277]",1.2733924296663035e-10,-0.005924078557276974,True,"[""F_9"", ""F_9"", ""F_9"", ""F_9"", ""F_9""]","[""F_9"", ""F_9"", ""F_9"", ""F_9"", ""F_9""]","[0.00010476698801298312, -0.0011476644068153519, 0.0018315047216912461]",0.001152436424471279
episode_008_repeat_01/handoff_023,applied_interval,1932,2.133333444595337,"[9.255690613903795e-09, -0.0642872520144558]","[9.383029856870426e-09, -0.07021133057173277]",1.2733924296663035e-10,-0.005924078557276974,True,"[""F_9"", ""F_9"", ""F_9"", ""F_9"", ""F_9""]","[""F_9"", ""F_9"", ""F_9"", ""F_9"", ""F_9""]","[0.00010476699004158263, -0.0011476644061367836, 0.0017327700739206975]",0.0011524364239799388
episode_008_repeat_01/handoff_023,applied_interval,1933,2.150000112131238,"[0.0, -0.047284118651076346]","[0.0, -0.05162857803473335]",0.0,-0.004344459383657004,True,"[""F_9"", ""F_9"", ""F_9"", ""F_9"", ""F_9""]","[""F_9"", ""F_9"", ""F_9"", ""F_9"", ""F_9""]","[0.00010476699207373485, -0.001147664405472426, 0.0016340354261501489]",0.0011524364235030735
episode_008_repeat_01/handoff_023,applied_interval,1934,2.166666779667139,"[0.0, -0.047284118651076346]","[0.0, -0.05162857803473335]",0.0,-0.004344459383657004,True,"[""F_9"", ""F_9"", ""F_9"", ""F_9"", ""F_9""]","[""F_9"", ""F_9"", ""F_9"", ""F_9"", ""F_9""]","[0.00010476699207373485, -0.001147664405472426, 0.0015616277659793454]",0.0011524364235030735
episode_008_repeat_01/handoff_023,applied_interval,1935,2.18333344720304,"[0.0, -0.047284118651076346]","[0.0, -0.05162857803473335]",0.0,-0.004344459383657004,True,"[""F_9"", ""F_9"", ""F_9"", ""F_9"", ""F_9""]","[""F_9"", ""F_9"", ""F_9"", ""F_9"", ""F_9""]","[0.00010476699207373485, -0.001147664405472426, 0.001489220105808542]",0.0011524364235030735
episode_008_repeat_01/handoff_023,applied_interval,1936,2.200000114738941,"[0.0, -0.047284118651076346]","[0.0, -0.05162857803473335]",0.0,-0.004344459383657004,True,"[""F_9"", ""F_9"", ""F_9"", ""F_9"", ""F_9""]","[""F_9"", ""F_9"", ""F_9"", ""F_9"", ""F_9""]","[0.00010476699207373485, -0.001147664405472426, 0.0014168124456377384]",0.0011524364235030735
episode_008_repeat_01/handoff_023,applied_interval,1937,2.2166667822748423,"[0.0, -0.047284118651076346]","[0.0, -0.05162857803473335]",0.0,-0.004344459383657004,True,"[""F_9"", ""F_9"", ""F_9"", ""F_9"", ""F_9""]","[""F_9"", ""F_9"", ""F_9"", ""F_9"", ""F_9""]","[0.00010476699207373485, -0.001147664405472426, 0.001344404785466935]",0.0011524364235030735
episode_008_repeat_01/handoff_023,applied_interval,1938,2.2333334498107433,"[0.0, -0.047284118651076346]","[0.0, -0.05162857803473335]",0.0,-0.004344459383657004,True,"[""F_9"", ""F_9"", ""F_9"", ""F_9"", ""F_9""]","[""F_9"", ""F_9"", ""F_9"", ""F_9"", ""F_9""]","[0.00010476699207373485, -0.001147664405472426, 0.0012719971252961315]",0.0011524364235030735
episode_008_repeat_01/handoff_023,applied_interval,1939,2.2500001173466444,"[0.0, -0.034718370937969506]","[0.0, -0.037907564889518276]",0.0,-0.0031891939515487702,True,"[""F_9"", ""F_9"", ""F_9"", ""F_9"", ""F_9""]","[""F_9"", ""F_9"", ""F_9"", ""F_9"", ""F_9""]","[0.00010476699207373485, -0.001147664405472426, 0.001199589465125328]",0.0011524364235030735
episode_008_repeat_01/handoff_023,applied_interval,1940,2.2666667848825455,"[0.0, -0.034718370937969506]","[0.0, -0.037907564889518276]",0.0,-0.0031891939515487702,True,"[""F_9"", ""F_9"", ""F_9"", ""F_9"", ""F_9""]","[""F_9"", ""F_9"", ""F_9"", ""F_9"", ""F_9""]","[0.00010476699207373485, -0.001147664405472426, 0.0011464362298276853]",0.0011524364235030735
episode_008_repeat_01/handoff_023,applied_interval,1941,2.2833334524184465,"[0.0, -0.034718370937969506]","[0.0, -0.037907564889518276]",0.0,-0.0031891939515487702,True,"[""F_9"", ""F_9"", ""F_9"", ""F_9"", ""F_9""]","[""F_9"", ""F_9"", ""F_9"", ""F_9"", ""F_9""]","[0.00010476699207373485, -0.001147664405472426, 0.0010932829945300426]",0.0011524364235030735
episode_008_repeat_01/handoff_023,applied_interval,1942,2.3000001199543476,"[0.0, -0.034718370937969506]","[0.0, -0.037907564889518276]",0.0,-0.0031891939515487702,True,"[""F_9"", ""F_9"", ""F_9"", ""F_9"", ""F_9""]","[""F_9"", ""F_9"", ""F_9"", ""F_9"", ""F_9""]","[0.00010476699207373485, -0.001147664405472426, 0.0010401297592324]",0.0011524364235030735
episode_008_repeat_01/handoff_023,applied_interval,1943,2.3166667874902487,"[0.0, -0.034718370937969506]","[0.0, -0.037907564889518276]",0.0,-0.0031891939515487702,True,"[""F_9"", ""F_9"", ""F_9"", ""F_9"", ""F_9""]","[""F_9"", ""F_9"", ""F_9"", ""F_9"", ""F_9""]","[0.00010476699207373485, -0.001147664405472426, 0.0009869765239347572]",0.0011524364235030735
episode_008_repeat_01/handoff_023,applied_interval,1944,2.3333334550261497,"[0.0, -0.034718370937969506]","[0.0, -0.037907564889518276]",0.0,-0.0031891939515487702,True,"[""F_9"", ""F_9"", ""F_9"", ""F_9"", ""F_9""]","[""F_9"", ""F_9"", ""F_9"", ""F_9"", ""F_9""]","[0.00010476699207373485, -0.001147664405472426, 0.0009338232886371145]",0.0011524364235030735
episode_008_repeat_01/handoff_023,applied_interval,1945,2.350000122562051,"[0.0, -0.02548857596807366]","[0.0, -0.027829889103870343]",0.0,-0.002341313135796684,True,"[""F_9"", ""F_9"", ""F_9"", ""F_9"", ""F_9""]","[""F_9"", ""F_9"", ""F_9"", ""F_9"", ""F_9""]","[0.00010476699207373485, -0.001147664405472426, 0.0008806700533394718]",0.0011524364235030735
episode_008_repeat_01/handoff_023,applied_interval,1946,2.366666790097952,"[0.0, -0.02548857596807366]","[0.0, -0.027829889103870343]",0.0,-0.002341313135796684,True,"[""F_9"", ""F_9"", ""F_9"", ""F_9"", ""F_9""]","[""F_9"", ""F_9"", ""F_9"", ""F_9"", ""F_9""]","[0.00010476699207373485, -0.001147664405472426, 0.0008416481657076424]",0.0011524364235030735
episode_008_repeat_01/handoff_023,applied_interval,1947,2.383333457633853,"[0.0, -0.02548857596807366]","[0.0, -0.027829889103870343]",0.0,-0.002341313135796684,True,"[""F_9"", ""F_9"", ""F_9"", ""F_9"", ""F_9""]","[""F_9"", ""F_9"", ""F_9"", ""F_9"", ""F_9""]","[0.00010476699207373485, -0.001147664405472426, 0.0008026262780758131]",0.0011524364235030735
episode_008_repeat_01/handoff_023,applied_interval,1948,2.400000125169754,"[0.0, -0.02548857596807366]","[0.0, -0.027829889103870343]",0.0,-0.002341313135796684,True,"[""F_9"", ""F_9"", ""F_9"", ""F_9"", ""F_9""]","[""F_9"", ""F_9"", ""F_9"", ""F_9"", ""F_9""]","[0.00010476699207373485, -0.001147664405472426, 0.0007636043904439838]",0.0011524364235030735
episode_008_repeat_01/handoff_023,applied_interval,1949,2.416666792705655,"[0.0, -0.02548857596807366]","[0.0, -0.027829889103870343]",0.0,-0.002341313135796684,True,"[""F_9"", ""F_9"", ""F_9"", ""F_9"", ""F_9""]","[""F_9"", ""F_9"", ""F_9"", ""F_9"", ""F_9""]","[0.00010476699207373485, -0.001147664405472426, 0.0007245825028121544]",0.0011524364235030735
episode_008_repeat_01/handoff_023,applied_interval,1950,2.433333460241556,"[0.0, -0.02548857596807366]","[0.0, -0.027829889103870343]",0.0,-0.002341313135796684,True,"[""F_9"", ""F_9"", ""F_9"", ""F_9"", ""F_9""]","[""F_9"", ""F_9"", ""F_9"", ""F_9"", ""F_9""]","[0.00010476699207373485, -0.001147664405472426, 0.0006855606151803251]",0.0011524364235030735
episode_008_repeat_01/handoff_023,applied_interval,1951,2.4500001277774572,"[0.0, -0.018712306579441906]","[0.0, -0.020431167191422583]",0.0,-0.001718860611980677,True,"[""F_9"", ""F_9"", ""F_9"", ""F_9"", ""F_9""]","[""F_9"", ""F_9"", ""F_9"", ""F_9"", ""F_9""]","[0.00010476699207373485, -0.001147664405472426, 0.0006465387275484957]",0.0011524364235030735
episode_008_repeat_01/handoff_023,applied_interval,1952,2.4666667953133583,"[0.0, -0.018712306579441906]","[0.0, -0.020431167191422583]",0.0,-0.001718860611980677,True,"[""F_9"", ""F_9"", ""F_9"", ""F_9"", ""F_9""]","[""F_9"", ""F_9"", ""F_9"", ""F_9"", ""F_9""]","[0.00010476699207373485, -0.001147664405472426, 0.0006178910491878575]",0.0011524364235030735
episode_008_repeat_01/handoff_023,applied_interval,1953,2.4833334628492594,"[0.0, -0.018712306579441906]","[0.0, -0.020431167191422583]",0.0,-0.001718860611980677,True,"[""F_9"", ""F_9"", ""F_9"", ""F_9"", ""F_9""]","[""F_9"", ""F_9"", ""F_9"", ""F_9"", ""F_9""]","[0.00010476699207373485, -0.001147664405472426, 0.0005892433708272193]",0.0011524364235030735
episode_008_repeat_01/handoff_023,applied_interval,1954,2.5000001303851604,"[0.0, -0.018712306579441906]","[0.0, -0.020431167191422583]",0.0,-0.001718860611980677,True,"[""F_9"", ""F_9"", ""F_9"", ""F_9"", ""F_9""]","[""F_9"", ""F_9"", ""F_9"", ""F_9"", ""F_9""]","[0.00010476699207373485, -0.001147664405472426, 0.0005605956924665811]",0.0011524364235030735
episode_008_repeat_01/handoff_023,applied_interval,1955,2.5166667979210615,"[0.0, -0.018712306579441906]","[0.0, -0.020431167191422583]",0.0,-0.001718860611980677,True,"[""F_9"", ""F_9"", ""F_9"", ""F_9"", ""F_9""]","[""F_9"", ""F_9"", ""F_9"", ""F_9"", ""F_9""]","[0.00010476699207373485, -0.001147664405472426, 0.0005319480141059429]",0.0011524364235030735
episode_008_repeat_01/handoff_023,applied_interval,1956,2.5333334654569626,"[0.0, -0.018712306579441906]","[0.0, -0.020431167191422583]",0.0,-0.001718860611980677,True,"[""F_9"", ""F_9"", ""F_9"", ""F_9"", ""F_9""]","[""F_9"", ""F_9"", ""F_9"", ""F_9"", ""F_9""]","[0.00010476699207373485, -0.001147664405472426, 0.0005033003357453047]",0.0011524364235030735
episode_008_repeat_01/handoff_023,applied_interval,1957,2.5500001329928637,"[0.0, -0.013737532368152304]","[0.0, -0.014999423878186228]",0.0,-0.0012618915100339242,True,"[""F_9"", ""F_9"", ""F_9"", ""F_9"", ""F_9""]","[""F_9"", ""F_9"", ""F_9"", ""F_9"", ""F_9""]","[0.00010476699207373485, -0.001147664405472426, 0.00047465265738466655]",0.0011524364235030735
episode_008_repeat_01/handoff_023,applied_interval,1958,2.5666668005287647,"[0.0, -0.013737532368152304]","[0.0, -0.014999423878186228]",0.0,-0.0012618915100339242,True,"[""F_9"", ""F_9"", ""F_9"", ""F_9"", ""F_9""]","[""F_9"", ""F_9"", ""F_9"", ""F_9"", ""F_9""]","[0.00010476699207373485, -0.001147664405472426, 0.000453621131120574]",0.0011524364235030735
episode_008_repeat_01/handoff_023,applied_interval,1959,2.583333468064666,"[0.0, -0.013737532368152304]","[0.0, -0.014999423878186228]",0.0,-0.0012618915100339242,True,"[""F_9"", ""F_9"", ""F_9"", ""F_9"", ""F_9""]","[""F_9"", ""F_9"", ""F_9"", ""F_9"", ""F_9""]","[0.00010476699207373485, -0.001147664405472426, 0.00043258960485648146]",0.0011524364235030735
episode_008_repeat_01/handoff_023,applied_interval,1960,2.600000135600567,"[0.0, -0.013737532368152304]","[0.0, -0.014999423878186228]",0.0,-0.0012618915100339242,True,"[""F_9"", ""F_9"", ""F_9"", ""F_9"", ""F_9""]","[""F_9"", ""F_9"", ""F_9"", ""F_9"", ""F_9""]","[0.00010476699207373485, -0.001147664405472426, 0.0004115580785923889]",0.0011524364235030735
episode_008_repeat_01/handoff_023,applied_interval,1961,2.616666803136468,"[0.0, -0.013737532368152304]","[0.0, -0.014999423878186228]",0.0,-0.0012618915100339242,True,"[""F_9"", ""F_9"", ""F_9"", ""F_9"", ""F_9""]","[""F_9"", ""F_9"", ""F_9"", ""F_9"", ""F_9""]","[0.00010476699207373485, -0.001147664405472426, 0.00039052655232829636]",0.0011524364235030735
episode_008_repeat_01/handoff_023,applied_interval,1962,2.633333470672369,"[0.0, -0.013737532368152304]","[0.0, -0.014999423878186228]",0.0,-0.0012618915100339242,True,"[""F_9"", ""F_9"", ""F_9"", ""F_9"", ""F_9""]","[""F_9"", ""F_9"", ""F_9"", ""F_9"", ""F_9""]","[0.00010476699207373485, -0.001147664405472426, 0.0003694950260642038]",0.0011524364235030735
episode_008_repeat_01/handoff_023,applied_interval,1963,2.65000013820827,"[0.0, -0.010085329836644301]","[0.0, -0.01101174017439844]",0.0,-0.0009264103377541379,True,"[""F_9"", ""F_9"", ""F_9"", ""F_9"", ""F_9""]","[""F_9"", ""F_9"", ""F_9"", ""F_9"", ""F_9""]","[0.00010476699207373485, -0.001147664405472426, 0.00034846349980011126]",0.0011524364235030735
episode_008_repeat_01/handoff_023,applied_interval,1964,2.666666805744171,"[0.0, -0.010085329836644301]","[0.0, -0.01101174017439844]",0.0,-0.0009264103377541379,True,"[""F_9"", ""F_9"", ""F_9"", ""F_9"", ""F_9""]","[""F_9"", ""F_9"", ""F_9"", ""F_9"", ""F_9""]","[0.00010476699207373485, -0.001147664405472426, 0.0003330233266987115]",0.0011524364235030735
episode_008_repeat_01/handoff_023,applied_interval,1965,2.683333473280072,"[0.0, -0.010085329836644301]","[0.0, -0.01101174017439844]",0.0,-0.0009264103377541379,True,"[""F_9"", ""F_9"", ""F_9"", ""F_9"", ""F_9""]","[""F_9"", ""F_9"", ""F_9"", ""F_9"", ""F_9""]","[0.00010476699207373485, -0.001147664405472426, 0.0003175831535973117]",0.0011524364235030735
episode_008_repeat_01/handoff_023,applied_interval,1966,2.7000001408159733,"[0.0, -0.010085329836644301]","[0.0, -0.01101174017439844]",0.0,-0.0009264103377541379,True,"[""F_9"", ""F_9"", ""F_9"", ""F_9"", ""F_9""]","[""F_9"", ""F_9"", ""F_9"", ""F_9"", ""F_9""]","[0.00010476699207373485, -0.001147664405472426, 0.00030214298049591193]",0.0011524364235030735
episode_008_repeat_01/handoff_023,applied_interval,1967,2.7166668083518744,"[0.0, -0.010085329836644301]","[0.0, -0.01101174017439844]",0.0,-0.0009264103377541379,True,"[""F_9"", ""F_9"", ""F_9"", ""F_9"", ""F_9""]","[""F_9"", ""F_9"", ""F_9"", ""F_9"", ""F_9""]","[0.00010476699207373485, -0.001147664405472426, 0.00028670280739451215]",0.0011524364235030735
episode_008_repeat_01/handoff_023,applied_interval,1968,2.7333334758877754,"[0.0, -0.010085329836644301]","[0.0, -0.01101174017439844]",0.0,-0.0009264103377541379,True,"[""F_9"", ""F_9"", ""F_9"", ""F_9"", ""F_9""]","[""F_9"", ""F_9"", ""F_9"", ""F_9"", ""F_9""]","[0.00010476699207373485, -0.001147664405472426, 0.00027126263429311237]",0.0011524364235030735
episode_008_repeat_01/handoff_023,applied_interval,1969,2.7500001434236765,"[0.0, -0.00740408646168968]","[0.0, -0.008084205243246139]",0.0,-0.0006801187815564588,True,"[""F_9"", ""F_9"", ""F_9"", ""F_9"", ""F_9""]","[""F_9"", ""F_9"", ""F_9"", ""F_9"", ""F_9""]","[0.00010476699207373485, -0.001147664405472426, 0.0002558224611917126]",0.0011524364235030735
episode_008_repeat_01/handoff_023,applied_interval,1970,2.7666668109595776,"[0.0, -0.00740408646168968]","[0.0, -0.008084205243246139]",0.0,-0.0006801187815564588,True,"[""F_9"", ""F_9"", ""F_9"", ""F_9"", ""F_9""]","[""F_9"", ""F_9"", ""F_9"", ""F_9"", ""F_9""]","[0.00010476699207373485, -0.001147664405472426, 0.00024448714757463463]",0.0011524364235030735
episode_008_repeat_01/handoff_023,applied_interval,1971,2.7833334784954786,"[0.0, -0.00740408646168968]","[0.0, -0.008084205243246139]",0.0,-0.0006801187815564588,True,"[""F_9"", ""F_9"", ""F_9"", ""F_9"", ""F_9""]","[""F_9"", ""F_9"", ""F_9"", ""F_9"", ""F_9""]","[0.00010476699207373485, -0.001147664405472426, 0.00023315183395755668]",0.0011524364235030735
episode_008_repeat_01/handoff_023,applied_interval,1972,2.8000001460313797,"[0.0, -0.00740408646168968]","[0.0, -0.008084205243246139]",0.0,-0.0006801187815564588,True,"[""F_9"", ""F_9"", ""F_9"", ""F_9"", ""F_9""]","[""F_9"", ""F_9"", ""F_9"", ""F_9"", ""F_9""]","[0.00010476699207373485, -0.001147664405472426, 0.00022181652034047872]",0.0011524364235030735
episode_008_repeat_01/handoff_023,applied_interval,1973,2.8166668135672808,"[0.0, -0.00740408646168968]","[0.0, -0.008084205243246139]",0.0,-0.0006801187815564588,True,"[""F_9"", ""F_9"", ""F_9"", ""F_9"", ""F_9""]","[""F_9"", ""F_9"", ""F_9"", ""F_9"", ""F_9""]","[0.00010476699207373485, -0.001147664405472426, 0.00021048120672340076]",0.0011524364235030735
episode_008_repeat_01/handoff_023,applied_interval,1974,2.833333481103182,"[0.0, -0.00740408646168968]","[0.0, -0.008084205243246139]",0.0,-0.0006801187815564588,True,"[""F_9"", ""F_9"", ""F_9"", ""F_9"", ""F_9""]","[""F_9"", ""F_9"", ""F_9"", ""F_9"", ""F_9""]","[0.00010476699207373485, -0.001147664405472426, 0.0001991458931063228]",0.0011524364235030735
episode_008_repeat_01/handoff_023,applied_interval,1975,2.850000148639083,"[0.0, -0.005435667171962306]","[0.0, -0.005934972434727108]",0.0,-0.0004993052627648015,True,"[""F_9"", ""F_9"", ""F_9"", ""F_9"", ""F_9""]","[""F_9"", ""F_9"", ""F_9"", ""F_9"", ""F_9""]","[0.00010476699207373485, -0.001147664405472426, 0.00018781057948924484]",0.0011524364235030735
episode_008_repeat_01/handoff_023,applied_interval,1976,2.866666816174984,"[0.0, -0.005435667171962306]","[0.0, -0.005934972434727108]",0.0,-0.0004993052627648015,True,"[""F_9"", ""F_9"", ""F_9"", ""F_9"", ""F_9""]","[""F_9"", ""F_9"", ""F_9"", ""F_9"", ""F_9""]","[0.00010476699207373485, -0.001147664405472426, 0.00017948882467599958]",0.0011524364235030735
episode_008_repeat_01/handoff_023,applied_interval,1977,2.883333483710885,"[0.0, -0.005435667171962306]","[0.0, -0.005934972434727108]",0.0,-0.0004993052627648015,True,"[""F_9"", ""F_9"", ""F_9"", ""F_9"", ""F_9""]","[""F_9"", ""F_9"", ""F_9"", ""F_9"", ""F_9""]","[0.00010476699207373485, -0.001147664405472426, 0.00017116706986275432]",0.0011524364235030735
episode_008_repeat_01/handoff_023,applied_interval,1978,2.900000151246786,"[0.0, -0.005435667171962306]","[0.0, -0.005934972434727108]",0.0,-0.0004993052627648015,True,"[""F_9"", ""F_9"", ""F_9"", ""F_9"", ""F_9""]","[""F_9"", ""F_9"", ""F_9"", ""F_9"", ""F_9""]","[0.00010476699207373485, -0.001147664405472426, 0.00016284531504950905]",0.0011524364235030735
episode_008_repeat_01/handoff_023,applied_interval,1979,2.916666818782687,"[0.0, -0.005435667171962306]","[0.0, -0.005934972434727108]",0.0,-0.0004993052627648015,True,"[""F_9"", ""F_9"", ""F_9"", ""F_9"", ""F_9""]","[""F_9"", ""F_9"", ""F_9"", ""F_9"", ""F_9""]","[0.00010476699207373485, -0.001147664405472426, 0.0001545235602362638]",0.0011524364235030735
episode_008_repeat_01/handoff_023,applied_interval,1980,2.9333334863185883,"[0.0, -0.005435667171962306]","[0.0, -0.005934972434727108]",0.0,-0.0004993052627648015,True,"[""F_9"", ""F_9"", ""F_9"", ""F_9"", ""F_9""]","[""F_9"", ""F_9"", ""F_9"", ""F_9"", ""F_9""]","[0.00010476699207373485, -0.001147664405472426, 0.00014620180542301853]",0.0011524364235030735
episode_008_repeat_01/handoff_023,applied_interval,1981,2.9500001538544893,"[0.0, -0.0039905635565266944]","[0.0, -0.004357125622137118]",0.0,-0.0003665620656104233,True,"[""F_9"", ""F_9"", ""F_9"", ""F_9"", ""F_9""]","[""F_9"", ""F_9"", ""F_9"", ""F_9"", ""F_9""]","[0.00010476699207373485, -0.001147664405472426, 0.00013788005060977326]",0.0011524364235030735
episode_008_repeat_01/handoff_023,applied_interval,1982,2.9666668213903904,"[0.0, -0.0039905635565266944]","[0.0, -0.004357125622137118]",0.0,-0.0003665620656104233,True,"[""F_9"", ""F_9"", ""F_9"", ""F_9"", ""F_9""]","[""F_9"", ""F_9"", ""F_9"", ""F_9"", ""F_9""]","[0.00010476699207373485, -0.001147664405472426, 0.00013177068253122926]",0.0011524364235030735
episode_008_repeat_01/handoff_023,applied_interval,1983,2.9833334889262915,"[0.0, -0.0039905635565266944]","[0.0, -0.004357125622137118]",0.0,-0.0003665620656104233,True,"[""F_9"", ""F_9"", ""F_9"", ""F_9"", ""F_9""]","[""F_9"", ""F_9"", ""F_9"", ""F_9"", ""F_9""]","[0.00010476699207373485, -0.001147664405472426, 0.00012566131445268525]",0.0011524364235030735
episode_013_repeat_00/handoff_020,submit_result,1524,0.0,"[0.35764121618210637, -0.963060456227792]","[0.35764121626468254, -0.963060456226863]",8.257616812556989e-11,9.29034627006331e-13,False,"[""bridge_1"", ""E*"", ""F_3"", ""F_4"", ""F_5""]","[""bridge_1"", ""E*"", ""F_3"", ""F_4"", ""F_5""]","[0.0, 0.0, 0.0]",0.0
episode_013_repeat_00/handoff_020,submit_result,1530,0.10000000521540642,"[0.15764120945647025, -1.463060436688144]","[0.15764120961507141, -1.463060436664603]",1.5860115998300728e-10,2.3540946969546894e-11,False,"[""bridge_1"", ""E*"", ""F_3"", ""F_4"", ""F_5""]","[""bridge_1"", ""E*"", ""F_3"", ""F_4"", ""F_5""]","[1.1191048088221578e-12, -6.787459483348357e-12, 7.771561172376096e-14]",6.879098909830009e-12
episode_013_repeat_00/handoff_020,submit_result,1536,0.20000001043081284,"[0.06772564365746178, -1.3329340816825561]","[0.06966901073741964, -1.33509261411035]",0.0019433670799578612,-0.0021585324277939577,True,"[""bridge_1"", ""E*"", ""F_3"", ""F_4"", ""F_5""]","[""bridge_1"", ""E*"", ""F_3"", ""F_4"", ""F_5""]","[1.900701818158268e-12, -2.134825649591221e-11, 2.0552448631860898e-12]",2.1432702181871703e-11
episode_013_repeat_00/handoff_020,submit_result,1542,0.30000001564621925,"[0.26772565230140316, -1.62454283013749]","[0.2696690193710157, -1.6261501784179961]",0.0019433670696125116,-0.0016073482805061268,True,"[""E*"", ""F_3"", ""F_4"", ""F_5"", ""F_6""]","[""E*"", ""F_3"", ""F_4"", ""F_5"", ""F_6""]","[-1.5816093704046352e-05, -0.00016108058305874806, -0.0001798777092503201]",0.0001618551916331429
episode_013_repeat_00/handoff_020,submit_result,1548,0.40000002086162567,"[0.4677256480126717, -1.3030546908870995]","[0.4696690140027535, -1.303531929428608]",0.0019433659900818245,-0.00047723854150860667,True,"[""E*"", ""F_3"", ""F_4"", ""F_5"", ""F_6""]","[""E*"", ""F_3"", ""F_4"", ""F_5"", ""F_6""]","[-6.588539983454211e-05, -0.0003486497523006449, -0.0003497989486174191]",0.00035482042738638723
episode_013_repeat_00/handoff_020,submit_result,1554,0.5000000260770321,"[0.6677256569108407, -1.5419461585539338]","[0.6696690228976898, -1.5412876576410268]",0.0019433659868490771,0.0006585009129069785,True,"[""F_4"", ""F_5"", ""F_6"", ""F_7"", ""F_8""]","[""F_4"", ""F_5"", ""F_6"", ""F_7"", ""F_8""]","[-0.00015341991630180019, -0.0005227290348628344, -0.0004163579685561025]",0.0005447782251583499
episode_013_repeat_00/handoff_020,submit_result,1560,0.6000000312924385,"[0.8, -1.0419464455178233]","[0.8, -1.0412879464500362]",0.0,0.0006584990677871438,True,"[""F_4"", ""F_5"", ""F_6"", ""F_7"", ""F_8""]","[""F_4"", ""F_5"", ""F_6"", ""F_7"", ""F_8""]","[-0.00027143778806149044, -0.0006789160516582626, -0.0003694368657241043]",0.0007311672024830978
episode_013_repeat_00/handoff_020,submit_result,1566,0.7000000365078449,"[0.8, -0.8680977195775329]","[0.8, -0.8679558169800721]",0.0,0.00014190259746083012,True,"[""F_5"", ""F_6"", ""F_7"", ""F_8"", ""F_9""]","[""F_5"", ""F_6"", ""F_7"", ""F_8"", ""F_9""]","[-0.0003106413332680802, -0.000689655653646426, -0.0003035869247591805]",0.0007563881004755756
episode_013_repeat_00/handoff_020,submit_result,1572,0.8000000417232513,"[0.8, -0.5423327242894651]","[0.8, -0.5423910345683902]",0.0,-5.831027892511109e-05,True,"[""F_5"", ""F_6"", ""F_7"", ""F_8"", ""F_9""]","[""F_5"", ""F_6"", ""F_7"", ""F_8"", ""F_9""]","[-0.00032749862818448605, -0.0006738905364063186, -0.00028078672265152704]",0.0007492555014951282
episode_013_repeat_00/handoff_020,submit_result,1578,0.9000000469386578,"[0.8, -0.5312932094597134]","[0.8, -0.5314053038408485]",0.0,-0.00011209438113513048,True,"[""F_6"", ""F_7"", ""F_8"", ""F_9"", ""F_9""]","[""F_6"", ""F_7"", ""F_8"", ""F_9"", ""F_9""]","[-0.00034267835192025586, -0.000657352419869639, -0.00028328086940065944]",0.0007413100948882679
episode_013_repeat_00/handoff_020,submit_result,1584,1.0000000521540642,"[0.8, -0.34753160924289284]","[0.8, -0.3476761140729401]",0.0,-0.0001445048300472429,True,"[""F_6"", ""F_7"", ""F_8"", ""F_9"", ""F_9""]","[""F_6"", ""F_7"", ""F_8"", ""F_9"", ""F_9""]","[-0.00035731359957225095, -0.0006395546287780718, -0.00029359390634997595]",0.0007326002536381871
episode_013_repeat_00/handoff_020,submit_result,1590,1.1000000573694706,"[0.8, -0.3844466898111687]","[0.8, -0.3845700274446443]",0.0,-0.00012333763347560645,True,"[""F_7"", ""F_8"", ""F_9"", ""F_9"", ""F_9""]","[""F_7"", ""F_8"", ""F_9"", ""F_9"", ""F_9""]","[-0.0003716889050124905, -0.0006203054064766178, -0.0003075042159323971]",0.0007231399860424718
episode_013_repeat_00/handoff_020,submit_result,1596,1.200000062584877,"[0.8, -0.25960796338358494]","[0.8, -0.2596418488896865]",0.0,-3.3885506101560825e-05,True,"[""F_7"", ""F_8"", ""F_9"", ""F_9"", ""F_9""]","[""F_7"", ""F_8"", ""F_9"", ""F_9"", ""F_9""]","[-0.00038597856627475835, -0.0005996481742656101, -0.0003201907665517645]",0.0007131320961249729
episode_013_repeat_00/handoff_020,submit_result,1602,1.3000000678002834,"[0.8, -0.2693352094769115]","[0.8, -0.26918554155192403]",0.0,0.00014966792498743997,True,"[""F_8"", ""F_9"", ""F_9"", ""F_9"", ""F_9""]","[""F_8"", ""F_9"", ""F_9"", ""F_9"", ""F_9""]","[-0.0003999592841026356, -0.0005778939617027135, -0.0003250701862058669]",0.0007028007256060213
episode_013_repeat_00/handoff_020,submit_result,1608,1.4000000730156898,"[0.8, -0.16124624460443285]","[0.7999999852614581, -0.1607679332051791]",-1.4738541942449501e-08,0.0004783113992537502,True,"[""F_8"", ""F_9"", ""F_9"", ""F_9"", ""F_9""]","[""F_8"", ""F_9"", ""F_9"", ""F_9"", ""F_9""]","[-0.0004132434526731288, -0.0005559746931655951, -0.00031316261693747904]",0.0006927322791799052
episode_013_repeat_00/handoff_020,submit_result,1614,1.5000000782310963,"[0.6198751029783361, -0.12162053030991837]","[0.6180902398321015, -0.1210468795692533]",-0.0017848631462346054,0.0005736507406650798,True,"[""F_9"", ""F_9"", ""F_9"", ""F_9"", ""F_9""]","[""F_9"", ""F_9"", ""F_9"", ""F_9"", ""F_9""]","[-0.0004249767502386703, -0.0005355659748325081, -0.0002708088660408059]",0.0006836930244208404
episode_013_repeat_00/handoff_020,submit_result,1620,1.6000000834465027,"[0.4198751128696508, -0.061677156538146344]","[0.4180902498958036, -0.06106541849859066]",-0.0017848629738471677,0.0006117380395556857,True,"[""F_9"", ""F_9"", ""F_9"", ""F_9"", ""F_9""]","[""F_9"", ""F_9"", ""F_9"", ""F_9"", ""F_9""]","[-0.0003025678761119366, -0.0004496359203187694, -0.00021503277808809784]",0.0005419592055642149
episode_013_repeat_00/handoff_020,submit_result,1626,1.700000088661909,"[0.2198751208467011, -0.02591407722278429]","[0.21809025806017562, -0.0253904753108993]",-0.0017848627865254818,0.0005236019118849931,True,"[""F_9"", ""F_9"", ""F_9"", ""F_9"", ""F_9""]","[""F_9"", ""F_9"", ""F_9"", ""F_9"", ""F_9""]","[-0.00014967464583648393, -0.0003571636672745626, -0.00015449375929055265]",0.00038725751745742956
episode_013_repeat_00/handoff_020,submit_result,1632,1.8000000938773155,"[0.019875138770096563, -0.01625971181473397]","[0.018090276283619446, -0.016007322192938635]",-0.0017848624864771172,0.00025238962179533614,True,"[""F_9"", ""F_9"", ""F_9"", ""F_9"", ""F_9""]","[""F_9"", ""F_9"", ""F_9"", ""F_9"", ""F_9""]","[6.122604236935558e-06, -0.000270014566909893, -0.00010066462983360225]",0.00027008397328641924
episode_013_repeat_00/handoff_020,submit_result,1638,1.900000099092722,"[1.1126441781655644e-08, -0.011779589927132515]","[1.1232353048429467e-08, -0.01160181344184498]",1.0591126677382332e-10,0.00017777648528753513,True,"[""F_9"", ""F_9"", ""F_9"", ""F_9"", ""F_9""]","[""F_9"", ""F_9"", ""F_9"", ""F_9"", ""F_9""]","[0.00016343441366117872, -0.00018569092758724537, -7.090546126775621e-05]",0.00024737002275333384
episode_013_repeat_00/handoff_020,submit_result,1644,2.0000001043081284,"[1.0611395005650059e-08, -0.008638959295817155]","[1.076284595520979e-08, -0.008508873420774278]",1.5145094955973128e-10,0.00013008587504287697,True,"[""F_9"", ""F_9"", ""F_9"", ""F_9"", ""F_9""]","[""F_9"", ""F_9"", ""F_9"", ""F_9"", ""F_9""]","[0.000189693824633963, -0.00017171346336475324, -5.1884259473666816e-05]",0.0002558696164162114
episode_013_repeat_00/handoff_020,submit_result,1650,2.1000001095235348,"[1.065486065844298e-08, -0.006341731999437978]","[1.0806663871146004e-08, -0.006246254552962914]",1.5180321270302303e-10,9.547744647506445e-05,True,"[""F_9"", ""F_9"", ""F_9"", ""F_9"", ""F_9""]","[""F_9"", ""F_9"", ""F_9"", ""F_9"", ""F_9""]","[0.00018969381189748447, -0.00017171347005273674, -3.808082774581223e-05]",0.00025586961146206933
episode_013_repeat_00/handoff_020,submit_result,1656,2.200000114738941,"[1.0686889094717073e-08, -0.004655716776532585]","[1.0838951927083281e-08, -0.004585623948329987]",1.5206283236620803e-10,7.009282820259755e-05,True,"[""F_9"", ""F_9"", ""F_9"", ""F_9"", ""F_9""]","[""F_9"", ""F_9"", ""F_9"", ""F_9"", ""F_9""]","[0.00018969379846467405, -0.00017171347711020246, -2.7956275428842048e-05]",0.00025586960623964777
episode_013_repeat_00/handoff_020,submit_result,1662,2.3000001199543476,"[1.0710470874919713e-08, -0.003417965842080224]","[1.0862724733659534e-08, -0.0033665076774244446]",1.5225385873982094e-10,5.145816465577935e-05,True,"[""F_9"", ""F_9"", ""F_9"", ""F_9"", ""F_9""]","[""F_9"", ""F_9"", ""F_9"", ""F_9"", ""F_9""]","[0.00018969378500344192, -0.00017171348418187904, -2.0523915249981428e-05]",0.00025586960100569284
episode_013_repeat_00/handoff_020,submit_result,1668,2.400000125169754,"[1.0727820269337191e-08, -0.0025092797236577822]","[1.088021458751105e-08, -0.0024715020148481843]",1.5239431817385811e-10,3.7777708809597944e-05,True,"[""F_9"", ""F_9"", ""F_9"", ""F_9"", ""F_9""]","[""F_9"", ""F_9"", ""F_9"", ""F_9"", ""F_9""]","[0.00018969377152799893, -0.00017171349125710833, -1.5067520772849008e-05]",0.0002558695957635875
episode_013_repeat_00/handoff_020,submit_result,1674,2.5000001303851604,"[1.0740576992472091e-08, -0.0018421731638516648]","[1.0893074539205856e-08, -0.0018144388781645262]",1.5249754673376412e-10,2.773428568713862e-05,True,"[""F_9"", ""F_9"", ""F_9"", ""F_9"", ""F_9""]","[""F_9"", ""F_9"", ""F_9"", ""F_9"", ""F_9""]","[0.00018969375804900324, -0.00017171349834299576, -1.1061742085871629e-05]",0.00025586959052600173
episode_013_repeat_00/handoff_020,submit_result,1680,2.600000135600567,"[1.0749952714827666e-08, -0.0013524207535382806]","[1.0902526099505145e-08, -0.0013320597884785997]",1.525733846774795e-10,2.0360965059680906e-05,True,"[""F_9"", ""F_9"", ""F_9"", ""F_9"", ""F_9""]","[""F_9"", ""F_9"", ""F_9"", ""F_9"", ""F_9""]","[0.00018969374454869126, -0.00017171350543954134, -8.12092297852729e-06]",0.00025586958527976615
episode_013_repeat_00/handoff_020,submit_result,1686,2.7000001408159733,"[1.0756841259096804e-08, -0.0009928718596448791]","[1.0909470341894393e-08, -0.0009779239751688217]",1.5262908279758869e-10,1.4947884476057462e-05,True,"[""F_9"", ""F_9"", ""F_9"", ""F_9"", ""F_9""]","[""F_9"", ""F_9"", ""F_9"", ""F_9"", ""F_9""]","[0.00018969373104127385, -0.00017171351253786327, -5.961937683540697e-06]",0.00025586958002945577
episode_013_repeat_00/handoff_020,submit_result,1692,2.8000001460313797,"[1.0761901136542292e-08, -0.0007289111226006186]","[1.0914571115098292e-08, -0.0007179372198570901]",1.5266997855599987e-10,1.0973902743528535e-05,True,"[""F_9"", ""F_9"", ""F_9"", ""F_9"", ""F_9""]","[""F_9"", ""F_9"", ""F_9"", ""F_9"", ""F_9""]","[0.00018969371753030373, -0.0001717135196361852, -4.376931144189911e-06]",0.0002558695747765123
episode_013_repeat_00/handoff_020,submit_result,1698,2.900000151246786,"[1.0765617041117235e-08, -0.0005351258770141286]","[1.0918317039275684e-08, -0.000527069449923407]",1.5269999815844956e-10,8.056427090721613e-06,True,"[""F_9"", ""F_9"", ""F_9"", ""F_9"", ""F_9""]","[""F_9"", ""F_9"", ""F_9"", ""F_9"", ""F_9""]","[0.0001896937040157809, -0.00017171352674161255, -3.2133077811913324e-06]",0.0002558695695257042
episode_013_repeat_00/handoff_020,applied_interval,1524,0.0,"[0.5576412227151519, -0.4630604521533619]","[0.5576412227151519, -0.4630604521533619]",0.0,0.0,False,"[""COMMON_B_COMMAND""]","[""COMMON_B_COMMAND""]","[0.0, 0.0, 0.0]",0.0
episode_013_repeat_00/handoff_020,applied_interval,1525,0.01666666753590107,"[0.35764121618210637, -0.963060456227792]","[0.35764121626468254, -0.963060456226863]",8.257616812556989e-11,9.29034627006331e-13,False,"[""bridge_1"", ""E*"", ""F_3"", ""F_4"", ""F_5""]","[""bridge_1"", ""E*"", ""F_3"", ""F_4"", ""F_5""]","[0.0, 0.0, 0.0]",0.0
episode_013_repeat_00/handoff_020,applied_interval,1526,0.03333333507180214,"[0.35764121618210637, -0.963060456227792]","[0.35764121626468254, -0.963060456226863]",8.257616812556989e-11,9.29034627006331e-13,False,"[""bridge_1"", ""E*"", ""F_3"", ""F_4"", ""F_5""]","[""bridge_1"", ""E*"", ""F_3"", ""F_4"", ""F_5""]","[2.6645352591003757e-13, -1.3500311979441904e-12, 1.554312234475219e-14]",1.3760747497474536e-12
episode_013_repeat_00/handoff_020,applied_interval,1527,0.05000000260770321,"[0.35764121618210637, -0.963060456227792]","[0.35764121626468254, -0.963060456226863]",8.257616812556989e-11,9.29034627006331e-13,False,"[""bridge_1"", ""E*"", ""F_3"", ""F_4"", ""F_5""]","[""bridge_1"", ""E*"", ""F_3"", ""F_4"", ""F_5""]","[5.115907697472721e-13, -2.7036151095671812e-12, 3.108624468950438e-14]",2.7515922256705422e-12
episode_013_repeat_00/handoff_020,applied_interval,1528,0.06666667014360428,"[0.35764121618210637, -0.963060456227792]","[0.35764121626468254, -0.963060456226863]",8.257616812556989e-11,9.29034627006331e-13,False,"[""bridge_1"", ""E*"", ""F_3"", ""F_4"", ""F_5""]","[""bridge_1"", ""E*"", ""F_3"", ""F_4"", ""F_5""]","[7.354117315117037e-13, -4.062528091708373e-12, 4.6629367034256575e-14]",4.128554821092329e-12
episode_013_repeat_00/handoff_020,applied_interval,1529,0.08333333767950535,"[0.35764121618210637, -0.963060456227792]","[0.35764121626468254, -0.963060456226863]",8.257616812556989e-11,9.29034627006331e-13,False,"[""bridge_1"", ""E*"", ""F_3"", ""F_4"", ""F_5""]","[""bridge_1"", ""E*"", ""F_3"", ""F_4"", ""F_5""]","[9.379164112033322e-13, -5.423217430688965e-12, 6.217248937900877e-14]",5.503723693549046e-12
episode_013_repeat_00/handoff_020,applied_interval,1530,0.10000000521540642,"[0.35764121618210637, -0.963060456227792]","[0.35764121626468254, -0.963060456226863]",8.257616812556989e-11,9.29034627006331e-13,False,"[""bridge_1"", ""E*"", ""F_3"", ""F_4"", ""F_5""]","[""bridge_1"", ""E*"", ""F_3"", ""F_4"", ""F_5""]","[1.1191048088221578e-12, -6.787459483348357e-12, 7.771561172376096e-14]",6.879098909830009e-12
episode_013_repeat_00/handoff_020,applied_interval,1531,0.11666667275130749,"[0.15764120945647025, -1.463060436688144]","[0.15764120961507141, -1.463060436664603]",1.5860115998300728e-10,2.3540946969546894e-11,False,"[""bridge_1"", ""E*"", ""F_3"", ""F_4"", ""F_5""]","[""bridge_1"", ""E*"", ""F_3"", ""F_4"", ""F_5""]","[1.2789769243681803e-12, -8.15525424968655e-12, 9.325873406851315e-14]",8.254935120889614e-12
episode_013_repeat_00/handoff_020,applied_interval,1532,0.13333334028720856,"[0.15764120945647025, -1.463060436688144]","[0.15764120961507141, -1.463060436664603]",1.5860115998300728e-10,2.3540946969546894e-11,False,"[""bridge_1"", ""E*"", ""F_3"", ""F_4"", ""F_5""]","[""bridge_1"", ""E*"", ""F_3"", ""F_4"", ""F_5""]","[1.5276668818842154e-12, -1.0786038728838321e-11, 4.858335955759685e-13]",1.0893686132893954e-11
episode_013_repeat_00/handoff_020,applied_interval,1533,0.15000000782310963,"[0.15764120945647025, -1.463060436688144]","[0.15764120961507141, -1.463060436664603]",1.5860115998300728e-10,2.3540946969546894e-11,False,"[""bridge_1"", ""E*"", ""F_3"", ""F_4"", ""F_5""]","[""bridge_1"", ""E*"", ""F_3"", ""F_4"", ""F_5""]","[1.715960706860642e-12, -1.3422152278508293e-11, 8.779643678735738e-13]",1.3531396562622612e-11
episode_013_repeat_00/handoff_020,applied_interval,1534,0.1666666753590107,"[0.15764120945647025, -1.463060436688144]","[0.15764120961507141, -1.463060436664603]",1.5860115998300728e-10,2.3540946969546894e-11,False,"[""bridge_1"", ""E*"", ""F_3"", ""F_4"", ""F_5""]","[""bridge_1"", ""E*"", ""F_3"", ""F_4"", ""F_5""]","[1.8403056856186595e-12, -1.6061818541857065e-11, 1.270095140171179e-12]",1.6166902606500224e-11
episode_013_repeat_00/handoff_020,applied_interval,1535,0.18333334289491177,"[0.15764120945647025, -1.463060436688144]","[0.15764120961507141, -1.463060436664603]",1.5860115998300728e-10,2.3540946969546894e-11,False,"[""bridge_1"", ""E*"", ""F_3"", ""F_4"", ""F_5""]","[""bridge_1"", ""E*"", ""F_3"", ""F_4"", ""F_5""]","[1.9042545318370685e-12, -1.8703261162045237e-11, 1.6626700016786344e-12]",1.8799951154662392e-11
episode_013_repeat_00/handoff_020,applied_interval,1536,0.20000001043081284,"[0.15764120945647025, -1.463060436688144]","[0.15764120961507141, -1.463060436664603]",1.5860115998300728e-10,2.3540946969546894e-11,False,"[""bridge_1"", ""E*"", ""F_3"", ""F_4"", ""F_5""]","[""bridge_1"", ""E*"", ""F_3"", ""F_4"", ""F_5""]","[1.900701818158268e-12, -2.134825649591221e-11, 2.0552448631860898e-12]",2.1432702181871703e-11
episode_013_repeat_00/handoff_020,applied_interval,1537,0.2166666779667139,"[0.06772564365746178, -1.3329340816825561]","[0.06966901073741964, -1.33509261411035]",0.0019433670799578612,-0.0021585324277939577,True,"[""bridge_1"", ""E*"", ""F_3"", ""F_4"", ""F_5""]","[""bridge_1"", ""E*"", ""F_3"", ""F_4"", ""F_5""]","[1.836752971939859e-12, -2.3991475472939783e-11, 2.447375635483695e-12]",2.4061682336208352e-11
episode_013_repeat_00/handoff_020,applied_interval,1538,0.23333334550261497,"[0.06772564365746178, -1.3329340816825561]","[0.06966901073741964, -1.33509261411035]",0.0019433670799578612,-0.0021585324277939577,True,"[""bridge_1"", ""E*"", ""F_3"", ""F_4"", ""F_5""]","[""bridge_1"", ""E*"", ""F_3"", ""F_4"", ""F_5""]","[-1.6466762637890042e-06, -3.2346853567233325e-05, -3.5975539891985875e-05]",3.238873999429063e-05
episode_013_repeat_00/handoff_020,applied_interval,1539,0.25000001303851604,"[0.06772564365746178, -1.3329340816825561]","[0.06966901073741964, -1.33509261411035]",0.0019433670799578612,-0.0021585324277939577,True,"[""bridge_1"", ""E*"", ""F_3"", ""F_4"", ""F_5""]","[""bridge_1"", ""E*"", ""F_3"", ""F_4"", ""F_5""]","[-4.053154661676217e-06, -6.464609793077614e-05, -7.195108223179147e-05]",6.47730348245855e-05
episode_013_repeat_00/handoff_020,applied_interval,1540,0.2666666805744171,"[0.06772564365746178, -1.3329340816825561]","[0.06966901073741964, -1.33509261411035]",0.0019433670799578612,-0.0021585324277939577,True,"[""bridge_1"", ""E*"", ""F_3"", ""F_4"", ""F_5""]","[""bridge_1"", ""E*"", ""F_3"", ""F_4"", ""F_5""]","[-7.218111221618528e-06, -9.687996458751513e-05, -0.00010792662457159707]",9.714848772927884e-05
episode_013_repeat_00/handoff_020,applied_interval,1541,0.2833333481103182,"[0.06772564365746178, -1.3329340816825561]","[0.06966901073741964, -1.33509261411035]",0.0019433670799578612,-0.0021585324277939577,True,"[""bridge_1"", ""E*"", ""F_3"", ""F_4"", ""F_5""]","[""bridge_1"", ""E*"", ""F_3"", ""F_4"", ""F_5""]","[-1.1139808300697496e-05, -0.00012903069675829215, -0.00014390216691095858]",0.00012951067923112222
episode_013_repeat_00/handoff_020,applied_interval,1542,0.30000001564621925,"[0.06772564365746178, -1.3329340816825561]","[0.06966901073741964, -1.33509261411035]",0.0019433670799578612,-0.0021585324277939577,True,"[""bridge_1"", ""E*"", ""F_3"", ""F_4"", ""F_5""]","[""bridge_1"", ""E*"", ""F_3"", ""F_4"", ""F_5""]","[-1.5816093704046352e-05, -0.00016108058305874806, -0.0001798777092503201]",0.0001618551916331429
episode_013_repeat_00/handoff_020,applied_interval,1543,0.3166666831821203,"[0.26772565230140316, -1.62454283013749]","[0.2696690193710157, -1.6261501784179961]",0.0019433670696125116,-0.0016073482805061268,True,"[""E*"", ""F_3"", ""F_4"", ""F_5"", ""F_6""]","[""E*"", ""F_3"", ""F_4"", ""F_5"", ""F_6""]","[-2.124440184658738e-05, -0.00019301196715204583, -0.0002158532515901257]",0.00019417760960966046
episode_013_repeat_00/handoff_020,applied_interval,1544,0.3333333507180214,"[0.26772565230140316, -1.62454283013749]","[0.2696690193710157, -1.6261501784179961]",0.0019433670696125116,-0.0016073482805061268,True,"[""E*"", ""F_3"", ""F_4"", ""F_5"", ""F_6""]","[""E*"", ""F_3"", ""F_4"", ""F_5"", ""F_6""]","[-2.824461040873416e-05, -0.00022465127734605517, -0.00024264239099558438]",0.00022641986315329176
episode_013_repeat_00/handoff_020,applied_interval,1545,0.35000001825392246,"[0.26772565230140316, -1.62454283013749]","[0.2696690193710157, -1.6261501784179961]",0.0019433670696125116,-0.0016073482805061268,True,"[""E*"", ""F_3"", ""F_4"", ""F_5"", ""F_6""]","[""E*"", ""F_3"", ""F_4"", ""F_5"", ""F_6""]","[-3.6216477660389046e-05, -0.00025606399620059506, -0.00026943153040104306]",0.00025861245794497954
episode_013_repeat_00/handoff_020,applied_interval,1546,0.36666668578982353,"[0.26772565230140316, -1.62454283013749]","[0.2696690193710157, -1.6261501784179961]",0.0019433670696125116,-0.0016073482805061268,True,"[""E*"", ""F_3"", ""F_4"", ""F_5"", ""F_6""]","[""E*"", ""F_3"", ""F_4"", ""F_5"", ""F_6""]","[-4.515277932881645e-05, -0.0002872207221660261, -0.00029622066980650175]",0.0002907482015811798
episode_013_repeat_00/handoff_020,applied_interval,1547,0.3833333533257246,"[0.26772565230140316, -1.62454283013749]","[0.2696690193710157, -1.6261501784179961]",0.0019433670696125116,-0.0016073482805061268,True,"[""E*"", ""F_3"", ""F_4"", ""F_5"", ""F_6""]","[""E*"", ""F_3"", ""F_4"", ""F_5"", ""F_6""]","[-5.50454119263577e-05, -0.00031809228109835885, -0.00032300980921196043]",0.00032281991368021234
episode_013_repeat_00/handoff_020,applied_interval,1548,0.40000002086162567,"[0.26772565230140316, -1.62454283013749]","[0.2696690193710157, -1.6261501784179961]",0.0019433670696125116,-0.0016073482805061268,True,"[""E*"", ""F_3"", ""F_4"", ""F_5"", ""F_6""]","[""E*"", ""F_3"", ""F_4"", ""F_5"", ""F_6""]","[-6.588539983454211e-05, -0.0003486497523006449, -0.0003497989486174191]",0.00035482042738638723
episode_013_repeat_00/handoff_020,applied_interval,1549,0.41666668839752674,"[0.4677256480126717, -1.3030546908870995]","[0.4696690140027535, -1.303531929428608]",0.0019433659900818245,-0.00047723854150860667,True,"[""E*"", ""F_3"", ""F_4"", ""F_5"", ""F_6""]","[""E*"", ""F_3"", ""F_4"", ""F_5"", ""F_6""]","[-7.766290314492608e-05, -0.00037886449434409997, -0.0003765880880228778]",0.0003867425908786214
episode_013_repeat_00/handoff_020,applied_interval,1550,0.4333333559334278,"[0.4677256480126717, -1.3030546908870995]","[0.4696690140027535, -1.303531929428608]",0.0019433659900818245,-0.00047723854150860667,True,"[""E*"", ""F_3"", ""F_4"", ""F_5"", ""F_6""]","[""E*"", ""F_3"", ""F_4"", ""F_5"", ""F_6""]","[-9.144098484625829e-05, -0.00040832682213576277, -0.00038454206412952274]",0.0004184402554548791
episode_013_repeat_00/handoff_020,applied_interval,1551,0.4500000234693289,"[0.4677256480126717, -1.3030546908870995]","[0.4696690140027535, -1.303531929428608]",0.0019433659900818245,-0.00047723854150860667,True,"[""E*"", ""F_3"", ""F_4"", ""F_5"", ""F_6""]","[""E*"", ""F_3"", ""F_4"", ""F_5"", ""F_6""]","[-0.00010591371421853069, -0.00043746061123783875, -0.0003924960402361677]",0.0004500994348409561
episode_013_repeat_00/handoff_020,applied_interval,1552,0.46666669100522995,"[0.4677256480126717, -1.3030546908870995]","[0.4696690140027535, -1.303531929428608]",0.0019433659900818245,-0.00047723854150860667,True,"[""E*"", ""F_3"", ""F_4"", ""F_5"", ""F_6""]","[""E*"", ""F_3"", ""F_4"", ""F_5"", ""F_6""]","[-0.00012107329289179347, -0.0004662495974478986, -0.00040045001634281263]",0.00048171301557253934
episode_013_repeat_00/handoff_020,applied_interval,1553,0.483333358541131,"[0.4677256480126717, -1.3030546908870995]","[0.4696690140027535, -1.303531929428608]",0.0019433659900818245,-0.00047723854150860667,True,"[""E*"", ""F_3"", ""F_4"", ""F_5"", ""F_6""]","[""E*"", ""F_3"", ""F_4"", ""F_5"", ""F_6""]","[-0.0001369115439580071, -0.0004946777009067205, -0.0004084039924494576]",0.0005132745840613229
episode_013_repeat_00/handoff_020,applied_interval,1554,0.5000000260770321,"[0.4677256480126717, -1.3030546908870995]","[0.4696690140027535, -1.303531929428608]",0.0019433659900818245,-0.00047723854150860667,True,"[""E*"", ""F_3"", ""F_4"", ""F_5"", ""F_6""]","[""E*"", ""F_3"", ""F_4"", ""F_5"", ""F_6""]","[-0.00015341991630180019, -0.0005227290348628344, -0.0004163579685561025]",0.0005447782251583499
episode_013_repeat_00/handoff_020,applied_interval,1555,0.5166666936129332,"[0.6677256569108407, -1.5419461585539338]","[0.6696690228976898, -1.5412876576410268]",0.0019433659868490771,0.0006585009129069785,True,"[""F_4"", ""F_5"", ""F_6"", ""F_7"", ""F_8""]","[""F_4"", ""F_5"", ""F_6"", ""F_7"", ""F_8""]","[-0.00017058948916925942, -0.0005503879143358148, -0.00042431194466274746]",0.0005762183874729763
episode_013_repeat_00/handoff_020,applied_interval,1556,0.5333333611488342,"[0.6677256569108407, -1.5419461585539338]","[0.6696690228976898, -1.5412876576410268]",0.0019433659868490771,0.0006585009129069785,True,"[""F_4"", ""F_5"", ""F_6"", ""F_7"", ""F_8""]","[""F_4"", ""F_5"", ""F_6"", ""F_7"", ""F_8""]","[-0.00018963888499712311, -0.000576995097265609, -0.00041333692887501883]",0.0006073600653413935
episode_013_repeat_00/handoff_020,applied_interval,1557,0.5500000286847353,"[0.6677256569108407, -1.5419461585539338]","[0.6696690228976898, -1.5412876576410268]",0.0019433659868490771,0.0006585009129069785,True,"[""F_4"", ""F_5"", ""F_6"", ""F_7"", ""F_8""]","[""F_4"", ""F_5"", ""F_6"", ""F_7"", ""F_8""]","[-0.00020925844385288883, -0.0006031631639071833, -0.0004023619130872902]",0.0006384315927476148
episode_013_repeat_00/handoff_020,applied_interval,1558,0.5666666962206364,"[0.6677256569108407, -1.5419461585539338]","[0.6696690228976898, -1.5412876576410268]",0.0019433659868490771,0.0006585009129069785,True,"[""F_4"", ""F_5"", ""F_6"", ""F_7"", ""F_8""]","[""F_4"", ""F_5"", ""F_6"", ""F_7"", ""F_8""]","[-0.00022943824894738896, -0.0006288803434788548, -0.00039138689729956155]",0.0006694269164696968
episode_013_repeat_00/handoff_020,applied_interval,1559,0.5833333637565374,"[0.6677256569108407, -1.5419461585539338]","[0.6696690228976898, -1.5412876576410268]",0.0019433659868490771,0.0006585009129069785,True,"[""F_4"", ""F_5"", ""F_6"", ""F_7"", ""F_8""]","[""F_4"", ""F_5"", ""F_6"", ""F_7"", ""F_8""]","[-0.00025016815404654835, -0.0006541350830655546, -0.0003804118815118329]",0.0007003404973270056
episode_013_repeat_00/handoff_020,applied_interval,1560,0.6000000312924385,"[0.6677256569108407, -1.5419461585539338]","[0.6696690228976898, -1.5412876576410268]",0.0019433659868490771,0.0006585009129069785,True,"[""F_4"", ""F_5"", ""F_6"", ""F_7"", ""F_8""]","[""F_4"", ""F_5"", ""F_6"", ""F_7"", ""F_8""]","[-0.00027143778806149044, -0.0006789160516582626, -0.0003694368657241043]",0.0007311672024830978
episode_013_repeat_00/handoff_020,applied_interval,1561,0.6166666988283396,"[0.8, -1.0419464455178233]","[0.8, -1.0412879464500362]",0.0,0.0006584990677871438,True,"[""F_4"", ""F_5"", ""F_6"", ""F_7"", ""F_8""]","[""F_4"", ""F_5"", ""F_6"", ""F_7"", ""F_8""]","[-0.0002932365597310138, -0.000703212144120613, -0.00035846184993637564]",0.0007619022244366991
episode_013_repeat_00/handoff_020,applied_interval,1562,0.6333333663642406,"[0.8, -1.0419464455178233]","[0.8, -1.0412879464500362]",0.0,0.0006584990677871438,True,"[""F_4"", ""F_5"", ""F_6"", ""F_7"", ""F_8""]","[""F_4"", ""F_5"", ""F_6"", ""F_7"", ""F_8""]","[-0.0002970444124876792, -0.0007004464261264332, -0.0003474868649009366]",0.0007608288762024239
episode_013_repeat_00/handoff_020,applied_interval,1563,0.6500000339001417,"[0.8, -1.0419464455178233]","[0.8, -1.0412879464500362]",0.0,0.0006584990677871438,True,"[""F_4"", ""F_5"", ""F_6"", ""F_7"", ""F_8""]","[""F_4"", ""F_5"", ""F_6"", ""F_7"", ""F_8""]","[-0.00030068679775396845, -0.0006977030644943483, -0.0003365118798654976]",0.0007597381894760462
episode_013_repeat_00/handoff_020,applied_interval,1564,0.6666667014360428,"[0.8, -1.0419464455178233]","[0.8, -1.0412879464500362]",0.0,0.0006584990677871438,True,"[""F_4"", ""F_5"", ""F_6"", ""F_7"", ""F_8""]","[""F_4"", ""F_5"", ""F_6"", ""F_7"", ""F_8""]","[-0.000304165674521073, -0.0006949869440209255, -0.00032553689483005854]",0.0007586327239952179
episode_013_repeat_00/handoff_020,applied_interval,1565,0.6833333689719439,"[0.8, -1.0419464455178233]","[0.8, -1.0412879464500362]",0.0,0.0006584990677871438,True,"[""F_4"", ""F_5"", ""F_6"", ""F_7"", ""F_8""]","[""F_4"", ""F_5"", ""F_6"", ""F_7"", ""F_8""]","[-0.0003074831210447826, -0.0006923028876162363, -0.0003145619097946195]",0.0007575151205944469
episode_013_repeat_00/handoff_020,applied_interval,1566,0.7000000365078449,"[0.8, -1.0419464455178233]","[0.8, -1.0412879464500362]",0.0,0.0006584990677871438,True,"[""F_4"", ""F_5"", ""F_6"", ""F_7"", ""F_8""]","[""F_4"", ""F_5"", ""F_6"", ""F_7"", ""F_8""]","[-0.0003106413332680802, -0.000689655653646426, -0.0003035869247591805]",0.0007563881004755756
episode_013_repeat_00/handoff_020,applied_interval,1567,0.716666704043746,"[0.8, -0.8680977195775329]","[0.8, -0.8679558169800721]",0.0,0.00014190259746083012,True,"[""F_5"", ""F_6"", ""F_7"", ""F_8"", ""F_9""]","[""F_5"", ""F_6"", ""F_7"", ""F_8"", ""F_9""]","[-0.0003136426232046574, -0.0006870499333100355, -0.00029261193972374144]",0.0007552544643707993
episode_013_repeat_00/handoff_020,applied_interval,1568,0.7333333715796471,"[0.8, -0.8680977195775329]","[0.8, -0.8679558169800721]",0.0,0.00014190259746083012,True,"[""F_5"", ""F_6"", ""F_7"", ""F_8"", ""F_9""]","[""F_5"", ""F_6"", ""F_7"", ""F_8"", ""F_9""]","[-0.00031653574855994293, -0.0006844560121397336, -0.00029024689630929856]",0.0007541053723921019
episode_013_repeat_00/handoff_020,applied_interval,1569,0.7500000391155481,"[0.8, -0.8680977195775329]","[0.8, -0.8679558169800721]",0.0,0.00014190259746083012,True,"[""F_5"", ""F_6"", ""F_7"", ""F_8"", ""F_9""]","[""F_5"", ""F_6"", ""F_7"", ""F_8"", ""F_9""]","[-0.00031936787446795734, -0.000681841896884805, -0.0002878818528948557]",0.0007529304161671582
episode_013_repeat_00/handoff_020,applied_interval,1570,0.7666667066514492,"[0.8, -0.8680977195775329]","[0.8, -0.8679558169800721]",0.0,0.00014190259746083012,True,"[""F_5"", ""F_6"", ""F_7"", ""F_8"", ""F_9""]","[""F_5"", ""F_6"", ""F_7"", ""F_8"", ""F_9""]","[-0.00032213902701627717, -0.0006792088050922018, -0.0002855168094804128]",0.0007517301069145564
episode_013_repeat_00/handoff_020,applied_interval,1571,0.7833333741873503,"[0.8, -0.8680977195775329]","[0.8, -0.8679558169800721]",0.0,0.00014190259746083012,True,"[""F_5"", ""F_6"", ""F_7"", ""F_8"", ""F_9""]","[""F_5"", ""F_6"", ""F_7"", ""F_8"", ""F_9""]","[-0.00032484925467812786, -0.0006765579492498119, -0.0002831517660659699]",0.0007505049613147446
episode_013_repeat_00/handoff_020,applied_interval,1572,0.8000000417232513,"[0.8, -0.8680977195775329]","[0.8, -0.8679558169800721]",0.0,0.00014190259746083012,True,"[""F_5"", ""F_6"", ""F_7"", ""F_8"", ""F_9""]","[""F_5"", ""F_6"", ""F_7"", ""F_8"", ""F_9""]","[-0.00032749862818448605, -0.0006738905364063186, -0.00028078672265152704]",0.0007492555014951282
episode_013_repeat_00/handoff_020,applied_interval,1573,0.8166667092591524,"[0.8, -0.5423327242894651]","[0.8, -0.5423910345683902]",0.0,-5.831027892511109e-05,True,"[""F_5"", ""F_6"", ""F_7"", ""F_8"", ""F_9""]","[""F_5"", ""F_6"", ""F_7"", ""F_8"", ""F_9""]","[-0.0003300872403748656, -0.0006712077677786255, -0.00027842167923708416]",0.0007479822549931646
episode_013_repeat_00/handoff_020,applied_interval,1574,0.8333333767950535,"[0.8, -0.5423327242894651]","[0.8, -0.5423910345683902]",0.0,-5.831027892511109e-05,True,"[""F_5"", ""F_6"", ""F_7"", ""F_8"", ""F_9""]","[""F_5"", ""F_6"", ""F_7"", ""F_8"", ""F_9""]","[-0.0003326377518995116, -0.000668501472631533, -0.0002793935172697992]",0.0007466874131115974
episode_013_repeat_00/handoff_020,applied_interval,1575,0.8500000443309546,"[0.8, -0.5423327242894651]","[0.8, -0.5423910345683902]",0.0,-5.831027892511109e-05,True,"[""F_5"", ""F_6"", ""F_7"", ""F_8"", ""F_9""]","[""F_5"", ""F_6"", ""F_7"", ""F_8"", ""F_9""]","[-0.0003351724979054893, -0.0006657627235000518, -0.0002803653553025143]",0.0007453727975680436
episode_013_repeat_00/handoff_020,applied_interval,1576,0.8666667118668556,"[0.8, -0.5423327242894651]","[0.8, -0.5423910345683902]",0.0,-5.831027892511109e-05,True,"[""F_5"", ""F_6"", ""F_7"", ""F_8"", ""F_9""]","[""F_5"", ""F_6"", ""F_7"", ""F_8"", ""F_9""]","[-0.0003376910993537763, -0.0006629915850471235, -0.00028133719333522933]",0.0007440383863928388
episode_013_repeat_00/handoff_020,applied_interval,1577,0.8833333794027567,"[0.8, -0.5423327242894651]","[0.8, -0.5423910345683902]",0.0,-5.831027892511109e-05,True,"[""F_5"", ""F_6"", ""F_7"", ""F_8"", ""F_9""]","[""F_5"", ""F_6"", ""F_7"", ""F_8"", ""F_9""]","[-0.00034019317709876873, -0.0006601881261403264, -0.0002823090313679444]",0.0007426841587385783
episode_013_repeat_00/handoff_020,applied_interval,1578,0.9000000469386578,"[0.8, -0.5423327242894651]","[0.8, -0.5423910345683902]",0.0,-5.831027892511109e-05,True,"[""F_5"", ""F_6"", ""F_7"", ""F_8"", ""F_9""]","[""F_5"", ""F_6"", ""F_7"", ""F_8"", ""F_9""]","[-0.00034267835192025586, -0.000657352419869639, -0.00028328086940065944]",0.0007413100948882679
episode_013_repeat_00/handoff_020,applied_interval,1579,0.9166667144745588,"[0.8, -0.5312932094597134]","[0.8, -0.5314053038408485]",0.0,-0.00011209438113513048,True,"[""F_6"", ""F_7"", ""F_8"", ""F_9"", ""F_9""]","[""F_6"", ""F_7"", ""F_8"", ""F_9"", ""F_9""]","[-0.00034514624458381604, -0.0006544845435385582, -0.0002842527074333745]",0.0007399161762532201
episode_013_repeat_00/handoff_020,applied_interval,1580,0.9333333820104599,"[0.8, -0.5312932094597134]","[0.8, -0.5314053038408485]",0.0,-0.00011209438113513048,True,"[""F_6"", ""F_7"", ""F_8"", ""F_9"", ""F_9""]","[""F_6"", ""F_7"", ""F_8"", ""F_9"", ""F_9""]","[-0.00034760059303451385, -0.0006515802331836795, -0.0002861209472166948]",0.0007385004892033883
episode_013_repeat_00/handoff_020,applied_interval,1581,0.950000049546361,"[0.8, -0.5312932094597134]","[0.8, -0.5314053038408485]",0.0,-0.00011209438113513048,True,"[""F_6"", ""F_7"", ""F_8"", ""F_9"", ""F_9""]","[""F_6"", ""F_7"", ""F_8"", ""F_9"", ""F_9""]","[-0.00035004503477154003, -0.0006486351342243069, -0.0002879891870000151]",0.000737061099040231
episode_013_repeat_00/handoff_020,applied_interval,1582,0.966666717082262,"[0.8, -0.5312932094597134]","[0.8, -0.5314053038408485]",0.0,-0.00011209438113513048,True,"[""F_6"", ""F_7"", ""F_8"", ""F_9"", ""F_9""]","[""F_6"", ""F_7"", ""F_8"", ""F_9"", ""F_9""]","[-0.0003524790386073562, -0.0006456491958530819, -0.00028985742678333537]",0.0007355979586454121
episode_013_repeat_00/handoff_020,applied_interval,1583,0.9833333846181631,"[0.8, -0.5312932094597134]","[0.8, -0.5314053038408485]",0.0,-0.00011209438113513048,True,"[""F_6"", ""F_7"", ""F_8"", ""F_9"", ""F_9""]","[""F_6"", ""F_7"", ""F_8"", ""F_9"", ""F_9""]","[-0.0003549020716882012, -0.000642622373483448, -0.00029172566656665566]",0.0007341110238854047
episode_013_repeat_00/handoff_020,applied_interval,1584,1.0000000521540642,"[0.8, -0.5312932094597134]","[0.8, -0.5314053038408485]",0.0,-0.00011209438113513048,True,"[""F_6"", ""F_7"", ""F_8"", ""F_9"", ""F_9""]","[""F_6"", ""F_7"", ""F_8"", ""F_9"", ""F_9""]","[-0.00035731359957225095, -0.0006395546287780718, -0.00029359390634997595]",0.0007326002536381871
episode_013_repeat_00/handoff_020,applied_interval,1585,1.0166667196899652,"[0.8, -0.34753160924289284]","[0.8, -0.3476761140729401]",0.0,-0.0001445048300472429,True,"[""F_6"", ""F_7"", ""F_8"", ""F_9"", ""F_9""]","[""F_6"", ""F_7"", ""F_8"", ""F_9"", ""F_9""]","[-0.0003597130862793563, -0.000636445929666607, -0.00029546214613329624]",0.0007310656097983349
episode_013_repeat_00/handoff_020,applied_interval,1586,1.0333333872258663,"[0.8, -0.34753160924289284]","[0.8, -0.3476761140729401]",0.0,-0.0001445048300472429,True,"[""F_6"", ""F_7"", ""F_8"", ""F_9"", ""F_9""]","[""F_6"", ""F_7"", ""F_8"", ""F_9"", ""F_9""]","[-0.00036210700061545253, -0.0006332970380249492, -0.0002978705600931164]",0.0007295112187388849
episode_013_repeat_00/handoff_020,applied_interval,1587,1.0500000547617674,"[0.8, -0.34753160924289284]","[0.8, -0.3476761140729401]",0.0,-0.0001445048300472429,True,"[""F_6"", ""F_7"", ""F_8"", ""F_9"", ""F_9""]","[""F_6"", ""F_7"", ""F_8"", ""F_9"", ""F_9""]","[-0.0003645019181881537, -0.0006301086548052837, -0.0003002789740529366]",0.0007279413199038558
episode_013_repeat_00/handoff_020,applied_interval,1588,1.0666667222976685,"[0.8, -0.34753160924289284]","[0.8, -0.3476761140729401]",0.0,-0.0001445048300472429,True,"[""F_6"", ""F_7"", ""F_8"", ""F_9"", ""F_9""]","[""F_6"", ""F_7"", ""F_8"", ""F_9"", ""F_9""]","[-0.00036689746112017474, -0.0006268806635585378, -0.00030268738801275674]",0.0007263560513412295
episode_013_repeat_00/handoff_020,applied_interval,1589,1.0833333898335695,"[0.8, -0.34753160924289284]","[0.8, -0.3476761140729401]",0.0,-0.0001445048300472429,True,"[""F_6"", ""F_7"", ""F_8"", ""F_9"", ""F_9""]","[""F_6"", ""F_7"", ""F_8"", ""F_9"", ""F_9""]","[-0.0003692932502197266, -0.0006236129508909727, -0.0003050958019725769]",0.0007247555568443724
episode_013_repeat_00/handoff_020,applied_interval,1590,1.1000000573694706,"[0.8, -0.34753160924289284]","[0.8, -0.3476761140729401]",0.0,-0.0001445048300472429,True,"[""F_6"", ""F_7"", ""F_8"", ""F_9"", ""F_9""]","[""F_6"", ""F_7"", ""F_8"", ""F_9"", ""F_9""]","[-0.0003716889050124905, -0.0006203054064766178, -0.0003075042159323971]",0.0007231399860424718
episode_013_repeat_00/handoff_020,applied_interval,1591,1.1166667249053717,"[0.8, -0.3844466898111687]","[0.8, -0.3845700274446443]",0.0,-0.00012333763347560645,True,"[""F_7"", ""F_8"", ""F_9"", ""F_9"", ""F_9""]","[""F_7"", ""F_8"", ""F_9"", ""F_9"", ""F_9""]","[-0.00037408404375938176, -0.0006169579230714817, -0.00030991262989221724]",0.0007215094944878046
episode_013_repeat_00/handoff_020,applied_interval,1592,1.1333333924412727,"[0.8, -0.3844466898111687]","[0.8, -0.3845700274446443]",0.0,-0.00012333763347560645,True,"[""F_7"", ""F_8"", ""F_9"", ""F_9"", ""F_9""]","[""F_7"", ""F_8"", ""F_9"", ""F_9"", ""F_9""]","[-0.00037647588465361537, -0.0006135715829493904, -0.0003119682572241267]",0.0007198640004394878
episode_013_repeat_00/handoff_020,applied_interval,1593,1.1500000599771738,"[0.8, -0.3844466898111687]","[0.8, -0.3845700274446443]",0.0,-0.00012333763347560645,True,"[""F_7"", ""F_8"", ""F_9"", ""F_9"", ""F_9""]","[""F_7"", ""F_8"", ""F_9"", ""F_9"", ""F_9""]","[-0.0003788616440587589, -0.0006101474965074516, -0.00031402388455603614]",0.0007182033923849262
episode_013_repeat_00/handoff_020,applied_interval,1594,1.1666667275130749,"[0.8, -0.3844466898111687]","[0.8, -0.3845700274446443]",0.0,-0.00012333763347560645,True,"[""F_7"", ""F_8"", ""F_9"", ""F_9"", ""F_9""]","[""F_7"", ""F_8"", ""F_9"", ""F_9"", ""F_9""]","[-0.00038124093577351914, -0.0006066856035431556, -0.0003160795118879456]",0.0007165277891721936
episode_013_repeat_00/handoff_020,applied_interval,1595,1.183333395048976,"[0.8, -0.3844466898111687]","[0.8, -0.3845700274446443]",0.0,-0.00012333763347560645,True,"[""F_7"", ""F_8"", ""F_9"", ""F_9"", ""F_9""]","[""F_7"", ""F_8"", ""F_9"", ""F_9"", ""F_9""]","[-0.00038361337258407957, -0.0006031858472574925, -0.00031813513921985503]",0.0007148373143289813
episode_013_repeat_00/handoff_020,applied_interval,1596,1.200000062584877,"[0.8, -0.3844466898111687]","[0.8, -0.3845700274446443]",0.0,-0.00012333763347560645,True,"[""F_7"", ""F_8"", ""F_9"", ""F_9"", ""F_9""]","[""F_7"", ""F_8"", ""F_9"", ""F_9"", ""F_9""]","[-0.00038597856627475835, -0.0005996481742656101, -0.0003201907665517645]",0.0007131320961249729
episode_013_repeat_00/handoff_020,applied_interval,1597,1.216666730120778,"[0.8, -0.25960796338358494]","[0.8, -0.2596418488896865]",0.0,-3.3885506101560825e-05,True,"[""F_7"", ""F_8"", ""F_9"", ""F_9"", ""F_9""]","[""F_7"", ""F_8"", ""F_9"", ""F_9"", ""F_9""]","[-0.0003883361276848518, -0.0005960725346092488, -0.00032224639388367393]",0.0007114122676625416
episode_013_repeat_00/handoff_020,applied_interval,1598,1.2333333976566792,"[0.8, -0.25960796338358494]","[0.8, -0.2596418488896865]",0.0,-3.3885506101560825e-05,True,"[""F_7"", ""F_8"", ""F_9"", ""F_9"", ""F_9""]","[""F_7"", ""F_8"", ""F_9"", ""F_9"", ""F_9""]","[-0.0003906840118546029, -0.0005924696590486889, -0.00032281115234811253]",0.00070968605313341
episode_013_repeat_00/handoff_020,applied_interval,1599,1.2500000651925802,"[0.8, -0.25960796338358494]","[0.8, -0.2596418488896865]",0.0,-3.3885506101560825e-05,True,"[""F_7"", ""F_8"", ""F_9"", ""F_9"", ""F_9""]","[""F_7"", ""F_8"", ""F_9"", ""F_9"", ""F_9""]","[-0.00039302036804400586, -0.0005888503312814208, -0.0003233759108125511]",0.0007079616672869266
episode_013_repeat_00/handoff_020,applied_interval,1600,1.2666667327284813,"[0.8, -0.25960796338358494]","[0.8, -0.2596418488896865]",0.0,-3.3885506101560825e-05,True,"[""F_7"", ""F_8"", ""F_9"", ""F_9"", ""F_9""]","[""F_7"", ""F_8"", ""F_9"", ""F_9"", ""F_9""]","[-0.0003953450977576267, -0.0005852145837312861, -0.0003239406692769897]",0.0007062392337818466
episode_013_repeat_00/handoff_020,applied_interval,1601,1.2833334002643824,"[0.8, -0.25960796338358494]","[0.8, -0.2596418488896865]",0.0,-3.3885506101560825e-05,True,"[""F_7"", ""F_8"", ""F_9"", ""F_9"", ""F_9""]","[""F_7"", ""F_8"", ""F_9"", ""F_9"", ""F_9""]","[-0.00039765810256398026, -0.0005815624493674676, -0.0003245054277414283]",0.0007045188777095141
episode_013_repeat_00/handoff_020,applied_interval,1602,1.3000000678002834,"[0.8, -0.25960796338358494]","[0.8, -0.2596418488896865]",0.0,-3.3885506101560825e-05,True,"[""F_7"", ""F_8"", ""F_9"", ""F_9"", ""F_9""]","[""F_7"", ""F_8"", ""F_9"", ""F_9"", ""F_9""]","[-0.0003999592841026356, -0.0005778939617027135, -0.0003250701862058669]",0.0007028007256060213
episode_013_repeat_00/handoff_020,applied_interval,1603,1.3166667353361845,"[0.8, -0.2693352094769115]","[0.8, -0.26918554155192403]",0.0,0.00014966792498743997,True,"[""F_8"", ""F_9"", ""F_9"", ""F_9"", ""F_9""]","[""F_8"", ""F_9"", ""F_9"", ""F_9"", ""F_9""]","[-0.00040224854408421606, -0.0005742091547968897, -0.0003256349446703055]",0.0007010849054646876
episode_013_repeat_00/handoff_020,applied_interval,1604,1.3333334028720856,"[0.8, -0.2693352094769115]","[0.8, -0.26918554155192403]",0.0,0.00014966792498743997,True,"[""F_8"", ""F_9"", ""F_9"", ""F_9"", ""F_9""]","[""F_8"", ""F_9"", ""F_9"", ""F_9"", ""F_9""]","[-0.000404514813599377, -0.000570525259572463, -0.0003231404791237402]",0.0006993792291965533
episode_013_repeat_00/handoff_020,applied_interval,1605,1.3500000704079866,"[0.8, -0.2693352094769115]","[0.8, -0.26918554155192403]",0.0,0.00014966792498743997,True,"[""F_8"", ""F_9"", ""F_9"", ""F_9"", ""F_9""]","[""F_8"", ""F_9"", ""F_9"", ""F_9"", ""F_9""]","[-0.0004067472285314011, -0.0005668596374661661, -0.0003206460135771749]",0.0006976913045941229
episode_013_repeat_00/handoff_020,applied_interval,1606,1.3666667379438877,"[0.8, -0.2693352094769115]","[0.8, -0.26918554155192403]",0.0,0.00014966792498743997,True,"[""F_8"", ""F_9"", ""F_9"", ""F_9"", ""F_9""]","[""F_8"", ""F_9"", ""F_9"", ""F_9"", ""F_9""]","[-0.0004089459988847466, -0.000563212517567635, -0.00031815154803060963]",0.0006960209551074714
episode_013_repeat_00/handoff_020,applied_interval,1607,1.3833334054797888,"[0.8, -0.2693352094769115]","[0.8, -0.26918554155192403]",0.0,0.00014966792498743997,True,"[""F_8"", ""F_9"", ""F_9"", ""F_9"", ""F_9""]","[""F_8"", ""F_9"", ""F_9"", ""F_9"", ""F_9""]","[-0.00041111133602100836, -0.0005595841274512736, -0.00031565708248404434]",0.0006943680049515398
episode_013_repeat_00/handoff_020,applied_interval,1608,1.4000000730156898,"[0.8, -0.2693352094769115]","[0.8, -0.26918554155192403]",0.0,0.00014966792498743997,True,"[""F_8"", ""F_9"", ""F_9"", ""F_9"", ""F_9""]","[""F_8"", ""F_9"", ""F_9"", ""F_9"", ""F_9""]","[-0.0004132434526731288, -0.0005559746931655951, -0.00031316261693747904]",0.0006927322791799052
episode_013_repeat_00/handoff_020,applied_interval,1609,1.416666740551591,"[0.8, -0.16124624460443285]","[0.7999999852614581, -0.1607679332051791]",-1.4738541942449501e-08,0.0004783113992537502,True,"[""F_8"", ""F_9"", ""F_9"", ""F_9"", ""F_9""]","[""F_8"", ""F_9"", ""F_9"", ""F_9"", ""F_9""]","[-0.00041534256292052874, -0.0005523844392261168, -0.00031066815139091375]",0.0006911136037385929
episode_013_repeat_00/handoff_020,applied_interval,1610,1.433333408087492,"[0.8, -0.16124624460443285]","[0.7999999852614581, -0.1607679332051791]",-1.4738541942449501e-08,0.0004783113992537502,True,"[""F_8"", ""F_9"", ""F_9"", ""F_9"", ""F_9""]","[""F_8"", ""F_9"", ""F_9"", ""F_9"", ""F_9""]","[-0.0004173935835716236, -0.00054884692396584, -0.0003026962943208922]",0.0006895290781058667
episode_013_repeat_00/handoff_020,applied_interval,1611,1.450000075623393,"[0.8, -0.16124624460443285]","[0.7999999852614581, -0.1607679332051791]",-1.4738541942449501e-08,0.0004783113992537502,True,"[""F_8"", ""F_9"", ""F_9"", ""F_9"", ""F_9""]","[""F_8"", ""F_9"", ""F_9"", ""F_9"", ""F_9""]","[-0.000419382032085025, -0.0005453960111925227, -0.0002947244372508706]",0.000687995710641047
episode_013_repeat_00/handoff_020,applied_interval,1612,1.4666667431592941,"[0.8, -0.16124624460443285]","[0.7999999852614581, -0.1607679332051791]",-1.4738541942449501e-08,0.0004783113992537502,True,"[""F_8"", ""F_9"", ""F_9"", ""F_9"", ""F_9""]","[""F_8"", ""F_9"", ""F_9"", ""F_9"", ""F_9""]","[-0.00042130838840037654, -0.0005420320105873344, -0.00028675258018084904]",0.0006865125334892807
episode_013_repeat_00/handoff_020,applied_interval,1613,1.4833334106951952,"[0.8, -0.16124624460443285]","[0.7999999852614581, -0.1607679332051791]",-1.4738541942449501e-08,0.0004783113992537502,True,"[""F_8"", ""F_9"", ""F_9"", ""F_9"", ""F_9""]","[""F_8"", ""F_9"", ""F_9"", ""F_9"", ""F_9""]","[-0.00042317313366879716, -0.0005387552298774523, -0.00027878072311082747]",0.000685078607737372
episode_013_repeat_00/handoff_020,applied_interval,1614,1.5000000782310963,"[0.8, -0.16124624460443285]","[0.7999999852614581, -0.1607679332051791]",-1.4738541942449501e-08,0.0004783113992537502,True,"[""F_8"", ""F_9"", ""F_9"", ""F_9"", ""F_9""]","[""F_8"", ""F_9"", ""F_9"", ""F_9"", ""F_9""]","[-0.0004249767502386703, -0.0005355659748325081, -0.0002708088660408059]",0.0006836930244208404
episode_013_repeat_00/handoff_020,applied_interval,1615,1.5166667457669973,"[0.6198751029783361, -0.12162053030991837]","[0.6180902398321015, -0.1210468795692533]",-0.0017848631462346054,0.0005736507406650798,True,"[""F_9"", ""F_9"", ""F_9"", ""F_9"", ""F_9""]","[""F_9"", ""F_9"", ""F_9"", ""F_9"", ""F_9""]","[-0.000426719721655644, -0.0005324645492645885, -0.0002628370089707843]",0.0006823549055098906
episode_013_repeat_00/handoff_020,applied_interval,1616,1.5333334133028984,"[0.6198751029783361, -0.12162053030991837]","[0.6180902398321015, -0.1210468795692533]",-0.0017848631462346054,0.0005736507406650798,True,"[""F_9"", ""F_9"", ""F_9"", ""F_9"", ""F_9""]","[""F_9"", ""F_9"", ""F_9"", ""F_9"", ""F_9""]","[-0.0004020523567973555, -0.0005156260800251999, -0.00025327616279424703]",0.0006538473461049314
episode_013_repeat_00/handoff_020,applied_interval,1617,1.5500000808387995,"[0.6198751029783361, -0.12162053030991837]","[0.6180902398321015, -0.1210468795692533]",-0.0017848631462346054,0.0005736507406650798,True,"[""F_9"", ""F_9"", ""F_9"", ""F_9"", ""F_9""]","[""F_9"", ""F_9"", ""F_9"", ""F_9"", ""F_9""]","[-0.0003773030396381216, -0.00049892372090099, -0.00024371531661770973]",0.0006255257492684494
episode_013_repeat_00/handoff_020,applied_interval,1618,1.5666667483747005,"[0.6198751029783361, -0.12162053030991837]","[0.6180902398321015, -0.1210468795692533]",-0.0017848631462346054,0.0005736507406650798,True,"[""F_9"", ""F_9"", ""F_9"", ""F_9"", ""F_9""]","[""F_9"", ""F_9"", ""F_9"", ""F_9"", ""F_9""]","[-0.0003524722199941266, -0.0004823577341337426, -0.00023415447044117244]",0.0005974158095884527
episode_013_repeat_00/handoff_020,applied_interval,1619,1.5833334159106016,"[0.6198751029783361, -0.12162053030991837]","[0.6180902398321015, -0.1210468795692533]",-0.0017848631462346054,0.0005736507406650798,True,"[""F_9"", ""F_9"", ""F_9"", ""F_9"", ""F_9""]","[""F_9"", ""F_9"", ""F_9"", ""F_9"", ""F_9""]","[-0.0003275603483992029, -0.00046592838070225184, -0.00022459362426463514]",0.0005695480996256854
episode_013_repeat_00/handoff_020,applied_interval,1620,1.6000000834465027,"[0.6198751029783361, -0.12162053030991837]","[0.6180902398321015, -0.1210468795692533]",-0.0017848631462346054,0.0005736507406650798,True,"[""F_9"", ""F_9"", ""F_9"", ""F_9"", ""F_9""]","[""F_9"", ""F_9"", ""F_9"", ""F_9"", ""F_9""]","[-0.0003025678761119366, -0.0004496359203187694, -0.00021503277808809784]",0.0005419592055642149
episode_013_repeat_00/handoff_020,applied_interval,1621,1.6166667509824038,"[0.4198751128696508, -0.061677156538146344]","[0.4180902498958036, -0.06106541849859066]",-0.0017848629738471677,0.0006117380395556857,True,"[""F_9"", ""F_9"", ""F_9"", ""F_9"", ""F_9""]","[""F_9"", ""F_9"", ""F_9"", ""F_9"", ""F_9""]","[-0.0002774952551085619, -0.0004334806114290046, -0.00020547193191156055]",0.0005146931679094153
episode_013_repeat_00/handoff_020,applied_interval,1622,1.6333334185183048,"[0.4198751128696508, -0.061677156538146344]","[0.4180902498958036, -0.06106541849859066]",-0.0017848629738471677,0.0006117380395556857,True,"[""F_9"", ""F_9"", ""F_9"", ""F_9"", ""F_9""]","[""F_9"", ""F_9"", ""F_9"", ""F_9"", ""F_9""]","[-0.0002520302831676702, -0.0004180397794986135, -0.00019527629738735897]",0.00048813576070272233
episode_013_repeat_00/handoff_020,applied_interval,1623,1.650000086054206,"[0.4198751128696508, -0.061677156538146344]","[0.4180902498958036, -0.06106541849859066]",-0.0017848629738471677,0.0006117380395556857,True,"[""F_9"", ""F_9"", ""F_9"", ""F_9"", ""F_9""]","[""F_9"", ""F_9"", ""F_9"", ""F_9"", ""F_9""]","[-0.00022651558149178186, -0.0004026875837173094, -0.00018508066286315739]",0.0004620244568620206
episode_013_repeat_00/handoff_020,applied_interval,1624,1.666666753590107,"[0.4198751128696508, -0.061677156538146344]","[0.4180902498958036, -0.06106541849859066]",-0.0017848629738471677,0.0006117380395556857,True,"[""F_9"", ""F_9"", ""F_9"", ""F_9"", ""F_9""]","[""F_9"", ""F_9"", ""F_9"", ""F_9"", ""F_9""]","[-0.00020095130479802492, -0.00038742410959713425, -0.0001748850283389558]",0.00043643884748858114
episode_013_repeat_00/handoff_020,applied_interval,1625,1.683333421126008,"[0.4198751128696508, -0.061677156538146344]","[0.4180902498958036, -0.06106541849859066]",-0.0017848629738471677,0.0006117380395556857,True,"[""F_9"", ""F_9"", ""F_9"", ""F_9"", ""F_9""]","[""F_9"", ""F_9"", ""F_9"", ""F_9"", ""F_9""]","[-0.00017533760792431963, -0.00037224944242808533, -0.00016468939381475423]",0.0004114765171193161
episode_013_repeat_00/handoff_020,applied_interval,1626,1.700000088661909,"[0.4198751128696508, -0.061677156538146344]","[0.4180902498958036, -0.06106541849859066]",-0.0017848629738471677,0.0006117380395556857,True,"[""F_9"", ""F_9"", ""F_9"", ""F_9"", ""F_9""]","[""F_9"", ""F_9"", ""F_9"", ""F_9"", ""F_9""]","[-0.00014967464583648393, -0.0003571636672745626, -0.00015449375929055265]",0.00038725751745742956
episode_013_repeat_00/handoff_020,applied_interval,1627,1.7166667561978102,"[0.2198751208467011, -0.02591407722278429]","[0.21809025806017562, -0.0253904753108993]",-0.0017848627865254818,0.0005236019118849931,True,"[""F_9"", ""F_9"", ""F_9"", ""F_9"", ""F_9""]","[""F_9"", ""F_9"", ""F_9"", ""F_9"", ""F_9""]","[-0.00012396257362112806, -0.0003421668689771451, -0.00014429812476635107]",0.000363929781529894
episode_013_repeat_00/handoff_020,applied_interval,1628,1.7333334237337112,"[0.2198751208467011, -0.02591407722278429]","[0.21809025806017562, -0.0253904753108993]",-0.0017848627865254818,0.0005236019118849931,True,"[""F_9"", ""F_9"", ""F_9"", ""F_9"", ""F_9""]","[""F_9"", ""F_9"", ""F_9"", ""F_9"", ""F_9""]","[-9.798796251203612e-05, -0.0003276580145605834, -0.0001355714257798013]",0.00034199622118240384
episode_013_repeat_00/handoff_020,applied_interval,1629,1.7500000912696123,"[0.2198751208467011, -0.02591407722278429]","[0.21809025806017562, -0.0253904753108993]",-0.0017848627865254818,0.0005236019118849931,True,"[""F_9"", ""F_9"", ""F_9"", ""F_9"", ""F_9""]","[""F_9"", ""F_9"", ""F_9"", ""F_9"", ""F_9""]","[-7.199211040997966e-05, -0.000313188341648285, -0.00012684472679325154]",0.0003213561907069562
episode_013_repeat_00/handoff_020,applied_interval,1630,1.7666667588055134,"[0.2198751208467011, -0.02591407722278429]","[0.21809025806017562, -0.0253904753108993]",-0.0017848627865254818,0.0005236019118849931,True,"[""F_9"", ""F_9"", ""F_9"", ""F_9"", ""F_9""]","[""F_9"", ""F_9"", ""F_9"", ""F_9"", ""F_9""]","[-4.597504606707048e-05, -0.0002987578657460688, -0.00011811802780670178]",0.00030227465524918775
episode_013_repeat_00/handoff_020,applied_interval,1631,1.7833334263414145,"[0.2198751208467011, -0.02591407722278429]","[0.21809025806017562, -0.0253904753108993]",-0.0017848627865254818,0.0005236019118849931,True,"[""F_9"", ""F_9"", ""F_9"", ""F_9"", ""F_9""]","[""F_9"", ""F_9"", ""F_9"", ""F_9"", ""F_9""]","[-1.993679826028938e-05, -0.0002843666023437663, -0.00010939132882015201]",0.0002850646250473903
episode_013_repeat_00/handoff_020,applied_interval,1632,1.8000000938773155,"[0.2198751208467011, -0.02591407722278429]","[0.21809025806017562, -0.0253904753108993]",-0.0017848627865254818,0.0005236019118849931,True,"[""F_9"", ""F_9"", ""F_9"", ""F_9"", ""F_9""]","[""F_9"", ""F_9"", ""F_9"", ""F_9"", ""F_9""]","[6.122604236935558e-06, -0.000270014566909893, -0.00010066462983360225]",0.00027008397328641924
episode_013_repeat_00/handoff_020,applied_interval,1633,1.8166667614132166,"[0.019875138770096563, -0.01625971181473397]","[0.018090276283619446, -0.016007322192938635]",-0.0017848624864771172,0.00025238962179533614,True,"[""F_9"", ""F_9"", ""F_9"", ""F_9"", ""F_9""]","[""F_9"", ""F_9"", ""F_9"", ""F_9"", ""F_9""]","[3.2203132640518106e-05, -0.0002557017749005297, -9.193793084705248e-05]",0.0002577216316864845
episode_013_repeat_00/handoff_020,applied_interval,1634,1.8333334289491177,"[0.019875138770096563, -0.01625971181473397]","[0.018090276283619446, -0.016007322192938635]",-0.0017848624864771172,0.00025238962179533614,True,"[""F_9"", ""F_9"", ""F_9"", ""F_9"", ""F_9""]","[""F_9"", ""F_9"", ""F_9"", ""F_9"", ""F_9""]","[5.844060535409312e-05, -0.00024168314249628509, -8.773143693119323e-05]",0.00024864843800239826
episode_013_repeat_00/handoff_020,applied_interval,1635,1.8500000964850187,"[0.019875138770096563, -0.01625971181473397]","[0.018090276283619446, -0.016007322192938635]",-0.0017848624864771172,0.00025238962179533614,True,"[""F_9"", ""F_9"", ""F_9"", ""F_9"", ""F_9""]","[""F_9"", ""F_9"", ""F_9"", ""F_9"", ""F_9""]","[8.468247234105775e-05, -0.00022767274021440187, -8.352494301533397e-05]",0.0002429115019066173
episode_013_repeat_00/handoff_020,applied_interval,1636,1.8666667640209198,"[0.019875138770096563, -0.01625971181473397]","[0.018090276283619446, -0.016007322192938635]",-0.0017848624864771172,0.00025238962179533614,True,"[""F_9"", ""F_9"", ""F_9"", ""F_9"", ""F_9""]","[""F_9"", ""F_9"", ""F_9"", ""F_9"", ""F_9""]","[0.00011092873107543255, -0.0002136705694031349, -7.931844909947472e-05]",0.00024074944570458623
episode_013_repeat_00/handoff_020,applied_interval,1637,1.8833334315568209,"[0.019875138770096563, -0.01625971181473397]","[0.018090276283619446, -0.016007322192938635]",-0.0017848624864771172,0.00025238962179533614,True,"[""F_9"", ""F_9"", ""F_9"", ""F_9"", ""F_9""]","[""F_9"", ""F_9"", ""F_9"", ""F_9"", ""F_9""]","[0.00013717937902413269, -0.00019967663141251535, -7.511195518361546e-05]",0.00024225800123359428
episode_013_repeat_00/handoff_020,applied_interval,1638,1.900000099092722,"[0.019875138770096563, -0.01625971181473397]","[0.018090276283619446, -0.016007322192938635]",-0.0017848624864771172,0.00025238962179533614,True,"[""F_9"", ""F_9"", ""F_9"", ""F_9"", ""F_9""]","[""F_9"", ""F_9"", ""F_9"", ""F_9"", ""F_9""]","[0.00016343441366117872, -0.00018569092758724537, -7.090546126775621e-05]",0.00024737002275333384
episode_013_repeat_00/handoff_020,applied_interval,1639,1.916666766628623,"[1.1126441781655644e-08, -0.011779589927132515]","[1.1232353048429467e-08, -0.01160181344184498]",1.0591126677382332e-10,0.00017777648528753513,True,"[""F_9"", ""F_9"", ""F_9"", ""F_9"", ""F_9""]","[""F_9"", ""F_9"", ""F_9"", ""F_9"", ""F_9""]","[0.00018969383245703852, -0.0001717134592791325, -6.669896735189695e-05]",0.000255869619474148
episode_013_repeat_00/handoff_020,applied_interval,1640,1.933333434164524,"[1.1126441781655644e-08, -0.011779589927132515]","[1.1232353048429467e-08, -0.01160181344184498]",1.0591126677382332e-10,0.00017777648528753513,True,"[""F_9"", ""F_9"", ""F_9"", ""F_9"", ""F_9""]","[""F_9"", ""F_9"", ""F_9"", ""F_9"", ""F_9""]","[0.0001896938308938445, -0.00017171346009625665, -6.373602577625093e-05]",0.0002558696188636142
episode_013_repeat_00/handoff_020,applied_interval,1641,1.9500001017004251,"[1.1126441781655644e-08, -0.011779589927132515]","[1.1232353048429467e-08, -0.01160181344184498]",1.0591126677382332e-10,0.00017777648528753513,True,"[""F_9"", ""F_9"", ""F_9"", ""F_9"", ""F_9""]","[""F_9"", ""F_9"", ""F_9"", ""F_9"", ""F_9""]","[0.0001896938293306505, -0.0001717134609133808, -6.07730842006049e-05]",0.0002558696182530804
episode_013_repeat_00/handoff_020,applied_interval,1642,1.9666667692363262,"[1.1126441781655644e-08, -0.011779589927132515]","[1.1232353048429467e-08, -0.01160181344184498]",1.0591126677382332e-10,0.00017777648528753513,True,"[""F_9"", ""F_9"", ""F_9"", ""F_9"", ""F_9""]","[""F_9"", ""F_9"", ""F_9"", ""F_9"", ""F_9""]","[0.00018969382776745647, -0.00017171346173050495, -5.781014262495887e-05]",0.0002558696176425467
episode_013_repeat_00/handoff_020,applied_interval,1643,1.9833334367722273,"[1.1126441781655644e-08, -0.011779589927132515]","[1.1232353048429467e-08, -0.01160181344184498]",1.0591126677382332e-10,0.00017777648528753513,True,"[""F_9"", ""F_9"", ""F_9"", ""F_9"", ""F_9""]","[""F_9"", ""F_9"", ""F_9"", ""F_9"", ""F_9""]","[0.00018969382620070974, -0.0001717134625476291, -5.4847201049312844e-05]",0.000255869617029379
episode_013_repeat_00/handoff_020,applied_interval,1644,2.0000001043081284,"[1.1126441781655644e-08, -0.011779589927132515]","[1.1232353048429467e-08, -0.01160181344184498]",1.0591126677382332e-10,0.00017777648528753513,True,"[""F_9"", ""F_9"", ""F_9"", ""F_9"", ""F_9""]","[""F_9"", ""F_9"", ""F_9"", ""F_9"", ""F_9""]","[0.000189693824633963, -0.00017171346336475324, -5.1884259473666816e-05]",0.0002558696164162114
episode_013_repeat_00/handoff_020,applied_interval,1645,2.0166667718440294,"[1.0611395005650059e-08, -0.008638959295817155]","[1.076284595520979e-08, -0.008508873420774278]",1.5145094955973128e-10,0.00013008587504287697,True,"[""F_9"", ""F_9"", ""F_9"", ""F_9"", ""F_9""]","[""F_9"", ""F_9"", ""F_9"", ""F_9"", ""F_9""]","[0.00018969382307076899, -0.00017171346418187738, -4.892131789802079e-05]",0.00025586961580567765
episode_013_repeat_00/handoff_020,applied_interval,1646,2.0333334393799305,"[1.0611395005650059e-08, -0.008638959295817155]","[1.076284595520979e-08, -0.008508873420774278]",1.5145094955973128e-10,0.00013008587504287697,True,"[""F_9"", ""F_9"", ""F_9"", ""F_9"", ""F_9""]","[""F_9"", ""F_9"", ""F_9"", ""F_9"", ""F_9""]","[0.00018969382083611208, -0.00017171346535604926, -4.675321986757908e-05]",0.00025586961493695594
episode_013_repeat_00/handoff_020,applied_interval,1647,2.0500001069158316,"[1.0611395005650059e-08, -0.008638959295817155]","[1.076284595520979e-08, -0.008508873420774278]",1.5145094955973128e-10,0.00013008587504287697,True,"[""F_9"", ""F_9"", ""F_9"", ""F_9"", ""F_9""]","[""F_9"", ""F_9"", ""F_9"", ""F_9"", ""F_9""]","[0.00018969381860145518, -0.00017171346653022113, -4.4585121837137365e-05]",0.0002558696140682343
episode_013_repeat_00/handoff_020,applied_interval,1648,2.0666667744517326,"[1.0611395005650059e-08, -0.008638959295817155]","[1.076284595520979e-08, -0.008508873420774278]",1.5145094955973128e-10,0.00013008587504287697,True,"[""F_9"", ""F_9"", ""F_9"", ""F_9"", ""F_9""]","[""F_9"", ""F_9"", ""F_9"", ""F_9"", ""F_9""]","[0.00018969381636679827, -0.000171713467704393, -4.241702380669565e-05]",0.00025586961319951264
episode_013_repeat_00/handoff_020,applied_interval,1649,2.0833334419876337,"[1.0611395005650059e-08, -0.008638959295817155]","[1.076284595520979e-08, -0.008508873420774278]",1.5145094955973128e-10,0.00013008587504287697,True,"[""F_9"", ""F_9"", ""F_9"", ""F_9"", ""F_9""]","[""F_9"", ""F_9"", ""F_9"", ""F_9"", ""F_9""]","[0.00018969381413214137, -0.00017171346887856487, -4.024892577625394e-05]",0.000255869612330791
episode_013_repeat_00/handoff_020,applied_interval,1650,2.1000001095235348,"[1.0611395005650059e-08, -0.008638959295817155]","[1.076284595520979e-08, -0.008508873420774278]",1.5145094955973128e-10,0.00013008587504287697,True,"[""F_9"", ""F_9"", ""F_9"", ""F_9"", ""F_9""]","[""F_9"", ""F_9"", ""F_9"", ""F_9"", ""F_9""]","[0.00018969381189748447, -0.00017171347005273674, -3.808082774581223e-05]",0.00025586961146206933
episode_013_repeat_00/handoff_020,applied_interval,1651,2.116666777059436,"[1.065486065844298e-08, -0.006341731999437978]","[1.0806663871146004e-08, -0.006246254552962914]",1.5180321270302303e-10,9.547744647506445e-05,True,"[""F_9"", ""F_9"", ""F_9"", ""F_9"", ""F_9""]","[""F_9"", ""F_9"", ""F_9"", ""F_9"", ""F_9""]","[0.00018969380966282756, -0.0001717134712269086, -3.591272971537052e-05]",0.0002558696105933478
episode_013_repeat_00/handoff_020,applied_interval,1652,2.133333444595337,"[1.065486065844298e-08, -0.006341731999437978]","[1.0806663871146004e-08, -0.006246254552962914]",1.5180321270302303e-10,9.547744647506445e-05,True,"[""F_9"", ""F_9"", ""F_9"", ""F_9"", ""F_9""]","[""F_9"", ""F_9"", ""F_9"", ""F_9"", ""F_9""]","[0.00018969380742461794, -0.00017171347240285684, -3.432143885806482e-05]",0.0002558696097231844
episode_013_repeat_00/handoff_020,applied_interval,1653,2.150000112131238,"[1.065486065844298e-08, -0.006341731999437978]","[1.0806663871146004e-08, -0.006246254552962914]",1.5180321270302303e-10,9.547744647506445e-05,True,"[""F_9"", ""F_9"", ""F_9"", ""F_9"", ""F_9""]","[""F_9"", ""F_9"", ""F_9"", ""F_9"", ""F_9""]","[0.0001896938051828556, -0.00017171347358058142, -3.273014800075913e-05]",0.0002558696088515794
episode_013_repeat_00/handoff_020,applied_interval,1654,2.166666779667139,"[1.065486065844298e-08, -0.006341731999437978]","[1.0806663871146004e-08, -0.006246254552962914]",1.5180321270302303e-10,9.547744647506445e-05,True,"[""F_9"", ""F_9"", ""F_9"", ""F_9"", ""F_9""]","[""F_9"", ""F_9"", ""F_9"", ""F_9"", ""F_9""]","[0.000189693802944646, -0.00017171347475652965, -3.1138857143453436e-05]",0.00025586960798141607
episode_013_repeat_00/handoff_020,applied_interval,1655,2.18333344720304,"[1.065486065844298e-08, -0.006341731999437978]","[1.0806663871146004e-08, -0.006246254552962914]",1.5180321270302303e-10,9.547744647506445e-05,True,"[""F_9"", ""F_9"", ""F_9"", ""F_9"", ""F_9""]","[""F_9"", ""F_9"", ""F_9"", ""F_9"", ""F_9""]","[0.00018969380070288366, -0.00017171347593247788, -2.9547566286147742e-05]",0.0002558696071086189
episode_013_repeat_00/handoff_020,applied_interval,1656,2.200000114738941,"[1.065486065844298e-08, -0.006341731999437978]","[1.0806663871146004e-08, -0.006246254552962914]",1.5180321270302303e-10,9.547744647506445e-05,True,"[""F_9"", ""F_9"", ""F_9"", ""F_9"", ""F_9""]","[""F_9"", ""F_9"", ""F_9"", ""F_9"", ""F_9""]","[0.00018969379846467405, -0.00017171347711020246, -2.7956275428842048e-05]",0.00025586960623964777
episode_013_repeat_00/handoff_020,applied_interval,1657,2.2166667822748423,"[1.0686889094717073e-08, -0.004655716776532585]","[1.0838951927083281e-08, -0.004585623948329987]",1.5206283236620803e-10,7.009282820259755e-05,True,"[""F_9"", ""F_9"", ""F_9"", ""F_9"", ""F_9""]","[""F_9"", ""F_9"", ""F_9"", ""F_9"", ""F_9""]","[0.00018969379622291171, -0.0001717134782861507, -2.6364984571536354e-05]",0.00025586960536685065
episode_013_repeat_00/handoff_020,applied_interval,1658,2.2333334498107433,"[1.0686889094717073e-08, -0.004655716776532585]","[1.0838951927083281e-08, -0.004585623948329987]",1.5206283236620803e-10,7.009282820259755e-05,True,"[""F_9"", ""F_9"", ""F_9"", ""F_9"", ""F_9""]","[""F_9"", ""F_9"", ""F_9"", ""F_9"", ""F_9""]","[0.00018969379397759667, -0.00017171347946565163, -2.519677070722537e-05]",0.00025586960449380396
episode_013_repeat_00/handoff_020,applied_interval,1659,2.2500001173466444,"[1.0686889094717073e-08, -0.004655716776532585]","[1.0838951927083281e-08, -0.004585623948329987]",1.5206283236620803e-10,7.009282820259755e-05,True,"[""F_9"", ""F_9"", ""F_9"", ""F_9"", ""F_9""]","[""F_9"", ""F_9"", ""F_9"", ""F_9"", ""F_9""]","[0.00018969379173228162, -0.00017171348064515257, -2.4028556842914384e-05]",0.0002558696036207572
episode_013_repeat_00/handoff_020,applied_interval,1660,2.2666667848825455,"[1.0686889094717073e-08, -0.004655716776532585]","[1.0838951927083281e-08, -0.004585623948329987]",1.5206283236620803e-10,7.009282820259755e-05,True,"[""F_9"", ""F_9"", ""F_9"", ""F_9"", ""F_9""]","[""F_9"", ""F_9"", ""F_9"", ""F_9"", ""F_9""]","[0.0001896937894905193, -0.0001717134818246535, -2.28603429786034e-05]",0.0002558696027503444
episode_013_repeat_00/handoff_020,applied_interval,1661,2.2833334524184465,"[1.0686889094717073e-08, -0.004655716776532585]","[1.0838951927083281e-08, -0.004585623948329987]",1.5206283236620803e-10,7.009282820259755e-05,True,"[""F_9"", ""F_9"", ""F_9"", ""F_9"", ""F_9""]","[""F_9"", ""F_9"", ""F_9"", ""F_9"", ""F_9""]","[0.00018969378724875696, -0.00017171348300415445, -2.1692129114292413e-05]",0.0002558696018799316
episode_013_repeat_00/handoff_020,applied_interval,1662,2.3000001199543476,"[1.0686889094717073e-08, -0.004655716776532585]","[1.0838951927083281e-08, -0.004585623948329987]",1.5206283236620803e-10,7.009282820259755e-05,True,"[""F_9"", ""F_9"", ""F_9"", ""F_9"", ""F_9""]","[""F_9"", ""F_9"", ""F_9"", ""F_9"", ""F_9""]","[0.00018969378500344192, -0.00017171348418187904, -2.0523915249981428e-05]",0.00025586960100569284
episode_013_repeat_00/handoff_020,applied_interval,1663,2.3166667874902487,"[1.0710470874919713e-08, -0.003417965842080224]","[1.0862724733659534e-08, -0.0033665076774244446]",1.5225385873982094e-10,5.145816465577935e-05,True,"[""F_9"", ""F_9"", ""F_9"", ""F_9"", ""F_9""]","[""F_9"", ""F_9"", ""F_9"", ""F_9"", ""F_9""]","[0.00018969378275812687, -0.00017171348535960362, -1.9355701385670443e-05]",0.0002558696001314542
episode_013_repeat_00/handoff_020,applied_interval,1664,2.3333334550261497,"[1.0710470874919713e-08, -0.003417965842080224]","[1.0862724733659534e-08, -0.0033665076774244446]",1.5225385873982094e-10,5.145816465577935e-05,True,"[""F_9"", ""F_9"", ""F_9"", ""F_9"", ""F_9""]","[""F_9"", ""F_9"", ""F_9"", ""F_9"", ""F_9""]","[0.00018969378051281183, -0.00017171348653910457, -1.8498065263106156e-05]",0.00025586959925840753
episode_013_repeat_00/handoff_020,applied_interval,1665,2.350000122562051,"[1.0710470874919713e-08, -0.003417965842080224]","[1.0862724733659534e-08, -0.0033665076774244446]",1.5225385873982094e-10,5.145816465577935e-05,True,"[""F_9"", ""F_9"", ""F_9"", ""F_9"", ""F_9""]","[""F_9"", ""F_9"", ""F_9"", ""F_9"", ""F_9""]","[0.00018969377826749678, -0.0001717134877186055, -1.764042914054187e-05]",0.000255869598385361
episode_013_repeat_00/handoff_020,applied_interval,1666,2.366666790097952,"[1.0710470874919713e-08, -0.003417965842080224]","[1.0862724733659534e-08, -0.0033665076774244446]",1.5225385873982094e-10,5.145816465577935e-05,True,"[""F_9"", ""F_9"", ""F_9"", ""F_9"", ""F_9""]","[""F_9"", ""F_9"", ""F_9"", ""F_9"", ""F_9""]","[0.00018969377601862902, -0.00017171348889810645, -1.6782793017977582e-05]",0.00025586959750968055
episode_013_repeat_00/handoff_020,applied_interval,1667,2.383333457633853,"[1.0710470874919713e-08, -0.003417965842080224]","[1.0862724733659534e-08, -0.0033665076774244446]",1.5225385873982094e-10,5.145816465577935e-05,True,"[""F_9"", ""F_9"", ""F_9"", ""F_9"", ""F_9""]","[""F_9"", ""F_9"", ""F_9"", ""F_9"", ""F_9""]","[0.00018969377377331398, -0.0001717134900776074, -1.5925156895413295e-05]",0.000255869596636634
episode_013_repeat_00/handoff_020,applied_interval,1668,2.400000125169754,"[1.0710470874919713e-08, -0.003417965842080224]","[1.0862724733659534e-08, -0.0033665076774244446]",1.5225385873982094e-10,5.145816465577935e-05,True,"[""F_9"", ""F_9"", ""F_9"", ""F_9"", ""F_9""]","[""F_9"", ""F_9"", ""F_9"", ""F_9"", ""F_9""]","[0.00018969377152799893, -0.00017171349125710833, -1.5067520772849008e-05]",0.0002558695957635875
episode_013_repeat_00/handoff_020,applied_interval,1669,2.416666792705655,"[1.0727820269337191e-08, -0.0025092797236577822]","[1.088021458751105e-08, -0.0024715020148481843]",1.5239431817385811e-10,3.7777708809597944e-05,True,"[""F_9"", ""F_9"", ""F_9"", ""F_9"", ""F_9""]","[""F_9"", ""F_9"", ""F_9"", ""F_9"", ""F_9""]","[0.00018969376927913117, -0.00017171349243660927, -1.4209884650284721e-05]",0.00025586959488790715
episode_013_repeat_00/handoff_020,applied_interval,1670,2.433333460241556,"[1.0727820269337191e-08, -0.0025092797236577822]","[1.088021458751105e-08, -0.0024715020148481843]",1.5239431817385811e-10,3.7777708809597944e-05,True,"[""F_9"", ""F_9"", ""F_9"", ""F_9"", ""F_9""]","[""F_9"", ""F_9"", ""F_9"", ""F_9"", ""F_9""]","[0.00018969376703381613, -0.00017171349361788657, -1.3580256137402102e-05]",0.0002558695940160528
episode_013_repeat_00/handoff_020,applied_interval,1671,2.4500001277774572,"[1.0727820269337191e-08, -0.0025092797236577822]","[1.088021458751105e-08, -0.0024715020148481843]",1.5239431817385811e-10,3.7777708809597944e-05,True,"[""F_9"", ""F_9"", ""F_9"", ""F_9"", ""F_9""]","[""F_9"", ""F_9"", ""F_9"", ""F_9"", ""F_9""]","[0.00018969376478850108, -0.00017171349479916387, -1.2950627624519484e-05]",0.00025586959314419846
episode_013_repeat_00/handoff_020,applied_interval,1672,2.4666667953133583,"[1.0727820269337191e-08, -0.0025092797236577822]","[1.088021458751105e-08, -0.0024715020148481843]",1.5239431817385811e-10,3.7777708809597944e-05,True,"[""F_9"", ""F_9"", ""F_9"", ""F_9"", ""F_9""]","[""F_9"", ""F_9"", ""F_9"", ""F_9"", ""F_9""]","[0.00018969376254318604, -0.00017171349598044117, -1.2320999111636866e-05]",0.00025586959227234416
episode_013_repeat_00/handoff_020,applied_interval,1673,2.4833334628492594,"[1.0727820269337191e-08, -0.0025092797236577822]","[1.088021458751105e-08, -0.0024715020148481843]",1.5239431817385811e-10,3.7777708809597944e-05,True,"[""F_9"", ""F_9"", ""F_9"", ""F_9"", ""F_9""]","[""F_9"", ""F_9"", ""F_9"", ""F_9"", ""F_9""]","[0.000189693760297871, -0.00017171349716171846, -1.1691370598754247e-05]",0.00025586959140048987
episode_013_repeat_00/handoff_020,applied_interval,1674,2.5000001303851604,"[1.0727820269337191e-08, -0.0025092797236577822]","[1.088021458751105e-08, -0.0024715020148481843]",1.5239431817385811e-10,3.7777708809597944e-05,True,"[""F_9"", ""F_9"", ""F_9"", ""F_9"", ""F_9""]","[""F_9"", ""F_9"", ""F_9"", ""F_9"", ""F_9""]","[0.00018969375804900324, -0.00017171349834299576, -1.1061742085871629e-05]",0.00025586959052600173
episode_013_repeat_00/handoff_020,applied_interval,1675,2.5166667979210615,"[1.0740576992472091e-08, -0.0018421731638516648]","[1.0893074539205856e-08, -0.0018144388781645262]",1.5249754673376412e-10,2.773428568713862e-05,True,"[""F_9"", ""F_9"", ""F_9"", ""F_9"", ""F_9""]","[""F_9"", ""F_9"", ""F_9"", ""F_9"", ""F_9""]","[0.00018969375580013548, -0.00017171349952604942, -1.043211357298901e-05]",0.0002558695896527057
episode_013_repeat_00/handoff_020,applied_interval,1676,2.5333334654569626,"[1.0740576992472091e-08, -0.0018421731638516648]","[1.0893074539205856e-08, -0.0018144388781645262]",1.5249754673376412e-10,2.773428568713862e-05,True,"[""F_9"", ""F_9"", ""F_9"", ""F_9"", ""F_9""]","[""F_9"", ""F_9"", ""F_9"", ""F_9"", ""F_9""]","[0.000189693753547715, -0.00017171350070910307, -9.969875454096666e-06]",0.00025586958877677585
episode_013_repeat_00/handoff_020,applied_interval,1677,2.5500001329928637,"[1.0740576992472091e-08, -0.0018421731638516648]","[1.0893074539205856e-08, -0.0018144388781645262]",1.5249754673376412e-10,2.773428568713862e-05,True,"[""F_9"", ""F_9"", ""F_9"", ""F_9"", ""F_9""]","[""F_9"", ""F_9"", ""F_9"", ""F_9"", ""F_9""]","[0.00018969375129884725, -0.00017171350189215673, -9.507637335204322e-06]",0.0002558695879034799
episode_013_repeat_00/handoff_020,applied_interval,1678,2.5666668005287647,"[1.0740576992472091e-08, -0.0018421731638516648]","[1.0893074539205856e-08, -0.0018144388781645262]",1.5249754673376412e-10,2.773428568713862e-05,True,"[""F_9"", ""F_9"", ""F_9"", ""F_9"", ""F_9""]","[""F_9"", ""F_9"", ""F_9"", ""F_9"", ""F_9""]","[0.0001896937490499795, -0.00017171350307521038, -9.045399216311978e-06]",0.00025586958703018394
episode_013_repeat_00/handoff_020,applied_interval,1679,2.583333468064666,"[1.0740576992472091e-08, -0.0018421731638516648]","[1.0893074539205856e-08, -0.0018144388781645262]",1.5249754673376412e-10,2.773428568713862e-05,True,"[""F_9"", ""F_9"", ""F_9"", ""F_9"", ""F_9""]","[""F_9"", ""F_9"", ""F_9"", ""F_9"", ""F_9""]","[0.00018969374679755902, -0.00017171350425648768, -8.583161097419634e-06]",0.00025586958615306205
episode_013_repeat_00/handoff_020,applied_interval,1680,2.600000135600567,"[1.0740576992472091e-08, -0.0018421731638516648]","[1.0893074539205856e-08, -0.0018144388781645262]",1.5249754673376412e-10,2.773428568713862e-05,True,"[""F_9"", ""F_9"", ""F_9"", ""F_9"", ""F_9""]","[""F_9"", ""F_9"", ""F_9"", ""F_9"", ""F_9""]","[0.00018969374454869126, -0.00017171350543954134, -8.12092297852729e-06]",0.00025586958527976615
episode_013_repeat_00/handoff_020,applied_interval,1681,2.616666803136468,"[1.0749952714827666e-08, -0.0013524207535382806]","[1.0902526099505145e-08, -0.0013320597884785997]",1.525733846774795e-10,2.0360965059680906e-05,True,"[""F_9"", ""F_9"", ""F_9"", ""F_9"", ""F_9""]","[""F_9"", ""F_9"", ""F_9"", ""F_9"", ""F_9""]","[0.0001896937422998235, -0.000171713506622595, -7.658684859634945e-06]",0.00025586958440647025
episode_013_repeat_00/handoff_020,applied_interval,1682,2.633333470672369,"[1.0749952714827666e-08, -0.0013524207535382806]","[1.0902526099505145e-08, -0.0013320597884785997]",1.525733846774795e-10,2.0360965059680906e-05,True,"[""F_9"", ""F_9"", ""F_9"", ""F_9"", ""F_9""]","[""F_9"", ""F_9"", ""F_9"", ""F_9"", ""F_9""]","[0.00018969374004740303, -0.00017171350780564865, -7.319335424416096e-06]",0.00025586958353054055
episode_013_repeat_00/handoff_020,applied_interval,1683,2.65000013820827,"[1.0749952714827666e-08, -0.0013524207535382806]","[1.0902526099505145e-08, -0.0013320597884785997]",1.525733846774795e-10,2.0360965059680906e-05,True,"[""F_9"", ""F_9"", ""F_9"", ""F_9"", ""F_9""]","[""F_9"", ""F_9"", ""F_9"", ""F_9"", ""F_9""]","[0.00018969373779498255, -0.0001717135089887023, -6.979985989197246e-06]",0.00025586958265461085
episode_013_repeat_00/handoff_020,applied_interval,1684,2.666666805744171,"[1.0749952714827666e-08, -0.0013524207535382806]","[1.0902526099505145e-08, -0.0013320597884785997]",1.525733846774795e-10,2.0360965059680906e-05,True,"[""F_9"", ""F_9"", ""F_9"", ""F_9"", ""F_9""]","[""F_9"", ""F_9"", ""F_9"", ""F_9"", ""F_9""]","[0.00018969373554256208, -0.00017171351017175596, -6.640636553978396e-06]",0.00025586958177868115
episode_013_repeat_00/handoff_020,applied_interval,1685,2.683333473280072,"[1.0749952714827666e-08, -0.0013524207535382806]","[1.0902526099505145e-08, -0.0013320597884785997]",1.525733846774795e-10,2.0360965059680906e-05,True,"[""F_9"", ""F_9"", ""F_9"", ""F_9"", ""F_9""]","[""F_9"", ""F_9"", ""F_9"", ""F_9"", ""F_9""]","[0.0001896937332901416, -0.0001717135113548096, -6.3012871187595465e-06]",0.0002558695809027515
episode_013_repeat_00/handoff_020,applied_interval,1686,2.7000001408159733,"[1.0749952714827666e-08, -0.0013524207535382806]","[1.0902526099505145e-08, -0.0013320597884785997]",1.525733846774795e-10,2.0360965059680906e-05,True,"[""F_9"", ""F_9"", ""F_9"", ""F_9"", ""F_9""]","[""F_9"", ""F_9"", ""F_9"", ""F_9"", ""F_9""]","[0.00018969373104127385, -0.00017171351253786327, -5.961937683540697e-06]",0.00025586958002945577
episode_013_repeat_00/handoff_020,applied_interval,1687,2.7166668083518744,"[1.0756841259096804e-08, -0.0009928718596448791]","[1.0909470341894393e-08, -0.0009779239751688217]",1.5262908279758869e-10,1.4947884476057462e-05,True,"[""F_9"", ""F_9"", ""F_9"", ""F_9"", ""F_9""]","[""F_9"", ""F_9"", ""F_9"", ""F_9"", ""F_9""]","[0.00018969372878885338, -0.00017171351372091692, -5.622588248321847e-06]",0.0002558695791535262
episode_013_repeat_00/handoff_020,applied_interval,1688,2.7333334758877754,"[1.0756841259096804e-08, -0.0009928718596448791]","[1.0909470341894393e-08, -0.0009779239751688217]",1.5262908279758869e-10,1.4947884476057462e-05,True,"[""F_9"", ""F_9"", ""F_9"", ""F_9"", ""F_9""]","[""F_9"", ""F_9"", ""F_9"", ""F_9"", ""F_9""]","[0.0001896937265364329, -0.00017171351490397058, -5.37345682749546e-06]",0.00025586957827759653
episode_013_repeat_00/handoff_020,applied_interval,1689,2.7500001434236765,"[1.0756841259096804e-08, -0.0009928718596448791]","[1.0909470341894393e-08, -0.0009779239751688217]",1.5262908279758869e-10,1.4947884476057462e-05,True,"[""F_9"", ""F_9"", ""F_9"", ""F_9"", ""F_9""]","[""F_9"", ""F_9"", ""F_9"", ""F_9"", ""F_9""]","[0.00018969372428756515, -0.00017171351608702423, -5.1243254066690724e-06]",0.00025586957740430084
episode_013_repeat_00/handoff_020,applied_interval,1690,2.7666668109595776,"[1.0756841259096804e-08, -0.0009928718596448791]","[1.0909470341894393e-08, -0.0009779239751688217]",1.5262908279758869e-10,1.4947884476057462e-05,True,"[""F_9"", ""F_9"", ""F_9"", ""F_9"", ""F_9""]","[""F_9"", ""F_9"", ""F_9"", ""F_9"", ""F_9""]","[0.00018969372203514467, -0.0001717135172700779, -4.875193985842685e-06]",0.0002558695765283713
episode_013_repeat_00/handoff_020,applied_interval,1691,2.7833334784954786,"[1.0756841259096804e-08, -0.0009928718596448791]","[1.0909470341894393e-08, -0.0009779239751688217]",1.5262908279758869e-10,1.4947884476057462e-05,True,"[""F_9"", ""F_9"", ""F_9"", ""F_9"", ""F_9""]","[""F_9"", ""F_9"", ""F_9"", ""F_9"", ""F_9""]","[0.0001896937197827242, -0.00017171351845313154, -4.626062565016298e-06]",0.00025586957565244177
episode_013_repeat_00/handoff_020,applied_interval,1692,2.8000001460313797,"[1.0756841259096804e-08, -0.0009928718596448791]","[1.0909470341894393e-08, -0.0009779239751688217]",1.5262908279758869e-10,1.4947884476057462e-05,True,"[""F_9"", ""F_9"", ""F_9"", ""F_9"", ""F_9""]","[""F_9"", ""F_9"", ""F_9"", ""F_9"", ""F_9""]","[0.00018969371753030373, -0.0001717135196361852, -4.376931144189911e-06]",0.0002558695747765123
episode_013_repeat_00/handoff_020,applied_interval,1693,2.8166668135672808,"[1.0761901136542292e-08, -0.0007289111226006186]","[1.0914571115098292e-08, -0.0007179372198570901]",1.5266997855599987e-10,1.0973902743528535e-05,True,"[""F_9"", ""F_9"", ""F_9"", ""F_9"", ""F_9""]","[""F_9"", ""F_9"", ""F_9"", ""F_9"", ""F_9""]","[0.00018969371527788326, -0.00017171352081923885, -4.127799723363523e-06]",0.0002558695739005828
episode_013_repeat_00/handoff_020,applied_interval,1694,2.833333481103182,"[1.0761901136542292e-08, -0.0007289111226006186]","[1.0914571115098292e-08, -0.0007179372198570901]",1.5266997855599987e-10,1.0973902743528535e-05,True,"[""F_9"", ""F_9"", ""F_9"", ""F_9"", ""F_9""]","[""F_9"", ""F_9"", ""F_9"", ""F_9"", ""F_9""]","[0.00018969371302546278, -0.0001717135220022925, -3.944901334929085e-06]",0.0002558695730246534
episode_013_repeat_00/handoff_020,applied_interval,1695,2.850000148639083,"[1.0761901136542292e-08, -0.0007289111226006186]","[1.0914571115098292e-08, -0.0007179372198570901]",1.5266997855599987e-10,1.0973902743528535e-05,True,"[""F_9"", ""F_9"", ""F_9"", ""F_9"", ""F_9""]","[""F_9"", ""F_9"", ""F_9"", ""F_9"", ""F_9""]","[0.0001896937107730423, -0.00017171352318712252, -3.762002946494647e-06]",0.000255869572149916
episode_013_repeat_00/handoff_020,applied_interval,1696,2.866666816174984,"[1.0761901136542292e-08, -0.0007289111226006186]","[1.0914571115098292e-08, -0.0007179372198570901]",1.5266997855599987e-10,1.0973902743528535e-05,True,"[""F_9"", ""F_9"", ""F_9"", ""F_9"", ""F_9""]","[""F_9"", ""F_9"", ""F_9"", ""F_9"", ""F_9""]","[0.00018969370852062184, -0.00017171352437195253, -3.5791045580602088e-06]",0.00025586957127517873
episode_013_repeat_00/handoff_020,applied_interval,1697,2.883333483710885,"[1.0761901136542292e-08, -0.0007289111226006186]","[1.0914571115098292e-08, -0.0007179372198570901]",1.5266997855599987e-10,1.0973902743528535e-05,True,"[""F_9"", ""F_9"", ""F_9"", ""F_9"", ""F_9""]","[""F_9"", ""F_9"", ""F_9"", ""F_9"", ""F_9""]","[0.00018969370626820137, -0.00017171352555678254, -3.3962061696257706e-06]",0.00025586957040044144
episode_013_repeat_00/handoff_020,applied_interval,1698,2.900000151246786,"[1.0761901136542292e-08, -0.0007289111226006186]","[1.0914571115098292e-08, -0.0007179372198570901]",1.5266997855599987e-10,1.0973902743528535e-05,True,"[""F_9"", ""F_9"", ""F_9"", ""F_9"", ""F_9""]","[""F_9"", ""F_9"", ""F_9"", ""F_9"", ""F_9""]","[0.0001896937040157809, -0.00017171352674161255, -3.2133077811913324e-06]",0.0002558695695257042
episode_013_repeat_00/handoff_020,applied_interval,1699,2.916666818782687,"[1.0765617041117235e-08, -0.0005351258770141286]","[1.0918317039275684e-08, -0.000527069449923407]",1.5269999815844956e-10,8.056427090721613e-06,True,"[""F_9"", ""F_9"", ""F_9"", ""F_9"", ""F_9""]","[""F_9"", ""F_9"", ""F_9"", ""F_9"", ""F_9""]","[0.00018969370176336042, -0.00017171352792644257, -3.0304093927568942e-06]",0.00025586956865096696
episode_013_repeat_00/handoff_020,applied_interval,1700,2.9333334863185883,"[1.0765617041117235e-08, -0.0005351258770141286]","[1.0918317039275684e-08, -0.000527069449923407]",1.5269999815844956e-10,8.056427090721613e-06,True,"[""F_9"", ""F_9"", ""F_9"", ""F_9"", ""F_9""]","[""F_9"", ""F_9"", ""F_9"", ""F_9"", ""F_9""]","[0.00018969369951093995, -0.00017171352911127258, -2.896135601115901e-06]",0.00025586956777622977
episode_013_repeat_00/handoff_020,applied_interval,1701,2.9500001538544893,"[1.0765617041117235e-08, -0.0005351258770141286]","[1.0918317039275684e-08, -0.000527069449923407]",1.5269999815844956e-10,8.056427090721613e-06,True,"[""F_9"", ""F_9"", ""F_9"", ""F_9"", ""F_9""]","[""F_9"", ""F_9"", ""F_9"", ""F_9"", ""F_9""]","[0.00018969369725851948, -0.00017171353029432623, -2.761861809474908e-06]",0.00025586956690030045
episode_013_repeat_00/handoff_020,applied_interval,1702,2.9666668213903904,"[1.0765617041117235e-08, -0.0005351258770141286]","[1.0918317039275684e-08, -0.000527069449923407]",1.5269999815844956e-10,8.056427090721613e-06,True,"[""F_9"", ""F_9"", ""F_9"", ""F_9"", ""F_9""]","[""F_9"", ""F_9"", ""F_9"", ""F_9"", ""F_9""]","[0.000189693695006099, -0.0001717135314773799, -2.627588017833915e-06]",0.0002558695660243712
episode_013_repeat_00/handoff_020,applied_interval,1703,2.9833334889262915,"[1.0765617041117235e-08, -0.0005351258770141286]","[1.0918317039275684e-08, -0.000527069449923407]",1.5269999815844956e-10,8.056427090721613e-06,True,"[""F_9"", ""F_9"", ""F_9"", ""F_9"", ""F_9""]","[""F_9"", ""F_9"", ""F_9"", ""F_9"", ""F_9""]","[0.00018969369275367853, -0.0001717135326622099, -2.493314226192922e-06]",0.00025586956514963405
