source_id,method,tick,time_after_B_s,matched_pose_world,nearest_row,H5_rows,original_node_identities,physical_H5_world,physical_H5_wrapped_world,nearest_physical_world,first_row,mean_row,min_row,max_row,original_H5_arcs_m,nearest_arc_m,first_arc_m,mean_arc_m,min_arc_m,max_arc_m,endpoint_repeated,stored_reference_world_sha256,installed_reference_restoration_sha256
OSA03_R00,M0_NATIVE,96,0.06666667014360428,"[19.204616420161308, 24.090013606205353, -1.5356427948050633]",2,"[3, 4, 5, 6, 7]","[3, 4, 5, 6, 7]","[[19.42987255365256, 23.965736881281778, -1.045478744053144], [19.50546426473847, 23.835285791513932, -1.0458070464365667], [19.580832098216636, 23.705155027173276, -1.0458022780649847], [19.65600938471402, 23.575444606112452, -1.0456598229639715], [19.73120008209838, 23.44566882307013, -1.0459893770449347]]","[[19.42987255365256, 23.965736881281778, -1.045478744053144], [19.50546426473847, 23.835285791513932, -1.0458070464365667], [19.580832098216636, 23.705155027173276, -1.0458022780649847], [19.65600938471402, 23.575444606112452, -1.0456598229639715], [19.73120008209838, 23.44566882307013, -1.0459893770449347]]","[19.354336910512455, 24.096035365800496, -1.0453769989245123]",3,5.0,3,7,"[0.45186153279004126, 0.6026315351330607, 0.7530121394378568, 0.9029335112861909, 1.052918159958627]",0.3012516776926266,0.45186153279004126,0.7526713757211553,0.45186153279004126,1.052918159958627,False,9c8ea94f650d823ac3e1ada0a216dc36758432713fd5407cf18324069865bfc4,09eba0382ef49629708c2e8aea444e092b80d95ac324473cfde85117cf0933d6
OSA03_R00,HALF_TRANSPORT_LOCAL_SE2,96,0.06666667014360428,"[19.204616420161308, 24.090013606205353, -1.5356427948050633]",1,"[2, 3, 4, 5, 6]","[2, 3, 4, 5, 6]","[[19.354456751873375, 24.000866987041285, -1.0436133744957756], [19.429967050952293, 23.88393921275725, -1.0429058068299735], [19.50555292345428, 23.771870636865366, -1.0428373112359097], [19.58092756607988, 23.662092176239003, -1.043082460361499], [19.656103967043336, 23.55068571648981, -1.0436896061825836]]","[[19.354456751873375, 24.000866987041285, -1.0436133744957756], [19.429967050952293, 23.88393921275725, -1.0429058068299735], [19.50555292345428, 23.771870636865366, -1.0428373112359097], [19.58092756607988, 23.662092176239003, -1.043082460361499], [19.656103967043336, 23.55068571648981, -1.0436896061825836]]","[19.278997386547584, 24.123492474031828, -1.0444104766151943]",2,4.0,2,6,"[0.3012516776926266, 0.45186153279004126, 0.6026315351330607, 0.7530121394378568, 0.9029335112861909]",0.15075640476645832,0.3012516776926266,0.6023380792679554,0.3012516776926266,0.9029335112861909,False,c792f6dde9f8304a07574a6544b5a0163c105934d26110a5fac745cdcc8c2639,71ecbd85c53d397ad90bf1c30a7d5fd3ea92b79aa0f666b23e242d646ce72d75
OSA03_R00,FULL_LOCAL_SE2,96,0.06666667014360428,"[19.204616420161308, 24.090013606205353, -1.5356427948050633]",0,"[1, 2, 3, 4, 5]","[1, 2, 3, 4, 5]","[[19.279148077455, 24.020757136930502, -1.0434523091083128], [19.354576285803322, 23.9056982367745, -1.04184034930608], [19.430061230836777, 23.802141078072637, -1.0403168332938744], [19.505641449730575, 23.708455244613038, -1.0398485940591813], [19.581023162386767, 23.619029523716645, -1.0403468189153673]]","[[19.279148077455, 24.020757136930502, -1.0434523091083128], [19.354576285803322, 23.9056982367745, -1.04184034930608], [19.430061230836777, 23.802141078072637, -1.0403168332938744], [19.505641449730575, 23.708455244613038, -1.0398485940591813], [19.581023162386767, 23.619029523716645, -1.0403468189153673]]","[19.203579583548727, 24.1455152657597, -1.2539190365120654]",1,3.0,1,5,"[0.15075640476645832, 0.3012516776926266, 0.45186153279004126, 0.6026315351330607, 0.7530121394378568]",0.0,0.15075640476645832,0.45190265796400875,0.15075640476645832,0.7530121394378568,False,bd459b0343fac1e78e4ac80831f4f99af9b86dd4876a3b0df1b45f41c21ce120,da4a1d51cf43caae5a00d58aa5eef757243ee60da69b4f216479b79ca725724f
OSA03_R00,M0_NATIVE,102,0.1666666753590107,"[19.20992345671464, 24.01020913693929, -1.460642945723111]",2,"[3, 4, 5, 6, 7]","[3, 4, 5, 6, 7]","[[19.42987255365256, 23.965736881281778, -1.045478744053144], [19.50546426473847, 23.835285791513932, -1.0458070464365667], [19.580832098216636, 23.705155027173276, -1.0458022780649847], [19.65600938471402, 23.575444606112452, -1.0456598229639715], [19.73120008209838, 23.44566882307013, -1.0459893770449347]]","[[19.42987255365256, 23.965736881281778, -1.045478744053144], [19.50546426473847, 23.835285791513932, -1.0458070464365667], [19.580832098216636, 23.705155027173276, -1.0458022780649847], [19.65600938471402, 23.575444606112452, -1.0456598229639715], [19.73120008209838, 23.44566882307013, -1.0459893770449347]]","[19.354336910512455, 24.096035365800496, -1.0453769989245123]",3,5.0,3,7,"[0.45186153279004126, 0.6026315351330607, 0.7530121394378568, 0.9029335112861909, 1.052918159958627]",0.3012516776926266,0.45186153279004126,0.7526713757211553,0.45186153279004126,1.052918159958627,False,9c8ea94f650d823ac3e1ada0a216dc36758432713fd5407cf18324069865bfc4,09eba0382ef49629708c2e8aea444e092b80d95ac324473cfde85117cf0933d6
OSA03_R00,HALF_TRANSPORT_LOCAL_SE2,102,0.1666666753590107,"[19.20992345671464, 24.01020913693929, -1.460642945723111]",1,"[2, 3, 4, 5, 6]","[2, 3, 4, 5, 6]","[[19.354456751873375, 24.000866987041285, -1.0436133744957756], [19.429967050952293, 23.88393921275725, -1.0429058068299735], [19.50555292345428, 23.771870636865366, -1.0428373112359097], [19.58092756607988, 23.662092176239003, -1.043082460361499], [19.656103967043336, 23.55068571648981, -1.0436896061825836]]","[[19.354456751873375, 24.000866987041285, -1.0436133744957756], [19.429967050952293, 23.88393921275725, -1.0429058068299735], [19.50555292345428, 23.771870636865366, -1.0428373112359097], [19.58092756607988, 23.662092176239003, -1.043082460361499], [19.656103967043336, 23.55068571648981, -1.0436896061825836]]","[19.278997386547584, 24.123492474031828, -1.0444104766151943]",2,4.0,2,6,"[0.3012516776926266, 0.45186153279004126, 0.6026315351330607, 0.7530121394378568, 0.9029335112861909]",0.15075640476645832,0.3012516776926266,0.6023380792679554,0.3012516776926266,0.9029335112861909,False,c792f6dde9f8304a07574a6544b5a0163c105934d26110a5fac745cdcc8c2639,71ecbd85c53d397ad90bf1c30a7d5fd3ea92b79aa0f666b23e242d646ce72d75
OSA03_R00,FULL_LOCAL_SE2,102,0.1666666753590107,"[19.20992345671464, 24.01020913693929, -1.460642945723111]",1,"[2, 3, 4, 5, 6]","[2, 3, 4, 5, 6]","[[19.354576285803322, 23.9056982367745, -1.04184034930608], [19.430061230836777, 23.802141078072637, -1.0403168332938744], [19.505641449730575, 23.708455244613038, -1.0398485940591813], [19.581023162386767, 23.619029523716645, -1.0403468189153673], [19.656198820064322, 23.525927274117638, -1.0417099410496793]]","[[19.354576285803322, 23.9056982367745, -1.04184034930608], [19.430061230836777, 23.802141078072637, -1.0403168332938744], [19.505641449730575, 23.708455244613038, -1.0398485940591813], [19.581023162386767, 23.619029523716645, -1.0403468189153673], [19.656198820064322, 23.525927274117638, -1.0417099410496793]]","[19.279148077455, 24.020757136930502, -1.0434523091083128]",2,4.0,2,6,"[0.3012516776926266, 0.45186153279004126, 0.6026315351330607, 0.7530121394378568, 0.9029335112861909]",0.15075640476645832,0.3012516776926266,0.6023380792679554,0.3012516776926266,0.9029335112861909,False,bd459b0343fac1e78e4ac80831f4f99af9b86dd4876a3b0df1b45f41c21ce120,da4a1d51cf43caae5a00d58aa5eef757243ee60da69b4f216479b79ca725724f
OSA03_R00,M0_NATIVE,108,0.2666666805744171,"[19.22403747161974, 23.93153656020097, -1.3189764257084755]",3,"[4, 5, 6, 7, 8]","[4, 5, 6, 7, 8]","[[19.50546426473847, 23.835285791513932, -1.0458070464365667], [19.580832098216636, 23.705155027173276, -1.0458022780649847], [19.65600938471402, 23.575444606112452, -1.0456598229639715], [19.73120008209838, 23.44566882307013, -1.0459893770449347], [19.806251829041486, 23.316079528650203, -1.0462817974322027]]","[[19.50546426473847, 23.835285791513932, -1.0458070464365667], [19.580832098216636, 23.705155027173276, -1.0458022780649847], [19.65600938471402, 23.575444606112452, -1.0456598229639715], [19.73120008209838, 23.44566882307013, -1.0459893770449347], [19.806251829041486, 23.316079528650203, -1.0462817974322027]]","[19.42987255365256, 23.965736881281778, -1.045478744053144]",4,6.0,4,8,"[0.6026315351330607, 0.7530121394378568, 0.9029335112861909, 1.052918159958627, 1.202671790790959]",0.45186153279004126,0.6026315351330607,0.9028334273213389,0.6026315351330607,1.202671790790959,False,9c8ea94f650d823ac3e1ada0a216dc36758432713fd5407cf18324069865bfc4,09eba0382ef49629708c2e8aea444e092b80d95ac324473cfde85117cf0933d6
OSA03_R00,HALF_TRANSPORT_LOCAL_SE2,108,0.2666666805744171,"[19.22403747161974, 23.93153656020097, -1.3189764257084755]",2,"[3, 4, 5, 6, 7]","[3, 4, 5, 6, 7]","[[19.429967050952293, 23.88393921275725, -1.0429058068299735], [19.50555292345428, 23.771870636865366, -1.0428373112359097], [19.58092756607988, 23.662092176239003, -1.043082460361499], [19.656103967043336, 23.55068571648981, -1.0436896061825836], [19.731276249869275, 23.43421599073719, -1.0448828941393564]]","[[19.429967050952293, 23.88393921275725, -1.0429058068299735], [19.50555292345428, 23.771870636865366, -1.0428373112359097], [19.58092756607988, 23.662092176239003, -1.043082460361499], [19.656103967043336, 23.55068571648981, -1.0436896061825836], [19.731276249869275, 23.43421599073719, -1.0448828941393564]]","[19.354456751873375, 24.000866987041285, -1.0436133744957756]",3,5.0,3,7,"[0.45186153279004126, 0.6026315351330607, 0.7530121394378568, 0.9029335112861909, 1.052918159958627]",0.3012516776926266,0.45186153279004126,0.7526713757211553,0.45186153279004126,1.052918159958627,False,c792f6dde9f8304a07574a6544b5a0163c105934d26110a5fac745cdcc8c2639,71ecbd85c53d397ad90bf1c30a7d5fd3ea92b79aa0f666b23e242d646ce72d75
OSA03_R00,FULL_LOCAL_SE2,108,0.2666666805744171,"[19.22403747161974, 23.93153656020097, -1.3189764257084755]",1,"[2, 3, 4, 5, 6]","[2, 3, 4, 5, 6]","[[19.354576285803322, 23.9056982367745, -1.04184034930608], [19.430061230836777, 23.802141078072637, -1.0403168332938744], [19.505641449730575, 23.708455244613038, -1.0398485940591813], [19.581023162386767, 23.619029523716645, -1.0403468189153673], [19.656198820064322, 23.525927274117638, -1.0417099410496793]]","[[19.354576285803322, 23.9056982367745, -1.04184034930608], [19.430061230836777, 23.802141078072637, -1.0403168332938744], [19.505641449730575, 23.708455244613038, -1.0398485940591813], [19.581023162386767, 23.619029523716645, -1.0403468189153673], [19.656198820064322, 23.525927274117638, -1.0417099410496793]]","[19.279148077455, 24.020757136930502, -1.0434523091083128]",2,4.0,2,6,"[0.3012516776926266, 0.45186153279004126, 0.6026315351330607, 0.7530121394378568, 0.9029335112861909]",0.15075640476645832,0.3012516776926266,0.6023380792679554,0.3012516776926266,0.9029335112861909,False,bd459b0343fac1e78e4ac80831f4f99af9b86dd4876a3b0df1b45f41c21ce120,da4a1d51cf43caae5a00d58aa5eef757243ee60da69b4f216479b79ca725724f
OSA03_R00,M0_NATIVE,114,0.36666668578982353,"[19.249821558071034, 23.855889585443308, -1.1649486384983654]",3,"[4, 5, 6, 7, 8]","[4, 5, 6, 7, 8]","[[19.50546426473847, 23.835285791513932, -1.0458070464365667], [19.580832098216636, 23.705155027173276, -1.0458022780649847], [19.65600938471402, 23.575444606112452, -1.0456598229639715], [19.73120008209838, 23.44566882307013, -1.0459893770449347], [19.806251829041486, 23.316079528650203, -1.0462817974322027]]","[[19.50546426473847, 23.835285791513932, -1.0458070464365667], [19.580832098216636, 23.705155027173276, -1.0458022780649847], [19.65600938471402, 23.575444606112452, -1.0456598229639715], [19.73120008209838, 23.44566882307013, -1.0459893770449347], [19.806251829041486, 23.316079528650203, -1.0462817974322027]]","[19.42987255365256, 23.965736881281778, -1.045478744053144]",4,6.0,4,8,"[0.6026315351330607, 0.7530121394378568, 0.9029335112861909, 1.052918159958627, 1.202671790790959]",0.45186153279004126,0.6026315351330607,0.9028334273213389,0.6026315351330607,1.202671790790959,False,9c8ea94f650d823ac3e1ada0a216dc36758432713fd5407cf18324069865bfc4,09eba0382ef49629708c2e8aea444e092b80d95ac324473cfde85117cf0933d6
OSA03_R00,HALF_TRANSPORT_LOCAL_SE2,114,0.36666668578982353,"[19.249821558071034, 23.855889585443308, -1.1649486384983654]",2,"[3, 4, 5, 6, 7]","[3, 4, 5, 6, 7]","[[19.429967050952293, 23.88393921275725, -1.0429058068299735], [19.50555292345428, 23.771870636865366, -1.0428373112359097], [19.58092756607988, 23.662092176239003, -1.043082460361499], [19.656103967043336, 23.55068571648981, -1.0436896061825836], [19.731276249869275, 23.43421599073719, -1.0448828941393564]]","[[19.429967050952293, 23.88393921275725, -1.0429058068299735], [19.50555292345428, 23.771870636865366, -1.0428373112359097], [19.58092756607988, 23.662092176239003, -1.043082460361499], [19.656103967043336, 23.55068571648981, -1.0436896061825836], [19.731276249869275, 23.43421599073719, -1.0448828941393564]]","[19.354456751873375, 24.000866987041285, -1.0436133744957756]",3,5.0,3,7,"[0.45186153279004126, 0.6026315351330607, 0.7530121394378568, 0.9029335112861909, 1.052918159958627]",0.3012516776926266,0.45186153279004126,0.7526713757211553,0.45186153279004126,1.052918159958627,False,c792f6dde9f8304a07574a6544b5a0163c105934d26110a5fac745cdcc8c2639,71ecbd85c53d397ad90bf1c30a7d5fd3ea92b79aa0f666b23e242d646ce72d75
OSA03_R00,FULL_LOCAL_SE2,114,0.36666668578982353,"[19.249821558071034, 23.855889585443308, -1.1649486384983654]",2,"[3, 4, 5, 6, 7]","[3, 4, 5, 6, 7]","[[19.430061230836777, 23.802141078072637, -1.0403168332938744], [19.505641449730575, 23.708455244613038, -1.0398485940591813], [19.581023162386767, 23.619029523716645, -1.0403468189153673], [19.656198820064322, 23.525927274117638, -1.0417099410496793], [19.73135266755572, 23.422763540429717, -1.0437723665538263]]","[[19.430061230836777, 23.802141078072637, -1.0403168332938744], [19.505641449730575, 23.708455244613038, -1.0398485940591813], [19.581023162386767, 23.619029523716645, -1.0403468189153673], [19.656198820064322, 23.525927274117638, -1.0417099410496793], [19.73135266755572, 23.422763540429717, -1.0437723665538263]]","[19.354576285803322, 23.9056982367745, -1.04184034930608]",3,5.0,3,7,"[0.45186153279004126, 0.6026315351330607, 0.7530121394378568, 0.9029335112861909, 1.052918159958627]",0.3012516776926266,0.45186153279004126,0.7526713757211553,0.45186153279004126,1.052918159958627,False,bd459b0343fac1e78e4ac80831f4f99af9b86dd4876a3b0df1b45f41c21ce120,da4a1d51cf43caae5a00d58aa5eef757243ee60da69b4f216479b79ca725724f
OSA03_R00,M0_NATIVE,120,0.46666669100522995,"[19.28603756070565, 23.784610177540166, -1.0417235445108908]",4,"[5, 6, 7, 8, 9]","[5, 6, 7, 8, 9]","[[19.580832098216636, 23.705155027173276, -1.0458022780649847], [19.65600938471402, 23.575444606112452, -1.0456598229639715], [19.73120008209838, 23.44566882307013, -1.0459893770449347], [19.806251829041486, 23.316079528650203, -1.0462817974322027], [19.88161991957295, 23.185725783431817, -1.047383291267652]]","[[19.580832098216636, 23.705155027173276, -1.0458022780649847], [19.65600938471402, 23.575444606112452, -1.0456598229639715], [19.73120008209838, 23.44566882307013, -1.0459893770449347], [19.806251829041486, 23.316079528650203, -1.0462817974322027], [19.88161991957295, 23.185725783431817, -1.047383291267652]]","[19.50546426473847, 23.835285791513932, -1.0458070464365667]",5,7.0,5,9,"[0.7530121394378568, 0.9029335112861909, 1.052918159958627, 1.202671790790959, 1.3532455201158953]",0.6026315351330607,0.7530121394378568,1.0529562243179058,0.7530121394378568,1.3532455201158953,False,9c8ea94f650d823ac3e1ada0a216dc36758432713fd5407cf18324069865bfc4,09eba0382ef49629708c2e8aea444e092b80d95ac324473cfde85117cf0933d6
OSA03_R00,HALF_TRANSPORT_LOCAL_SE2,120,0.46666669100522995,"[19.28603756070565, 23.784610177540166, -1.0417235445108908]",3,"[4, 5, 6, 7, 8]","[4, 5, 6, 7, 8]","[[19.50555292345428, 23.771870636865366, -1.0428373112359097], [19.58092756607988, 23.662092176239003, -1.043082460361499], [19.656103967043336, 23.55068571648981, -1.0436896061825836], [19.731276249869275, 23.43421599073719, -1.0448828941393564], [19.806300375888302, 23.31215889968048, -1.0458261104430455]]","[[19.50555292345428, 23.771870636865366, -1.0428373112359097], [19.58092756607988, 23.662092176239003, -1.043082460361499], [19.656103967043336, 23.55068571648981, -1.0436896061825836], [19.731276249869275, 23.43421599073719, -1.0448828941393564], [19.806300375888302, 23.31215889968048, -1.0458261104430455]]","[19.429967050952293, 23.88393921275725, -1.0429058068299735]",4,6.0,4,8,"[0.6026315351330607, 0.7530121394378568, 0.9029335112861909, 1.052918159958627, 1.202671790790959]",0.45186153279004126,0.6026315351330607,0.9028334273213389,0.6026315351330607,1.202671790790959,False,c792f6dde9f8304a07574a6544b5a0163c105934d26110a5fac745cdcc8c2639,71ecbd85c53d397ad90bf1c30a7d5fd3ea92b79aa0f666b23e242d646ce72d75
OSA03_R00,FULL_LOCAL_SE2,120,0.46666669100522995,"[19.28603756070565, 23.784610177540166, -1.0417235445108908]",2,"[3, 4, 5, 6, 7]","[3, 4, 5, 6, 7]","[[19.430061230836777, 23.802141078072637, -1.0403168332938744], [19.505641449730575, 23.708455244613038, -1.0398485940591813], [19.581023162386767, 23.619029523716645, -1.0403468189153673], [19.656198820064322, 23.525927274117638, -1.0417099410496793], [19.73135266755572, 23.422763540429717, -1.0437723665538263]]","[[19.430061230836777, 23.802141078072637, -1.0403168332938744], [19.505641449730575, 23.708455244613038, -1.0398485940591813], [19.581023162386767, 23.619029523716645, -1.0403468189153673], [19.656198820064322, 23.525927274117638, -1.0417099410496793], [19.73135266755572, 23.422763540429717, -1.0437723665538263]]","[19.354576285803322, 23.9056982367745, -1.04184034930608]",3,5.0,3,7,"[0.45186153279004126, 0.6026315351330607, 0.7530121394378568, 0.9029335112861909, 1.052918159958627]",0.3012516776926266,0.45186153279004126,0.7526713757211553,0.45186153279004126,1.052918159958627,False,bd459b0343fac1e78e4ac80831f4f99af9b86dd4876a3b0df1b45f41c21ce120,da4a1d51cf43caae5a00d58aa5eef757243ee60da69b4f216479b79ca725724f
OSA03_R00,M0_NATIVE,126,0.5666666962206364,"[19.329406254569047, 23.71740999701059, -0.9594142830582175]",4,"[5, 6, 7, 8, 9]","[5, 6, 7, 8, 9]","[[19.580832098216636, 23.705155027173276, -1.0458022780649847], [19.65600938471402, 23.575444606112452, -1.0456598229639715], [19.73120008209838, 23.44566882307013, -1.0459893770449347], [19.806251829041486, 23.316079528650203, -1.0462817974322027], [19.88161991957295, 23.185725783431817, -1.047383291267652]]","[[19.580832098216636, 23.705155027173276, -1.0458022780649847], [19.65600938471402, 23.575444606112452, -1.0456598229639715], [19.73120008209838, 23.44566882307013, -1.0459893770449347], [19.806251829041486, 23.316079528650203, -1.0462817974322027], [19.88161991957295, 23.185725783431817, -1.047383291267652]]","[19.50546426473847, 23.835285791513932, -1.0458070464365667]",5,7.0,5,9,"[0.7530121394378568, 0.9029335112861909, 1.052918159958627, 1.202671790790959, 1.3532455201158953]",0.6026315351330607,0.7530121394378568,1.0529562243179058,0.7530121394378568,1.3532455201158953,False,9c8ea94f650d823ac3e1ada0a216dc36758432713fd5407cf18324069865bfc4,09eba0382ef49629708c2e8aea444e092b80d95ac324473cfde85117cf0933d6
OSA03_R00,HALF_TRANSPORT_LOCAL_SE2,126,0.5666666962206364,"[19.329406254569047, 23.71740999701059, -0.9594142830582175]",4,"[5, 6, 7, 8, 9]","[5, 6, 7, 8, 9]","[[19.58092756607988, 23.662092176239003, -1.043082460361499], [19.656103967043336, 23.55068571648981, -1.0436896061825836], [19.731276249869275, 23.43421599073719, -1.0448828941393564], [19.806300375888302, 23.31215889968048, -1.0458261104430455], [19.881650278250845, 23.18463274504182, -1.0472551262516074]]","[[19.58092756607988, 23.662092176239003, -1.043082460361499], [19.656103967043336, 23.55068571648981, -1.0436896061825836], [19.731276249869275, 23.43421599073719, -1.0448828941393564], [19.806300375888302, 23.31215889968048, -1.0458261104430455], [19.881650278250845, 23.18463274504182, -1.0472551262516074]]","[19.50555292345428, 23.771870636865366, -1.0428373112359097]",5,7.0,5,9,"[0.7530121394378568, 0.9029335112861909, 1.052918159958627, 1.202671790790959, 1.3532455201158953]",0.6026315351330607,0.7530121394378568,1.0529562243179058,0.7530121394378568,1.3532455201158953,False,c792f6dde9f8304a07574a6544b5a0163c105934d26110a5fac745cdcc8c2639,71ecbd85c53d397ad90bf1c30a7d5fd3ea92b79aa0f666b23e242d646ce72d75
OSA03_R00,FULL_LOCAL_SE2,126,0.5666666962206364,"[19.329406254569047, 23.71740999701059, -0.9594142830582175]",3,"[4, 5, 6, 7, 8]","[4, 5, 6, 7, 8]","[[19.505641449730575, 23.708455244613038, -1.0398485940591813], [19.581023162386767, 23.619029523716645, -1.0403468189153673], [19.656198820064322, 23.525927274117638, -1.0417099410496793], [19.73135266755572, 23.422763540429717, -1.0437723665538263], [19.806349074979362, 23.30823847149145, -1.045369167757907]]","[[19.505641449730575, 23.708455244613038, -1.0398485940591813], [19.581023162386767, 23.619029523716645, -1.0403468189153673], [19.656198820064322, 23.525927274117638, -1.0417099410496793], [19.73135266755572, 23.422763540429717, -1.0437723665538263], [19.806349074979362, 23.30823847149145, -1.045369167757907]]","[19.430061230836777, 23.802141078072637, -1.0403168332938744]",4,6.0,4,8,"[0.6026315351330607, 0.7530121394378568, 0.9029335112861909, 1.052918159958627, 1.202671790790959]",0.45186153279004126,0.6026315351330607,0.9028334273213389,0.6026315351330607,1.202671790790959,False,bd459b0343fac1e78e4ac80831f4f99af9b86dd4876a3b0df1b45f41c21ce120,da4a1d51cf43caae5a00d58aa5eef757243ee60da69b4f216479b79ca725724f
OSA03_R00,M0_NATIVE,132,0.6666667014360428,"[19.377067674003943, 23.653166513771065, -0.9099165851435078]",5,"[6, 7, 8, 9, 9]","[6, 7, 8, 9, 9]","[[19.65600938471402, 23.575444606112452, -1.0456598229639715], [19.73120008209838, 23.44566882307013, -1.0459893770449347], [19.806251829041486, 23.316079528650203, -1.0462817974322027], [19.88161991957295, 23.185725783431817, -1.047383291267652], [19.88161991957295, 23.185725783431817, -1.047383291267652]]","[[19.65600938471402, 23.575444606112452, -1.0456598229639715], [19.73120008209838, 23.44566882307013, -1.0459893770449347], [19.806251829041486, 23.316079528650203, -1.0462817974322027], [19.88161991957295, 23.185725783431817, -1.047383291267652], [19.88161991957295, 23.185725783431817, -1.047383291267652]]","[19.580832098216636, 23.705155027173276, -1.0458022780649847]",6,7.8,6,9,"[0.9029335112861909, 1.052918159958627, 1.202671790790959, 1.3532455201158953, 1.3532455201158953]",0.7530121394378568,0.9029335112861909,1.1730029004535134,0.9029335112861909,1.3532455201158953,True,9c8ea94f650d823ac3e1ada0a216dc36758432713fd5407cf18324069865bfc4,09eba0382ef49629708c2e8aea444e092b80d95ac324473cfde85117cf0933d6
OSA03_R00,HALF_TRANSPORT_LOCAL_SE2,132,0.6666667014360428,"[19.377067674003943, 23.653166513771065, -0.9099165851435078]",4,"[5, 6, 7, 8, 9]","[5, 6, 7, 8, 9]","[[19.58092756607988, 23.662092176239003, -1.043082460361499], [19.656103967043336, 23.55068571648981, -1.0436896061825836], [19.731276249869275, 23.43421599073719, -1.0448828941393564], [19.806300375888302, 23.31215889968048, -1.0458261104430455], [19.881650278250845, 23.18463274504182, -1.0472551262516074]]","[[19.58092756607988, 23.662092176239003, -1.043082460361499], [19.656103967043336, 23.55068571648981, -1.0436896061825836], [19.731276249869275, 23.43421599073719, -1.0448828941393564], [19.806300375888302, 23.31215889968048, -1.0458261104430455], [19.881650278250845, 23.18463274504182, -1.0472551262516074]]","[19.50555292345428, 23.771870636865366, -1.0428373112359097]",5,7.0,5,9,"[0.7530121394378568, 0.9029335112861909, 1.052918159958627, 1.202671790790959, 1.3532455201158953]",0.6026315351330607,0.7530121394378568,1.0529562243179058,0.7530121394378568,1.3532455201158953,False,c792f6dde9f8304a07574a6544b5a0163c105934d26110a5fac745cdcc8c2639,71ecbd85c53d397ad90bf1c30a7d5fd3ea92b79aa0f666b23e242d646ce72d75
OSA03_R00,FULL_LOCAL_SE2,132,0.6666667014360428,"[19.377067674003943, 23.653166513771065, -0.9099165851435078]",4,"[5, 6, 7, 8, 9]","[5, 6, 7, 8, 9]","[[19.581023162386767, 23.619029523716645, -1.0403468189153673], [19.656198820064322, 23.525927274117638, -1.0417099410496793], [19.73135266755572, 23.422763540429717, -1.0437723665538263], [19.806349074979362, 23.30823847149145, -1.045369167757907], [19.881680721352026, 23.183539797358545, -1.0471266071492369]]","[[19.581023162386767, 23.619029523716645, -1.0403468189153673], [19.656198820064322, 23.525927274117638, -1.0417099410496793], [19.73135266755572, 23.422763540429717, -1.0437723665538263], [19.806349074979362, 23.30823847149145, -1.045369167757907], [19.881680721352026, 23.183539797358545, -1.0471266071492369]]","[19.505641449730575, 23.708455244613038, -1.0398485940591813]",5,7.0,5,9,"[0.7530121394378568, 0.9029335112861909, 1.052918159958627, 1.202671790790959, 1.3532455201158953]",0.6026315351330607,0.7530121394378568,1.0529562243179058,0.7530121394378568,1.3532455201158953,False,bd459b0343fac1e78e4ac80831f4f99af9b86dd4876a3b0df1b45f41c21ce120,da4a1d51cf43caae5a00d58aa5eef757243ee60da69b4f216479b79ca725724f
OSA03_R00,M0_NATIVE,138,0.7666667066514492,"[19.4270399332937, 23.59069643771388, -0.8856026189246071]",5,"[6, 7, 8, 9, 9]","[6, 7, 8, 9, 9]","[[19.65600938471402, 23.575444606112452, -1.0456598229639715], [19.73120008209838, 23.44566882307013, -1.0459893770449347], [19.806251829041486, 23.316079528650203, -1.0462817974322027], [19.88161991957295, 23.185725783431817, -1.047383291267652], [19.88161991957295, 23.185725783431817, -1.047383291267652]]","[[19.65600938471402, 23.575444606112452, -1.0456598229639715], [19.73120008209838, 23.44566882307013, -1.0459893770449347], [19.806251829041486, 23.316079528650203, -1.0462817974322027], [19.88161991957295, 23.185725783431817, -1.047383291267652], [19.88161991957295, 23.185725783431817, -1.047383291267652]]","[19.580832098216636, 23.705155027173276, -1.0458022780649847]",6,7.8,6,9,"[0.9029335112861909, 1.052918159958627, 1.202671790790959, 1.3532455201158953, 1.3532455201158953]",0.7530121394378568,0.9029335112861909,1.1730029004535134,0.9029335112861909,1.3532455201158953,True,9c8ea94f650d823ac3e1ada0a216dc36758432713fd5407cf18324069865bfc4,09eba0382ef49629708c2e8aea444e092b80d95ac324473cfde85117cf0933d6
OSA03_R00,HALF_TRANSPORT_LOCAL_SE2,138,0.7666667066514492,"[19.4270399332937, 23.59069643771388, -0.8856026189246071]",5,"[6, 7, 8, 9, 9]","[6, 7, 8, 9, 9]","[[19.656103967043336, 23.55068571648981, -1.0436896061825836], [19.731276249869275, 23.43421599073719, -1.0448828941393564], [19.806300375888302, 23.31215889968048, -1.0458261104430455], [19.881650278250845, 23.18463274504182, -1.0472551262516074], [19.881650278250845, 23.18463274504182, -1.0472551262516074]]","[[19.656103967043336, 23.55068571648981, -1.0436896061825836], [19.731276249869275, 23.43421599073719, -1.0448828941393564], [19.806300375888302, 23.31215889968048, -1.0458261104430455], [19.881650278250845, 23.18463274504182, -1.0472551262516074], [19.881650278250845, 23.18463274504182, -1.0472551262516074]]","[19.58092756607988, 23.662092176239003, -1.043082460361499]",6,7.8,6,9,"[0.9029335112861909, 1.052918159958627, 1.202671790790959, 1.3532455201158953, 1.3532455201158953]",0.7530121394378568,0.9029335112861909,1.1730029004535134,0.9029335112861909,1.3532455201158953,True,c792f6dde9f8304a07574a6544b5a0163c105934d26110a5fac745cdcc8c2639,71ecbd85c53d397ad90bf1c30a7d5fd3ea92b79aa0f666b23e242d646ce72d75
OSA03_R00,FULL_LOCAL_SE2,138,0.7666667066514492,"[19.4270399332937, 23.59069643771388, -0.8856026189246071]",4,"[5, 6, 7, 8, 9]","[5, 6, 7, 8, 9]","[[19.581023162386767, 23.619029523716645, -1.0403468189153673], [19.656198820064322, 23.525927274117638, -1.0417099410496793], [19.73135266755572, 23.422763540429717, -1.0437723665538263], [19.806349074979362, 23.30823847149145, -1.045369167757907], [19.881680721352026, 23.183539797358545, -1.0471266071492369]]","[[19.581023162386767, 23.619029523716645, -1.0403468189153673], [19.656198820064322, 23.525927274117638, -1.0417099410496793], [19.73135266755572, 23.422763540429717, -1.0437723665538263], [19.806349074979362, 23.30823847149145, -1.045369167757907], [19.881680721352026, 23.183539797358545, -1.0471266071492369]]","[19.505641449730575, 23.708455244613038, -1.0398485940591813]",5,7.0,5,9,"[0.7530121394378568, 0.9029335112861909, 1.052918159958627, 1.202671790790959, 1.3532455201158953]",0.6026315351330607,0.7530121394378568,1.0529562243179058,0.7530121394378568,1.3532455201158953,False,bd459b0343fac1e78e4ac80831f4f99af9b86dd4876a3b0df1b45f41c21ce120,da4a1d51cf43caae5a00d58aa5eef757243ee60da69b4f216479b79ca725724f
OSA03_R00,M0_NATIVE,144,0.8666667118668556,"[19.478093939128442, 23.529105729613057, -0.8730173904333514]",6,"[7, 8, 9, 9, 9]","[7, 8, 9, 9, 9]","[[19.73120008209838, 23.44566882307013, -1.0459893770449347], [19.806251829041486, 23.316079528650203, -1.0462817974322027], [19.88161991957295, 23.185725783431817, -1.047383291267652], [19.88161991957295, 23.185725783431817, -1.047383291267652], [19.88161991957295, 23.185725783431817, -1.047383291267652]]","[[19.73120008209838, 23.44566882307013, -1.0459893770449347], [19.806251829041486, 23.316079528650203, -1.0462817974322027], [19.88161991957295, 23.185725783431817, -1.047383291267652], [19.88161991957295, 23.185725783431817, -1.047383291267652], [19.88161991957295, 23.185725783431817, -1.047383291267652]]","[19.65600938471402, 23.575444606112452, -1.0456598229639715]",7,8.4,7,9,"[1.052918159958627, 1.202671790790959, 1.3532455201158953, 1.3532455201158953, 1.3532455201158953]",0.9029335112861909,1.052918159958627,1.2630653022194545,1.052918159958627,1.3532455201158953,True,9c8ea94f650d823ac3e1ada0a216dc36758432713fd5407cf18324069865bfc4,09eba0382ef49629708c2e8aea444e092b80d95ac324473cfde85117cf0933d6
OSA03_R00,HALF_TRANSPORT_LOCAL_SE2,144,0.8666667118668556,"[19.478093939128442, 23.529105729613057, -0.8730173904333514]",5,"[6, 7, 8, 9, 9]","[6, 7, 8, 9, 9]","[[19.656103967043336, 23.55068571648981, -1.0436896061825836], [19.731276249869275, 23.43421599073719, -1.0448828941393564], [19.806300375888302, 23.31215889968048, -1.0458261104430455], [19.881650278250845, 23.18463274504182, -1.0472551262516074], [19.881650278250845, 23.18463274504182, -1.0472551262516074]]","[[19.656103967043336, 23.55068571648981, -1.0436896061825836], [19.731276249869275, 23.43421599073719, -1.0448828941393564], [19.806300375888302, 23.31215889968048, -1.0458261104430455], [19.881650278250845, 23.18463274504182, -1.0472551262516074], [19.881650278250845, 23.18463274504182, -1.0472551262516074]]","[19.58092756607988, 23.662092176239003, -1.043082460361499]",6,7.8,6,9,"[0.9029335112861909, 1.052918159958627, 1.202671790790959, 1.3532455201158953, 1.3532455201158953]",0.7530121394378568,0.9029335112861909,1.1730029004535134,0.9029335112861909,1.3532455201158953,True,c792f6dde9f8304a07574a6544b5a0163c105934d26110a5fac745cdcc8c2639,71ecbd85c53d397ad90bf1c30a7d5fd3ea92b79aa0f666b23e242d646ce72d75
OSA03_R00,FULL_LOCAL_SE2,144,0.8666667118668556,"[19.478093939128442, 23.529105729613057, -0.8730173904333514]",5,"[6, 7, 8, 9, 9]","[6, 7, 8, 9, 9]","[[19.656198820064322, 23.525927274117638, -1.0417099410496793], [19.73135266755572, 23.422763540429717, -1.0437723665538263], [19.806349074979362, 23.30823847149145, -1.045369167757907], [19.881680721352026, 23.183539797358545, -1.0471266071492369], [19.881680721352026, 23.183539797358545, -1.0471266071492369]]","[[19.656198820064322, 23.525927274117638, -1.0417099410496793], [19.73135266755572, 23.422763540429717, -1.0437723665538263], [19.806349074979362, 23.30823847149145, -1.045369167757907], [19.881680721352026, 23.183539797358545, -1.0471266071492369], [19.881680721352026, 23.183539797358545, -1.0471266071492369]]","[19.581023162386767, 23.619029523716645, -1.0403468189153673]",6,7.8,6,9,"[0.9029335112861909, 1.052918159958627, 1.202671790790959, 1.3532455201158953, 1.3532455201158953]",0.7530121394378568,0.9029335112861909,1.1730029004535134,0.9029335112861909,1.3532455201158953,True,bd459b0343fac1e78e4ac80831f4f99af9b86dd4876a3b0df1b45f41c21ce120,da4a1d51cf43caae5a00d58aa5eef757243ee60da69b4f216479b79ca725724f
episode_001_repeat_01/handoff_013,M0_NATIVE,1002,0.08333333767950535,"[18.88091559905879, 9.807793015222233, -1.4887640776416609]",3,"[4, 5, 6, 7, 8]","[4, 5, 6, 7, 8]","[[18.70951613903068, 9.616615885818659, -1.7084365322739403], [18.68889853997111, 9.467604414407955, -1.7082101836354058], [18.66824645369464, 9.318511531775568, -1.7082082464844506], [18.647749994388054, 9.169352353599015, -1.705777181640319], [18.627737511960234, 9.020118945321352, -1.702091766849212]]","[[18.70951613903068, 9.616615885818659, -1.7084365322739403], [18.68889853997111, 9.467604414407955, -1.7082101836354058], [18.66824645369464, 9.318511531775568, -1.7082082464844506], [18.647749994388054, 9.169352353599015, -1.705777181640319], [18.627737511960234, 9.020118945321352, -1.702091766849212]]","[18.730123830346784, 9.765362925136044, -1.7085025146157067]",4,6.0,4,8,"[0.6021761504675787, 0.7526072110998969, 0.9031236431570159, 1.0536844789623852, 1.2042537640078135]",0.4520083821314022,0.6021761504675787,0.9031690495389381,0.6021761504675787,1.2042537640078135,False,8bf03cf08ef9c641edb613953d3173097daa66f1281cc54a98ba1c71d381b129,cc09449e55af9ada2d7baf841b22685fe00ede1f2ae0b77c74f7c8b4097eabba
episode_001_repeat_01/handoff_013,HALF_TRANSPORT_LOCAL_SE2,1002,0.08333333767950535,"[18.88091559905879, 9.807793015222233, -1.4887640776416609]",1,"[2, 3, 4, 5, 6]","[2, 3, 4, 5, 6]","[[18.778095332045723, 9.696589741015055, -1.7107072159126853], [18.753629105700554, 9.578102868717968, -1.7115078973289934], [18.727749685734803, 9.471265131629215, -1.7119476735648673], [18.701255836680247, 9.36876300836041, -1.7114504416079561], [18.675306599841452, 9.261627582274064, -1.710556982961554]]","[[18.778095332045723, 9.696589741015055, -1.7107072159126853], [18.753629105700554, 9.578102868717968, -1.7115078973289934], [18.727749685734803, 9.471265131629215, -1.7119476735648673], [18.701255836680247, 9.36876300836041, -1.7114504416079561], [18.675306599841452, 9.261627582274064, -1.710556982961554]]","[18.800973617764082, 9.828612516136213, -1.709865593481719]",2,4.0,2,6,"[0.3015581660300949, 0.4520083821314022, 0.6021761504675787, 0.7526072110998969, 0.9031236431570159]",0.15076896981329796,0.3015581660300949,0.6022947105771977,0.3015581660300949,0.9031236431570159,False,9d0fb1846db648281151541f4118da6394325815a15a098c494ea5b417da66ef,e795587f328cf0d895444fe75e6284769e45a3f107a23625783d8b9eeebbd329
episode_001_repeat_01/handoff_013,FULL_LOCAL_SE2,1002,0.08333333767950535,"[18.88091559905879, 9.807793015222233, -1.4887640776416609]",0,"[1, 2, 3, 4, 5]","[1, 2, 3, 4, 5]","[[18.830441829721607, 9.593484601263382, -1.710924493699217], [18.805430537812764, 9.47879376796453, -1.7127510662755272], [18.777153519342516, 9.39084466725227, -1.7145412728765028], [18.745997643321697, 9.325915933860552, -1.7154864905009397], [18.713622422894332, 9.269923026500631, -1.7147107624271198]]","[[18.830441829721607, 9.593484601263382, -1.710924493699217], [18.805430537812764, 9.47879376796453, -1.7127510662755272], [18.777153519342516, 9.39084466725227, -1.7145412728765028], [18.745997643321697, 9.325915933860552, -1.7154864905009397], [18.713622422894332, 9.269923026500631, -1.7147107624271198]]","[18.85275605895422, 9.72981987291745, -1.70972700965758]",1,3.0,1,5,"[0.15076896981329796, 0.3015581660300949, 0.4520083821314022, 0.6021761504675787, 0.7526072110998969]",0.0,0.15076896981329796,0.45182377590845413,0.15076896981329796,0.7526072110998969,False,0c4069cee232017af0e36c78d5e2326abd36076abdca954e31096ffc412554c2,0d150a83f0d2b4dd5ddcb8adad8669cb4043d08c4134bc5cdd8066d64d189dbf
episode_001_repeat_01/handoff_013,M0_NATIVE,1008,0.18333334289491177,"[18.884075946431057, 9.727886661111267, -1.580713628274332]",3,"[4, 5, 6, 7, 8]","[4, 5, 6, 7, 8]","[[18.70951613903068, 9.616615885818659, -1.7084365322739403], [18.68889853997111, 9.467604414407955, -1.7082101836354058], [18.66824645369464, 9.318511531775568, -1.7082082464844506], [18.647749994388054, 9.169352353599015, -1.705777181640319], [18.627737511960234, 9.020118945321352, -1.702091766849212]]","[[18.70951613903068, 9.616615885818659, -1.7084365322739403], [18.68889853997111, 9.467604414407955, -1.7082101836354058], [18.66824645369464, 9.318511531775568, -1.7082082464844506], [18.647749994388054, 9.169352353599015, -1.705777181640319], [18.627737511960234, 9.020118945321352, -1.702091766849212]]","[18.730123830346784, 9.765362925136044, -1.7085025146157067]",4,6.0,4,8,"[0.6021761504675787, 0.7526072110998969, 0.9031236431570159, 1.0536844789623852, 1.2042537640078135]",0.4520083821314022,0.6021761504675787,0.9031690495389381,0.6021761504675787,1.2042537640078135,False,8bf03cf08ef9c641edb613953d3173097daa66f1281cc54a98ba1c71d381b129,cc09449e55af9ada2d7baf841b22685fe00ede1f2ae0b77c74f7c8b4097eabba
episode_001_repeat_01/handoff_013,HALF_TRANSPORT_LOCAL_SE2,1008,0.18333334289491177,"[18.884075946431057, 9.727886661111267, -1.580713628274332]",2,"[3, 4, 5, 6, 7]","[3, 4, 5, 6, 7]","[[18.753629105700554, 9.578102868717968, -1.7115078973289934], [18.727749685734803, 9.471265131629215, -1.7119476735648673], [18.701255836680247, 9.36876300836041, -1.7114504416079561], [18.675306599841452, 9.261627582274064, -1.710556982961554], [18.650975759464163, 9.143016703034093, -1.7070891610822034]]","[[18.753629105700554, 9.578102868717968, -1.7115078973289934], [18.727749685734803, 9.471265131629215, -1.7119476735648673], [18.701255836680247, 9.36876300836041, -1.7114504416079561], [18.675306599841452, 9.261627582274064, -1.710556982961554], [18.650975759464163, 9.143016703034093, -1.7070891610822034]]","[18.778095332045723, 9.696589741015055, -1.7107072159126853]",3,5.0,3,7,"[0.4520083821314022, 0.6021761504675787, 0.7526072110998969, 0.9031236431570159, 1.0536844789623852]",0.3015581660300949,0.4520083821314022,0.7527199731636557,0.4520083821314022,1.0536844789623852,False,9d0fb1846db648281151541f4118da6394325815a15a098c494ea5b417da66ef,e795587f328cf0d895444fe75e6284769e45a3f107a23625783d8b9eeebbd329
episode_001_repeat_01/handoff_013,FULL_LOCAL_SE2,1008,0.18333334289491177,"[18.884075946431057, 9.727886661111267, -1.580713628274332]",0,"[1, 2, 3, 4, 5]","[1, 2, 3, 4, 5]","[[18.830441829721607, 9.593484601263382, -1.710924493699217], [18.805430537812764, 9.47879376796453, -1.7127510662755272], [18.777153519342516, 9.39084466725227, -1.7145412728765028], [18.745997643321697, 9.325915933860552, -1.7154864905009397], [18.713622422894332, 9.269923026500631, -1.7147107624271198]]","[[18.830441829721607, 9.593484601263382, -1.710924493699217], [18.805430537812764, 9.47879376796453, -1.7127510662755272], [18.777153519342516, 9.39084466725227, -1.7145412728765028], [18.745997643321697, 9.325915933860552, -1.7154864905009397], [18.713622422894332, 9.269923026500631, -1.7147107624271198]]","[18.85275605895422, 9.72981987291745, -1.70972700965758]",1,3.0,1,5,"[0.15076896981329796, 0.3015581660300949, 0.4520083821314022, 0.6021761504675787, 0.7526072110998969]",0.0,0.15076896981329796,0.45182377590845413,0.15076896981329796,0.7526072110998969,False,0c4069cee232017af0e36c78d5e2326abd36076abdca954e31096ffc412554c2,0d150a83f0d2b4dd5ddcb8adad8669cb4043d08c4134bc5cdd8066d64d189dbf
episode_001_repeat_01/handoff_013,M0_NATIVE,1014,0.2833333481103182,"[18.879137726783195, 9.64807597082661, -1.685164554285207]",4,"[5, 6, 7, 8, 9]","[5, 6, 7, 8, 9]","[[18.68889853997111, 9.467604414407955, -1.7082101836354058], [18.66824645369464, 9.318511531775568, -1.7082082464844506], [18.647749994388054, 9.169352353599015, -1.705777181640319], [18.627737511960234, 9.020118945321352, -1.702091766849212], [18.608737031748472, 8.870809826733302, -1.6920830592066567]]","[[18.68889853997111, 9.467604414407955, -1.7082101836354058], [18.66824645369464, 9.318511531775568, -1.7082082464844506], [18.647749994388054, 9.169352353599015, -1.705777181640319], [18.627737511960234, 9.020118945321352, -1.702091766849212], [18.608737031748472, 8.870809826733302, -1.6920830592066567]]","[18.70951613903068, 9.616615885818659, -1.7084365322739403]",5,7.0,5,9,"[0.7526072110998969, 0.9031236431570159, 1.0536844789623852, 1.2042537640078135, 1.3547669898114552]",0.6021761504675787,0.7526072110998969,1.0536872174077134,0.7526072110998969,1.3547669898114552,False,8bf03cf08ef9c641edb613953d3173097daa66f1281cc54a98ba1c71d381b129,cc09449e55af9ada2d7baf841b22685fe00ede1f2ae0b77c74f7c8b4097eabba
episode_001_repeat_01/handoff_013,HALF_TRANSPORT_LOCAL_SE2,1014,0.2833333481103182,"[18.879137726783195, 9.64807597082661, -1.685164554285207]",2,"[3, 4, 5, 6, 7]","[3, 4, 5, 6, 7]","[[18.753629105700554, 9.578102868717968, -1.7115078973289934], [18.727749685734803, 9.471265131629215, -1.7119476735648673], [18.701255836680247, 9.36876300836041, -1.7114504416079561], [18.675306599841452, 9.261627582274064, -1.710556982961554], [18.650975759464163, 9.143016703034093, -1.7070891610822034]]","[[18.753629105700554, 9.578102868717968, -1.7115078973289934], [18.727749685734803, 9.471265131629215, -1.7119476735648673], [18.701255836680247, 9.36876300836041, -1.7114504416079561], [18.675306599841452, 9.261627582274064, -1.710556982961554], [18.650975759464163, 9.143016703034093, -1.7070891610822034]]","[18.778095332045723, 9.696589741015055, -1.7107072159126853]",3,5.0,3,7,"[0.4520083821314022, 0.6021761504675787, 0.7526072110998969, 0.9031236431570159, 1.0536844789623852]",0.3015581660300949,0.4520083821314022,0.7527199731636557,0.4520083821314022,1.0536844789623852,False,9d0fb1846db648281151541f4118da6394325815a15a098c494ea5b417da66ef,e795587f328cf0d895444fe75e6284769e45a3f107a23625783d8b9eeebbd329
episode_001_repeat_01/handoff_013,FULL_LOCAL_SE2,1014,0.2833333481103182,"[18.879137726783195, 9.64807597082661, -1.685164554285207]",1,"[2, 3, 4, 5, 6]","[2, 3, 4, 5, 6]","[[18.805430537812764, 9.47879376796453, -1.7127510662755272], [18.777153519342516, 9.39084466725227, -1.7145412728765028], [18.745997643321697, 9.325915933860552, -1.7154864905009397], [18.713622422894332, 9.269923026500631, -1.7147107624271198], [18.6823717705468, 9.204744779072726, -1.7129174017647286]]","[[18.805430537812764, 9.47879376796453, -1.7127510662755272], [18.777153519342516, 9.39084466725227, -1.7145412728765028], [18.745997643321697, 9.325915933860552, -1.7154864905009397], [18.713622422894332, 9.269923026500631, -1.7147107624271198], [18.6823717705468, 9.204744779072726, -1.7129174017647286]]","[18.830441829721607, 9.593484601263382, -1.710924493699217]",2,4.0,2,6,"[0.3015581660300949, 0.4520083821314022, 0.6021761504675787, 0.7526072110998969, 0.9031236431570159]",0.15076896981329796,0.3015581660300949,0.6022947105771977,0.3015581660300949,0.9031236431570159,False,0c4069cee232017af0e36c78d5e2326abd36076abdca954e31096ffc412554c2,0d150a83f0d2b4dd5ddcb8adad8669cb4043d08c4134bc5cdd8066d64d189dbf
episode_001_repeat_01/handoff_013,M0_NATIVE,1020,0.3833333533257246,"[18.86688097641195, 9.569037131954751, -1.758856541304663]",4,"[5, 6, 7, 8, 9]","[5, 6, 7, 8, 9]","[[18.68889853997111, 9.467604414407955, -1.7082101836354058], [18.66824645369464, 9.318511531775568, -1.7082082464844506], [18.647749994388054, 9.169352353599015, -1.705777181640319], [18.627737511960234, 9.020118945321352, -1.702091766849212], [18.608737031748472, 8.870809826733302, -1.6920830592066567]]","[[18.68889853997111, 9.467604414407955, -1.7082101836354058], [18.66824645369464, 9.318511531775568, -1.7082082464844506], [18.647749994388054, 9.169352353599015, -1.705777181640319], [18.627737511960234, 9.020118945321352, -1.702091766849212], [18.608737031748472, 8.870809826733302, -1.6920830592066567]]","[18.70951613903068, 9.616615885818659, -1.7084365322739403]",5,7.0,5,9,"[0.7526072110998969, 0.9031236431570159, 1.0536844789623852, 1.2042537640078135, 1.3547669898114552]",0.6021761504675787,0.7526072110998969,1.0536872174077134,0.7526072110998969,1.3547669898114552,False,8bf03cf08ef9c641edb613953d3173097daa66f1281cc54a98ba1c71d381b129,cc09449e55af9ada2d7baf841b22685fe00ede1f2ae0b77c74f7c8b4097eabba
episode_001_repeat_01/handoff_013,HALF_TRANSPORT_LOCAL_SE2,1020,0.3833333533257246,"[18.86688097641195, 9.569037131954751, -1.758856541304663]",3,"[4, 5, 6, 7, 8]","[4, 5, 6, 7, 8]","[[18.727749685734803, 9.471265131629215, -1.7119476735648673], [18.701255836680247, 9.36876300836041, -1.7114504416079561], [18.675306599841452, 9.261627582274064, -1.710556982961554], [18.650975759464163, 9.143016703034093, -1.7070891610822034], [18.628812608822795, 9.011096101748628, -1.7026249007071987]]","[[18.727749685734803, 9.471265131629215, -1.7119476735648673], [18.701255836680247, 9.36876300836041, -1.7114504416079561], [18.675306599841452, 9.261627582274064, -1.710556982961554], [18.650975759464163, 9.143016703034093, -1.7070891610822034], [18.628812608822795, 9.011096101748628, -1.7026249007071987]]","[18.753629105700554, 9.578102868717968, -1.7115078973289934]",4,6.0,4,8,"[0.6021761504675787, 0.7526072110998969, 0.9031236431570159, 1.0536844789623852, 1.2042537640078135]",0.4520083821314022,0.6021761504675787,0.9031690495389381,0.6021761504675787,1.2042537640078135,False,9d0fb1846db648281151541f4118da6394325815a15a098c494ea5b417da66ef,e795587f328cf0d895444fe75e6284769e45a3f107a23625783d8b9eeebbd329
episode_001_repeat_01/handoff_013,FULL_LOCAL_SE2,1020,0.3833333533257246,"[18.86688097641195, 9.569037131954751, -1.758856541304663]",1,"[2, 3, 4, 5, 6]","[2, 3, 4, 5, 6]","[[18.805430537812764, 9.47879376796453, -1.7127510662755272], [18.777153519342516, 9.39084466725227, -1.7145412728765028], [18.745997643321697, 9.325915933860552, -1.7154864905009397], [18.713622422894332, 9.269923026500631, -1.7147107624271198], [18.6823717705468, 9.204744779072726, -1.7129174017647286]]","[[18.805430537812764, 9.47879376796453, -1.7127510662755272], [18.777153519342516, 9.39084466725227, -1.7145412728765028], [18.745997643321697, 9.325915933860552, -1.7154864905009397], [18.713622422894332, 9.269923026500631, -1.7147107624271198], [18.6823717705468, 9.204744779072726, -1.7129174017647286]]","[18.830441829721607, 9.593484601263382, -1.710924493699217]",2,4.0,2,6,"[0.3015581660300949, 0.4520083821314022, 0.6021761504675787, 0.7526072110998969, 0.9031236431570159]",0.15076896981329796,0.3015581660300949,0.6022947105771977,0.3015581660300949,0.9031236431570159,False,0c4069cee232017af0e36c78d5e2326abd36076abdca954e31096ffc412554c2,0d150a83f0d2b4dd5ddcb8adad8669cb4043d08c4134bc5cdd8066d64d189dbf
episode_001_repeat_01/handoff_013,M0_NATIVE,1026,0.483333358541131,"[18.85003402040869, 9.490837128525992, -1.8032959835712892]",5,"[6, 7, 8, 9, 9]","[6, 7, 8, 9, 9]","[[18.66824645369464, 9.318511531775568, -1.7082082464844506], [18.647749994388054, 9.169352353599015, -1.705777181640319], [18.627737511960234, 9.020118945321352, -1.702091766849212], [18.608737031748472, 8.870809826733302, -1.6920830592066567], [18.608737031748472, 8.870809826733302, -1.6920830592066567]]","[[18.66824645369464, 9.318511531775568, -1.7082082464844506], [18.647749994388054, 9.169352353599015, -1.705777181640319], [18.627737511960234, 9.020118945321352, -1.702091766849212], [18.608737031748472, 8.870809826733302, -1.6920830592066567], [18.608737031748472, 8.870809826733302, -1.6920830592066567]]","[18.68889853997111, 9.467604414407955, -1.7082101836354058]",6,7.8,6,9,"[0.9031236431570159, 1.0536844789623852, 1.2042537640078135, 1.3547669898114552, 1.3547669898114552]",0.7526072110998969,0.9031236431570159,1.1741191731500251,0.9031236431570159,1.3547669898114552,True,8bf03cf08ef9c641edb613953d3173097daa66f1281cc54a98ba1c71d381b129,cc09449e55af9ada2d7baf841b22685fe00ede1f2ae0b77c74f7c8b4097eabba
episode_001_repeat_01/handoff_013,HALF_TRANSPORT_LOCAL_SE2,1026,0.483333358541131,"[18.85003402040869, 9.490837128525992, -1.8032959835712892]",4,"[5, 6, 7, 8, 9]","[5, 6, 7, 8, 9]","[[18.701255836680247, 9.36876300836041, -1.7114504416079561], [18.675306599841452, 9.261627582274064, -1.710556982961554], [18.650975759464163, 9.143016703034093, -1.7070891610822034], [18.628812608822795, 9.011096101748628, -1.7026249007071987], [18.609016851727137, 8.868276489735194, -1.6922329163786065]]","[[18.701255836680247, 9.36876300836041, -1.7114504416079561], [18.675306599841452, 9.261627582274064, -1.710556982961554], [18.650975759464163, 9.143016703034093, -1.7070891610822034], [18.628812608822795, 9.011096101748628, -1.7026249007071987], [18.609016851727137, 8.868276489735194, -1.6922329163786065]]","[18.727749685734803, 9.471265131629215, -1.7119476735648673]",5,7.0,5,9,"[0.7526072110998969, 0.9031236431570159, 1.0536844789623852, 1.2042537640078135, 1.3547669898114552]",0.6021761504675787,0.7526072110998969,1.0536872174077134,0.7526072110998969,1.3547669898114552,False,9d0fb1846db648281151541f4118da6394325815a15a098c494ea5b417da66ef,e795587f328cf0d895444fe75e6284769e45a3f107a23625783d8b9eeebbd329
episode_001_repeat_01/handoff_013,FULL_LOCAL_SE2,1026,0.483333358541131,"[18.85003402040869, 9.490837128525992, -1.8032959835712892]",2,"[3, 4, 5, 6, 7]","[3, 4, 5, 6, 7]","[[18.777153519342516, 9.39084466725227, -1.7145412728765028], [18.745997643321697, 9.325915933860552, -1.7154864905009397], [18.713622422894332, 9.269923026500631, -1.7147107624271198], [18.6823717705468, 9.204744779072726, -1.7129174017647286], [18.65420366495567, 9.116681737983944, -1.7084066052600395]]","[[18.777153519342516, 9.39084466725227, -1.7145412728765028], [18.745997643321697, 9.325915933860552, -1.7154864905009397], [18.713622422894332, 9.269923026500631, -1.7147107624271198], [18.6823717705468, 9.204744779072726, -1.7129174017647286], [18.65420366495567, 9.116681737983944, -1.7084066052600395]]","[18.805430537812764, 9.47879376796453, -1.7127510662755272]",3,5.0,3,7,"[0.4520083821314022, 0.6021761504675787, 0.7526072110998969, 0.9031236431570159, 1.0536844789623852]",0.3015581660300949,0.4520083821314022,0.7527199731636557,0.4520083821314022,1.0536844789623852,False,0c4069cee232017af0e36c78d5e2326abd36076abdca954e31096ffc412554c2,0d150a83f0d2b4dd5ddcb8adad8669cb4043d08c4134bc5cdd8066d64d189dbf
episode_001_repeat_01/handoff_013,M0_NATIVE,1032,0.5833333637565374,"[18.830621831522745, 9.413229495422348, -1.82557426647596]",5,"[6, 7, 8, 9, 9]","[6, 7, 8, 9, 9]","[[18.66824645369464, 9.318511531775568, -1.7082082464844506], [18.647749994388054, 9.169352353599015, -1.705777181640319], [18.627737511960234, 9.020118945321352, -1.702091766849212], [18.608737031748472, 8.870809826733302, -1.6920830592066567], [18.608737031748472, 8.870809826733302, -1.6920830592066567]]","[[18.66824645369464, 9.318511531775568, -1.7082082464844506], [18.647749994388054, 9.169352353599015, -1.705777181640319], [18.627737511960234, 9.020118945321352, -1.702091766849212], [18.608737031748472, 8.870809826733302, -1.6920830592066567], [18.608737031748472, 8.870809826733302, -1.6920830592066567]]","[18.68889853997111, 9.467604414407955, -1.7082101836354058]",6,7.8,6,9,"[0.9031236431570159, 1.0536844789623852, 1.2042537640078135, 1.3547669898114552, 1.3547669898114552]",0.7526072110998969,0.9031236431570159,1.1741191731500251,0.9031236431570159,1.3547669898114552,True,8bf03cf08ef9c641edb613953d3173097daa66f1281cc54a98ba1c71d381b129,cc09449e55af9ada2d7baf841b22685fe00ede1f2ae0b77c74f7c8b4097eabba
episode_001_repeat_01/handoff_013,HALF_TRANSPORT_LOCAL_SE2,1032,0.5833333637565374,"[18.830621831522745, 9.413229495422348, -1.82557426647596]",4,"[5, 6, 7, 8, 9]","[5, 6, 7, 8, 9]","[[18.701255836680247, 9.36876300836041, -1.7114504416079561], [18.675306599841452, 9.261627582274064, -1.710556982961554], [18.650975759464163, 9.143016703034093, -1.7070891610822034], [18.628812608822795, 9.011096101748628, -1.7026249007071987], [18.609016851727137, 8.868276489735194, -1.6922329163786065]]","[[18.701255836680247, 9.36876300836041, -1.7114504416079561], [18.675306599841452, 9.261627582274064, -1.710556982961554], [18.650975759464163, 9.143016703034093, -1.7070891610822034], [18.628812608822795, 9.011096101748628, -1.7026249007071987], [18.609016851727137, 8.868276489735194, -1.6922329163786065]]","[18.727749685734803, 9.471265131629215, -1.7119476735648673]",5,7.0,5,9,"[0.7526072110998969, 0.9031236431570159, 1.0536844789623852, 1.2042537640078135, 1.3547669898114552]",0.6021761504675787,0.7526072110998969,1.0536872174077134,0.7526072110998969,1.3547669898114552,False,9d0fb1846db648281151541f4118da6394325815a15a098c494ea5b417da66ef,e795587f328cf0d895444fe75e6284769e45a3f107a23625783d8b9eeebbd329
episode_001_repeat_01/handoff_013,FULL_LOCAL_SE2,1032,0.5833333637565374,"[18.830621831522745, 9.413229495422348, -1.82557426647596]",3,"[4, 5, 6, 7, 8]","[4, 5, 6, 7, 8]","[[18.745997643321697, 9.325915933860552, -1.7154864905009397], [18.713622422894332, 9.269923026500631, -1.7147107624271198], [18.6823717705468, 9.204744779072726, -1.7129174017647286], [18.65420366495567, 9.116681737983944, -1.7084066052600395], [18.629888322629355, 9.002073547060476, -1.7031599334233514]]","[[18.745997643321697, 9.325915933860552, -1.7154864905009397], [18.713622422894332, 9.269923026500631, -1.7147107624271198], [18.6823717705468, 9.204744779072726, -1.7129174017647286], [18.65420366495567, 9.116681737983944, -1.7084066052600395], [18.629888322629355, 9.002073547060476, -1.7031599334233514]]","[18.777153519342516, 9.39084466725227, -1.7145412728765028]",4,6.0,4,8,"[0.6021761504675787, 0.7526072110998969, 0.9031236431570159, 1.0536844789623852, 1.2042537640078135]",0.4520083821314022,0.6021761504675787,0.9031690495389381,0.6021761504675787,1.2042537640078135,False,0c4069cee232017af0e36c78d5e2326abd36076abdca954e31096ffc412554c2,0d150a83f0d2b4dd5ddcb8adad8669cb4043d08c4134bc5cdd8066d64d189dbf
episode_001_repeat_01/handoff_013,M0_NATIVE,1038,0.6833333689719439,"[18.809958801282022, 9.33594447205816, -1.8373566088753828]",6,"[7, 8, 9, 9, 9]","[7, 8, 9, 9, 9]","[[18.647749994388054, 9.169352353599015, -1.705777181640319], [18.627737511960234, 9.020118945321352, -1.702091766849212], [18.608737031748472, 8.870809826733302, -1.6920830592066567], [18.608737031748472, 8.870809826733302, -1.6920830592066567], [18.608737031748472, 8.870809826733302, -1.6920830592066567]]","[[18.647749994388054, 9.169352353599015, -1.705777181640319], [18.627737511960234, 9.020118945321352, -1.702091766849212], [18.608737031748472, 8.870809826733302, -1.6920830592066567], [18.608737031748472, 8.870809826733302, -1.6920830592066567], [18.608737031748472, 8.870809826733302, -1.6920830592066567]]","[18.66824645369464, 9.318511531775568, -1.7082082464844506]",7,8.4,7,9,"[1.0536844789623852, 1.2042537640078135, 1.3547669898114552, 1.3547669898114552, 1.3547669898114552]",0.9031236431570159,1.0536844789623852,1.264447842480913,1.0536844789623852,1.3547669898114552,True,8bf03cf08ef9c641edb613953d3173097daa66f1281cc54a98ba1c71d381b129,cc09449e55af9ada2d7baf841b22685fe00ede1f2ae0b77c74f7c8b4097eabba
episode_001_repeat_01/handoff_013,HALF_TRANSPORT_LOCAL_SE2,1038,0.6833333689719439,"[18.809958801282022, 9.33594447205816, -1.8373566088753828]",5,"[6, 7, 8, 9, 9]","[6, 7, 8, 9, 9]","[[18.675306599841452, 9.261627582274064, -1.710556982961554], [18.650975759464163, 9.143016703034093, -1.7070891610822034], [18.628812608822795, 9.011096101748628, -1.7026249007071987], [18.609016851727137, 8.868276489735194, -1.6922329163786065], [18.609016851727137, 8.868276489735194, -1.6922329163786065]]","[[18.675306599841452, 9.261627582274064, -1.710556982961554], [18.650975759464163, 9.143016703034093, -1.7070891610822034], [18.628812608822795, 9.011096101748628, -1.7026249007071987], [18.609016851727137, 8.868276489735194, -1.6922329163786065], [18.609016851727137, 8.868276489735194, -1.6922329163786065]]","[18.701255836680247, 9.36876300836041, -1.7114504416079561]",6,7.8,6,9,"[0.9031236431570159, 1.0536844789623852, 1.2042537640078135, 1.3547669898114552, 1.3547669898114552]",0.7526072110998969,0.9031236431570159,1.1741191731500251,0.9031236431570159,1.3547669898114552,True,9d0fb1846db648281151541f4118da6394325815a15a098c494ea5b417da66ef,e795587f328cf0d895444fe75e6284769e45a3f107a23625783d8b9eeebbd329
episode_001_repeat_01/handoff_013,FULL_LOCAL_SE2,1038,0.6833333689719439,"[18.809958801282022, 9.33594447205816, -1.8373566088753828]",3,"[4, 5, 6, 7, 8]","[4, 5, 6, 7, 8]","[[18.745997643321697, 9.325915933860552, -1.7154864905009397], [18.713622422894332, 9.269923026500631, -1.7147107624271198], [18.6823717705468, 9.204744779072726, -1.7129174017647286], [18.65420366495567, 9.116681737983944, -1.7084066052600395], [18.629888322629355, 9.002073547060476, -1.7031599334233514]]","[[18.745997643321697, 9.325915933860552, -1.7154864905009397], [18.713622422894332, 9.269923026500631, -1.7147107624271198], [18.6823717705468, 9.204744779072726, -1.7129174017647286], [18.65420366495567, 9.116681737983944, -1.7084066052600395], [18.629888322629355, 9.002073547060476, -1.7031599334233514]]","[18.777153519342516, 9.39084466725227, -1.7145412728765028]",4,6.0,4,8,"[0.6021761504675787, 0.7526072110998969, 0.9031236431570159, 1.0536844789623852, 1.2042537640078135]",0.4520083821314022,0.6021761504675787,0.9031690495389381,0.6021761504675787,1.2042537640078135,False,0c4069cee232017af0e36c78d5e2326abd36076abdca954e31096ffc412554c2,0d150a83f0d2b4dd5ddcb8adad8669cb4043d08c4134bc5cdd8066d64d189dbf
episode_001_repeat_01/handoff_013,M0_NATIVE,1044,0.7833333741873503,"[18.788698646778155, 9.25882118548839, -1.8410960987367495]",6,"[7, 8, 9, 9, 9]","[7, 8, 9, 9, 9]","[[18.647749994388054, 9.169352353599015, -1.705777181640319], [18.627737511960234, 9.020118945321352, -1.702091766849212], [18.608737031748472, 8.870809826733302, -1.6920830592066567], [18.608737031748472, 8.870809826733302, -1.6920830592066567], [18.608737031748472, 8.870809826733302, -1.6920830592066567]]","[[18.647749994388054, 9.169352353599015, -1.705777181640319], [18.627737511960234, 9.020118945321352, -1.702091766849212], [18.608737031748472, 8.870809826733302, -1.6920830592066567], [18.608737031748472, 8.870809826733302, -1.6920830592066567], [18.608737031748472, 8.870809826733302, -1.6920830592066567]]","[18.66824645369464, 9.318511531775568, -1.7082082464844506]",7,8.4,7,9,"[1.0536844789623852, 1.2042537640078135, 1.3547669898114552, 1.3547669898114552, 1.3547669898114552]",0.9031236431570159,1.0536844789623852,1.264447842480913,1.0536844789623852,1.3547669898114552,True,8bf03cf08ef9c641edb613953d3173097daa66f1281cc54a98ba1c71d381b129,cc09449e55af9ada2d7baf841b22685fe00ede1f2ae0b77c74f7c8b4097eabba
episode_001_repeat_01/handoff_013,HALF_TRANSPORT_LOCAL_SE2,1044,0.7833333741873503,"[18.788698646778155, 9.25882118548839, -1.8410960987367495]",6,"[7, 8, 9, 9, 9]","[7, 8, 9, 9, 9]","[[18.650975759464163, 9.143016703034093, -1.7070891610822034], [18.628812608822795, 9.011096101748628, -1.7026249007071987], [18.609016851727137, 8.868276489735194, -1.6922329163786065], [18.609016851727137, 8.868276489735194, -1.6922329163786065], [18.609016851727137, 8.868276489735194, -1.6922329163786065]]","[[18.650975759464163, 9.143016703034093, -1.7070891610822034], [18.628812608822795, 9.011096101748628, -1.7026249007071987], [18.609016851727137, 8.868276489735194, -1.6922329163786065], [18.609016851727137, 8.868276489735194, -1.6922329163786065], [18.609016851727137, 8.868276489735194, -1.6922329163786065]]","[18.675306599841452, 9.261627582274064, -1.710556982961554]",7,8.4,7,9,"[1.0536844789623852, 1.2042537640078135, 1.3547669898114552, 1.3547669898114552, 1.3547669898114552]",0.9031236431570159,1.0536844789623852,1.264447842480913,1.0536844789623852,1.3547669898114552,True,9d0fb1846db648281151541f4118da6394325815a15a098c494ea5b417da66ef,e795587f328cf0d895444fe75e6284769e45a3f107a23625783d8b9eeebbd329
episode_001_repeat_01/handoff_013,FULL_LOCAL_SE2,1044,0.7833333741873503,"[18.788698646778155, 9.25882118548839, -1.8410960987367495]",5,"[6, 7, 8, 9, 9]","[6, 7, 8, 9, 9]","[[18.6823717705468, 9.204744779072726, -1.7129174017647286], [18.65420366495567, 9.116681737983944, -1.7084066052600395], [18.629888322629355, 9.002073547060476, -1.7031599334233514], [18.60929676697429, 8.865743255981764, -1.6923833132084392], [18.60929676697429, 8.865743255981764, -1.6923833132084392]]","[[18.6823717705468, 9.204744779072726, -1.7129174017647286], [18.65420366495567, 9.116681737983944, -1.7084066052600395], [18.629888322629355, 9.002073547060476, -1.7031599334233514], [18.60929676697429, 8.865743255981764, -1.6923833132084392], [18.60929676697429, 8.865743255981764, -1.6923833132084392]]","[18.713622422894332, 9.269923026500631, -1.7147107624271198]",6,7.8,6,9,"[0.9031236431570159, 1.0536844789623852, 1.2042537640078135, 1.3547669898114552, 1.3547669898114552]",0.7526072110998969,0.9031236431570159,1.1741191731500251,0.9031236431570159,1.3547669898114552,True,0c4069cee232017af0e36c78d5e2326abd36076abdca954e31096ffc412554c2,0d150a83f0d2b4dd5ddcb8adad8669cb4043d08c4134bc5cdd8066d64d189dbf
episode_001_repeat_01/handoff_013,M0_NATIVE,1050,0.8833333794027567,"[18.767300542585478, 9.18173602694881, -1.8417496629611023]",7,"[8, 9, 9, 9, 9]","[8, 9, 9, 9, 9]","[[18.627737511960234, 9.020118945321352, -1.702091766849212], [18.608737031748472, 8.870809826733302, -1.6920830592066567], [18.608737031748472, 8.870809826733302, -1.6920830592066567], [18.608737031748472, 8.870809826733302, -1.6920830592066567], [18.608737031748472, 8.870809826733302, -1.6920830592066567]]","[[18.627737511960234, 9.020118945321352, -1.702091766849212], [18.608737031748472, 8.870809826733302, -1.6920830592066567], [18.608737031748472, 8.870809826733302, -1.6920830592066567], [18.608737031748472, 8.870809826733302, -1.6920830592066567], [18.608737031748472, 8.870809826733302, -1.6920830592066567]]","[18.647749994388054, 9.169352353599015, -1.705777181640319]",8,8.8,8,9,"[1.2042537640078135, 1.3547669898114552, 1.3547669898114552, 1.3547669898114552, 1.3547669898114552]",1.0536844789623852,1.2042537640078135,1.3246643446507267,1.2042537640078135,1.3547669898114552,True,8bf03cf08ef9c641edb613953d3173097daa66f1281cc54a98ba1c71d381b129,cc09449e55af9ada2d7baf841b22685fe00ede1f2ae0b77c74f7c8b4097eabba
episode_001_repeat_01/handoff_013,HALF_TRANSPORT_LOCAL_SE2,1050,0.8833333794027567,"[18.767300542585478, 9.18173602694881, -1.8417496629611023]",6,"[7, 8, 9, 9, 9]","[7, 8, 9, 9, 9]","[[18.650975759464163, 9.143016703034093, -1.7070891610822034], [18.628812608822795, 9.011096101748628, -1.7026249007071987], [18.609016851727137, 8.868276489735194, -1.6922329163786065], [18.609016851727137, 8.868276489735194, -1.6922329163786065], [18.609016851727137, 8.868276489735194, -1.6922329163786065]]","[[18.650975759464163, 9.143016703034093, -1.7070891610822034], [18.628812608822795, 9.011096101748628, -1.7026249007071987], [18.609016851727137, 8.868276489735194, -1.6922329163786065], [18.609016851727137, 8.868276489735194, -1.6922329163786065], [18.609016851727137, 8.868276489735194, -1.6922329163786065]]","[18.675306599841452, 9.261627582274064, -1.710556982961554]",7,8.4,7,9,"[1.0536844789623852, 1.2042537640078135, 1.3547669898114552, 1.3547669898114552, 1.3547669898114552]",0.9031236431570159,1.0536844789623852,1.264447842480913,1.0536844789623852,1.3547669898114552,True,9d0fb1846db648281151541f4118da6394325815a15a098c494ea5b417da66ef,e795587f328cf0d895444fe75e6284769e45a3f107a23625783d8b9eeebbd329
episode_001_repeat_01/handoff_013,FULL_LOCAL_SE2,1050,0.8833333794027567,"[18.767300542585478, 9.18173602694881, -1.8417496629611023]",6,"[7, 8, 9, 9, 9]","[7, 8, 9, 9, 9]","[[18.65420366495567, 9.116681737983944, -1.7084066052600395], [18.629888322629355, 9.002073547060476, -1.7031599334233514], [18.60929676697429, 8.865743255981764, -1.6923833132084392], [18.60929676697429, 8.865743255981764, -1.6923833132084392], [18.60929676697429, 8.865743255981764, -1.6923833132084392]]","[[18.65420366495567, 9.116681737983944, -1.7084066052600395], [18.629888322629355, 9.002073547060476, -1.7031599334233514], [18.60929676697429, 8.865743255981764, -1.6923833132084392], [18.60929676697429, 8.865743255981764, -1.6923833132084392], [18.60929676697429, 8.865743255981764, -1.6923833132084392]]","[18.6823717705468, 9.204744779072726, -1.7129174017647286]",7,8.4,7,9,"[1.0536844789623852, 1.2042537640078135, 1.3547669898114552, 1.3547669898114552, 1.3547669898114552]",0.9031236431570159,1.0536844789623852,1.264447842480913,1.0536844789623852,1.3547669898114552,True,0c4069cee232017af0e36c78d5e2326abd36076abdca954e31096ffc412554c2,0d150a83f0d2b4dd5ddcb8adad8669cb4043d08c4134bc5cdd8066d64d189dbf
episode_008_repeat_01/handoff_023,M0_NATIVE,1806,0.03333333507180214,"[17.84115860483165, 31.810155537028734, -0.6838866723247516]",3,"[4, 5, 6, 7, 8]","[4, 5, 6, 7, 8]","[[18.052570171332658, 31.951363573399217, -0.19584854167998905], [18.21014763932208, 31.92769816257525, -0.08916713518203379], [18.38134774036268, 31.91974766649089, 0.00676183181702017], [18.54343279144578, 31.925212743747625, 0.09483049589096426], [18.64116527631135, 31.935723709086425, 0.14986942487655996]]","[[18.052570171332658, 31.951363573399217, -0.1958485416799891], [18.21014763932208, 31.92769816257525, -0.08916713518203379], [18.38134774036268, 31.91974766649089, 0.0067618318170201705], [18.54343279144578, 31.925212743747625, 0.09483049589096426], [18.64116527631135, 31.935723709086425, 0.14986942487655996]]","[17.901087944699288, 31.990603828976287, -0.3204974107176173]",4,6.0,4,8,"[0.622519580537602, 0.7818642073294231, 0.9532488186114729, 1.1154259774657123, 1.2137220556700457]",0.4660374325348433,0.622519580537602,0.9373561279228511,0.622519580537602,1.2137220556700457,False,9b5c4fe575455d31eeba5942160c944121c14e3b5b85a0f80f33a2626095138b,928bf66b6e0dc45b1a4be2bd32bf678b6e50178acac709ded9c4effbb860c2d1
episode_008_repeat_01/handoff_023,HALF_TRANSPORT_LOCAL_SE2,1806,0.03333333507180214,"[17.84115860483165, 31.810155537028734, -0.6838866723247516]",1,"[2, 3, 4, 5, 6]","[2, 3, 4, 5, 6]","[[17.93015527448616, 31.88489165773511, -0.347289614647817], [18.04786361044184, 31.865630202117938, -0.2229229399142132], [18.164291078985837, 31.867560316578235, -0.12025545318887686], [18.280770242098455, 31.88140999297425, -0.03985095481077172], [18.415588326798378, 31.90076603312177, 0.031427465650768927]]","[[17.93015527448616, 31.88489165773511, -0.34728961464781705], [18.04786361044184, 31.865630202117938, -0.2229229399142132], [18.164291078985837, 31.867560316578235, -0.12025545318887686], [18.280770242098455, 31.88140999297425, -0.03985095481077172], [18.415588326798378, 31.90076603312177, 0.031427465650768927]]","[17.8057845304357, 31.92831602620319, -0.4094256407164418]",2,4.0,2,6,"[0.31626567609193057, 0.4660374325348433, 0.622519580537602, 0.7818642073294231, 0.9532488186114729]",0.16644321245535518,0.31626567609193057,0.6279871430210544,0.31626567609193057,0.9532488186114729,False,ed203f49d4f4ac3429365c99d7c4b49a6c628a486bbd68f82a20bce5958a2334,61f3d8b6dfe8b13782b7ec289be7fdf036a0b0620a059ea226918276366c8538
episode_008_repeat_01/handoff_023,FULL_LOCAL_SE2,1806,0.03333333507180214,"[17.84115860483165, 31.810155537028734, -0.6838866723247516]",0,"[1, 2, 3, 4, 5]","[1, 2, 3, 4, 5]","[[18.00261904882836, 31.7609383588257, -0.2901574137883509], [18.116515365457538, 31.745199987777916, -0.23546840958743734], [18.20856970022954, 31.759556041328853, -0.12537022201207382], [18.285239470814616, 31.798027343103424, -0.04467521880819403], [18.356513677376874, 31.844045859906117, 0.009517727471164424]]","[[18.00261904882836, 31.7609383588257, -0.2901574137883509], [18.116515365457538, 31.745199987777916, -0.23546840958743734], [18.20856970022954, 31.759556041328853, -0.12537022201207382], [18.285239470814616, 31.798027343103424, -0.04467521880819403], [18.356513677376874, 31.844045859906117, 0.009517727471164417]]","[17.85694741690576, 31.8059512562431, -0.40731344946977543]",1,3.0,1,5,"[0.16644321245535518, 0.31626567609193057, 0.4660374325348433, 0.622519580537602, 0.7818642073294231]",0.0,0.16644321245535518,0.4706260217898309,0.16644321245535518,0.7818642073294231,False,fd388a63b0fa8c1bf37dc6ec184b1f08a90d1805395c0deb7b9346a7aa6d602b,98ef5354b857d3462626ae5dc1e9d83d48a1c61fe6a01feff64dd957861b2d3c
episode_008_repeat_01/handoff_023,M0_NATIVE,1812,0.13333334028720856,"[17.89467533677304, 31.771555297158006, -0.5639384914091585]",3,"[4, 5, 6, 7, 8]","[4, 5, 6, 7, 8]","[[18.052570171332658, 31.951363573399217, -0.1958485416799891], [18.21014763932208, 31.92769816257525, -0.08916713518203379], [18.38134774036268, 31.91974766649089, 0.00676183181702017], [18.54343279144578, 31.925212743747625, 0.09483049589096426], [18.64116527631135, 31.935723709086425, 0.14986942487655996]]","[[18.052570171332658, 31.951363573399217, -0.1958485416799891], [18.21014763932208, 31.92769816257525, -0.08916713518203379], [18.38134774036268, 31.91974766649089, 0.0067618318170201705], [18.54343279144578, 31.925212743747625, 0.09483049589096426], [18.64116527631135, 31.935723709086425, 0.14986942487655996]]","[17.901087944699288, 31.990603828976287, -0.3204974107176173]",4,6.0,4,8,"[0.622519580537602, 0.7818642073294231, 0.9532488186114729, 1.1154259774657123, 1.2137220556700457]",0.4660374325348433,0.622519580537602,0.9373561279228511,0.622519580537602,1.2137220556700457,False,9b5c4fe575455d31eeba5942160c944121c14e3b5b85a0f80f33a2626095138b,928bf66b6e0dc45b1a4be2bd32bf678b6e50178acac709ded9c4effbb860c2d1
episode_008_repeat_01/handoff_023,HALF_TRANSPORT_LOCAL_SE2,1812,0.13333334028720856,"[17.89467533677304, 31.771555297158006, -0.5639384914091585]",2,"[3, 4, 5, 6, 7]","[3, 4, 5, 6, 7]","[[18.04786361044184, 31.865630202117938, -0.2229229399142132], [18.164291078985837, 31.867560316578235, -0.12025545318887686], [18.280770242098455, 31.88140999297425, -0.03985095481077172], [18.415588326798378, 31.90076603312177, 0.031427465650768927], [18.555483974828707, 31.919771044178056, 0.10368440078201369]]","[[18.04786361044184, 31.865630202117938, -0.2229229399142132], [18.164291078985837, 31.867560316578235, -0.12025545318887686], [18.280770242098455, 31.88140999297425, -0.03985095481077172], [18.415588326798378, 31.90076603312177, 0.031427465650768927], [18.555483974828707, 31.919771044178056, 0.10368440078201369]]","[17.93015527448616, 31.88489165773511, -0.34728961464781705]",3,5.0,3,7,"[0.4660374325348433, 0.622519580537602, 0.7818642073294231, 0.9532488186114729, 1.1154259774657123]",0.31626567609193057,0.4660374325348433,0.7878192032958108,0.4660374325348433,1.1154259774657123,False,ed203f49d4f4ac3429365c99d7c4b49a6c628a486bbd68f82a20bce5958a2334,61f3d8b6dfe8b13782b7ec289be7fdf036a0b0620a059ea226918276366c8538
episode_008_repeat_01/handoff_023,FULL_LOCAL_SE2,1812,0.13333334028720856,"[17.89467533677304, 31.771555297158006, -0.5639384914091585]",0,"[1, 2, 3, 4, 5]","[1, 2, 3, 4, 5]","[[18.00261904882836, 31.7609383588257, -0.2901574137883509], [18.116515365457538, 31.745199987777916, -0.23546840958743734], [18.20856970022954, 31.759556041328853, -0.12537022201207382], [18.285239470814616, 31.798027343103424, -0.04467521880819403], [18.356513677376874, 31.844045859906117, 0.009517727471164424]]","[[18.00261904882836, 31.7609383588257, -0.2901574137883509], [18.116515365457538, 31.745199987777916, -0.23546840958743734], [18.20856970022954, 31.759556041328853, -0.12537022201207382], [18.285239470814616, 31.798027343103424, -0.04467521880819403], [18.356513677376874, 31.844045859906117, 0.009517727471164417]]","[17.85694741690576, 31.8059512562431, -0.40731344946977543]",1,3.0,1,5,"[0.16644321245535518, 0.31626567609193057, 0.4660374325348433, 0.622519580537602, 0.7818642073294231]",0.0,0.16644321245535518,0.4706260217898309,0.16644321245535518,0.7818642073294231,False,fd388a63b0fa8c1bf37dc6ec184b1f08a90d1805395c0deb7b9346a7aa6d602b,98ef5354b857d3462626ae5dc1e9d83d48a1c61fe6a01feff64dd957861b2d3c
episode_008_repeat_01/handoff_023,M0_NATIVE,1818,0.23333334550261497,"[17.96394569777695, 31.73541913130142, -0.3939903076214719]",4,"[5, 6, 7, 8, 9]","[5, 6, 7, 8, 9]","[[18.21014763932208, 31.92769816257525, -0.08916713518203379], [18.38134774036268, 31.91974766649089, 0.00676183181702017], [18.54343279144578, 31.925212743747625, 0.09483049589096426], [18.64116527631135, 31.935723709086425, 0.14986942487655996], [18.688197815447285, 31.943157687293645, 0.1737816162675512]]","[[18.21014763932208, 31.92769816257525, -0.08916713518203379], [18.38134774036268, 31.91974766649089, 0.0067618318170201705], [18.54343279144578, 31.925212743747625, 0.09483049589096426], [18.64116527631135, 31.935723709086425, 0.14986942487655996], [18.688197815447285, 31.943157687293645, 0.1737816162675512]]","[18.052570171332658, 31.951363573399217, -0.1958485416799891]",5,7.0,5,9,"[0.7818642073294231, 0.9532488186114729, 1.1154259774657123, 1.2137220556700457, 1.2613384789876216]",0.622519580537602,0.7818642073294231,1.065119907612855,0.7818642073294231,1.2613384789876216,False,9b5c4fe575455d31eeba5942160c944121c14e3b5b85a0f80f33a2626095138b,928bf66b6e0dc45b1a4be2bd32bf678b6e50178acac709ded9c4effbb860c2d1
episode_008_repeat_01/handoff_023,HALF_TRANSPORT_LOCAL_SE2,1818,0.23333334550261497,"[17.96394569777695, 31.73541913130142, -0.3939903076214719]",2,"[3, 4, 5, 6, 7]","[3, 4, 5, 6, 7]","[[18.04786361044184, 31.865630202117938, -0.22292293991421316], [18.164291078985837, 31.867560316578235, -0.12025545318887686], [18.280770242098455, 31.88140999297425, -0.03985095481077172], [18.415588326798378, 31.90076603312177, 0.031427465650768927], [18.555483974828707, 31.919771044178056, 0.10368440078201369]]","[[18.04786361044184, 31.865630202117938, -0.2229229399142132], [18.164291078985837, 31.867560316578235, -0.12025545318887686], [18.280770242098455, 31.88140999297425, -0.03985095481077172], [18.415588326798378, 31.90076603312177, 0.031427465650768927], [18.555483974828707, 31.919771044178056, 0.10368440078201369]]","[17.93015527448616, 31.88489165773511, -0.34728961464781705]",3,5.0,3,7,"[0.4660374325348433, 0.622519580537602, 0.7818642073294231, 0.9532488186114729, 1.1154259774657123]",0.31626567609193057,0.4660374325348433,0.7878192032958108,0.4660374325348433,1.1154259774657123,False,ed203f49d4f4ac3429365c99d7c4b49a6c628a486bbd68f82a20bce5958a2334,61f3d8b6dfe8b13782b7ec289be7fdf036a0b0620a059ea226918276366c8538
episode_008_repeat_01/handoff_023,FULL_LOCAL_SE2,1818,0.23333334550261497,"[17.96394569777695, 31.73541913130142, -0.3939903076214719]",1,"[2, 3, 4, 5, 6]","[2, 3, 4, 5, 6]","[[18.116515365457538, 31.745199987777916, -0.23546840958743734], [18.20856970022954, 31.759556041328853, -0.12537022201207382], [18.285239470814616, 31.798027343103424, -0.04467521880819403], [18.356513677376874, 31.844045859906117, 0.009517727471164424], [18.452037450128678, 31.886072073117095, 0.05613153710605667]]","[[18.116515365457538, 31.745199987777916, -0.23546840958743734], [18.20856970022954, 31.759556041328853, -0.12537022201207382], [18.285239470814616, 31.798027343103424, -0.04467521880819403], [18.356513677376874, 31.844045859906117, 0.009517727471164417], [18.452037450128678, 31.886072073117095, 0.05613153710605667]]","[18.00261904882836, 31.7609383588257, -0.2901574137883509]",2,4.0,2,6,"[0.31626567609193057, 0.4660374325348433, 0.622519580537602, 0.7818642073294231, 0.9532488186114729]",0.16644321245535518,0.31626567609193057,0.6279871430210544,0.31626567609193057,0.9532488186114729,False,fd388a63b0fa8c1bf37dc6ec184b1f08a90d1805395c0deb7b9346a7aa6d602b,98ef5354b857d3462626ae5dc1e9d83d48a1c61fe6a01feff64dd957861b2d3c
episode_008_repeat_01/handoff_023,M0_NATIVE,1824,0.3333333507180214,"[18.040290161944082, 31.711943074373018, -0.2000481538079102]",4,"[5, 6, 7, 8, 9]","[5, 6, 7, 8, 9]","[[18.21014763932208, 31.92769816257525, -0.08916713518203379], [18.38134774036268, 31.91974766649089, 0.00676183181702017], [18.54343279144578, 31.925212743747625, 0.09483049589096426], [18.64116527631135, 31.935723709086425, 0.14986942487655996], [18.688197815447285, 31.943157687293645, 0.1737816162675512]]","[[18.21014763932208, 31.92769816257525, -0.08916713518203379], [18.38134774036268, 31.91974766649089, 0.0067618318170201705], [18.54343279144578, 31.925212743747625, 0.09483049589096426], [18.64116527631135, 31.935723709086425, 0.14986942487655996], [18.688197815447285, 31.943157687293645, 0.1737816162675512]]","[18.052570171332658, 31.951363573399217, -0.1958485416799891]",5,7.0,5,9,"[0.7818642073294231, 0.9532488186114729, 1.1154259774657123, 1.2137220556700457, 1.2613384789876216]",0.622519580537602,0.7818642073294231,1.065119907612855,0.7818642073294231,1.2613384789876216,False,9b5c4fe575455d31eeba5942160c944121c14e3b5b85a0f80f33a2626095138b,928bf66b6e0dc45b1a4be2bd32bf678b6e50178acac709ded9c4effbb860c2d1
episode_008_repeat_01/handoff_023,HALF_TRANSPORT_LOCAL_SE2,1824,0.3333333507180214,"[18.040290161944082, 31.711943074373018, -0.2000481538079102]",3,"[4, 5, 6, 7, 8]","[4, 5, 6, 7, 8]","[[18.164291078985837, 31.867560316578235, -0.12025545318887686], [18.280770242098455, 31.88140999297425, -0.03985095481077172], [18.415588326798378, 31.90076603312177, 0.031427465650768927], [18.555483974828707, 31.919771044178056, 0.10368440078201369], [18.644604523858852, 31.934389207865905, 0.15243609167472852]]","[[18.164291078985837, 31.867560316578235, -0.12025545318887686], [18.280770242098455, 31.88140999297425, -0.03985095481077172], [18.415588326798378, 31.90076603312177, 0.031427465650768927], [18.555483974828707, 31.919771044178056, 0.10368440078201369], [18.644604523858852, 31.934389207865905, 0.15243609167472852]]","[18.04786361044184, 31.865630202117938, -0.2229229399142132]",4,6.0,4,8,"[0.622519580537602, 0.7818642073294231, 0.9532488186114729, 1.1154259774657123, 1.2137220556700457]",0.4660374325348433,0.622519580537602,0.9373561279228511,0.622519580537602,1.2137220556700457,False,ed203f49d4f4ac3429365c99d7c4b49a6c628a486bbd68f82a20bce5958a2334,61f3d8b6dfe8b13782b7ec289be7fdf036a0b0620a059ea226918276366c8538
episode_008_repeat_01/handoff_023,FULL_LOCAL_SE2,1824,0.3333333507180214,"[18.040290161944082, 31.711943074373018, -0.2000481538079102]",1,"[2, 3, 4, 5, 6]","[2, 3, 4, 5, 6]","[[18.116515365457538, 31.745199987777916, -0.23546840958743734], [18.20856970022954, 31.759556041328853, -0.12537022201207382], [18.285239470814616, 31.798027343103424, -0.04467521880819403], [18.356513677376874, 31.844045859906117, 0.009517727471164424], [18.452037450128678, 31.886072073117095, 0.05613153710605667]]","[[18.116515365457538, 31.745199987777916, -0.23546840958743734], [18.20856970022954, 31.759556041328853, -0.12537022201207382], [18.285239470814616, 31.798027343103424, -0.04467521880819403], [18.356513677376874, 31.844045859906117, 0.009517727471164417], [18.452037450128678, 31.886072073117095, 0.05613153710605667]]","[18.00261904882836, 31.7609383588257, -0.2901574137883509]",2,4.0,2,6,"[0.31626567609193057, 0.4660374325348433, 0.622519580537602, 0.7818642073294231, 0.9532488186114729]",0.16644321245535518,0.31626567609193057,0.6279871430210544,0.31626567609193057,0.9532488186114729,False,fd388a63b0fa8c1bf37dc6ec184b1f08a90d1805395c0deb7b9346a7aa6d602b,98ef5354b857d3462626ae5dc1e9d83d48a1c61fe6a01feff64dd957861b2d3c
episode_008_repeat_01/handoff_023,M0_NATIVE,1830,0.4333333559334278,"[18.11966744157844, 31.702669660238662, -0.03846925720279204]",5,"[6, 7, 8, 9, 9]","[6, 7, 8, 9, 9]","[[18.38134774036268, 31.91974766649089, 0.006761831817020163], [18.54343279144578, 31.925212743747625, 0.09483049589096426], [18.64116527631135, 31.935723709086425, 0.14986942487655996], [18.688197815447285, 31.943157687293645, 0.1737816162675512], [18.688197815447285, 31.943157687293645, 0.1737816162675512]]","[[18.38134774036268, 31.91974766649089, 0.0067618318170201705], [18.54343279144578, 31.925212743747625, 0.09483049589096426], [18.64116527631135, 31.935723709086425, 0.14986942487655996], [18.688197815447285, 31.943157687293645, 0.1737816162675512], [18.688197815447285, 31.943157687293645, 0.1737816162675512]]","[18.21014763932208, 31.92769816257525, -0.08916713518203379]",6,7.8,6,9,"[0.9532488186114729, 1.1154259774657123, 1.2137220556700457, 1.2613384789876216, 1.2613384789876216]",0.7818642073294231,0.9532488186114729,1.1610147619444948,0.9532488186114729,1.2613384789876216,True,9b5c4fe575455d31eeba5942160c944121c14e3b5b85a0f80f33a2626095138b,928bf66b6e0dc45b1a4be2bd32bf678b6e50178acac709ded9c4effbb860c2d1
episode_008_repeat_01/handoff_023,HALF_TRANSPORT_LOCAL_SE2,1830,0.4333333559334278,"[18.11966744157844, 31.702669660238662, -0.03846925720279204]",4,"[5, 6, 7, 8, 9]","[5, 6, 7, 8, 9]","[[18.280770242098455, 31.88140999297425, -0.03985095481077172], [18.415588326798378, 31.90076603312177, 0.031427465650768927], [18.555483974828707, 31.919771044178056, 0.10368440078201369], [18.644604523858852, 31.934389207865905, 0.15243609167472852], [18.689272445619398, 31.942776286374738, 0.1745881103558795]]","[[18.280770242098455, 31.88140999297425, -0.03985095481077172], [18.415588326798378, 31.90076603312177, 0.031427465650768927], [18.555483974828707, 31.919771044178056, 0.10368440078201369], [18.644604523858852, 31.934389207865905, 0.15243609167472852], [18.689272445619398, 31.942776286374738, 0.1745881103558795]]","[18.164291078985837, 31.867560316578235, -0.12025545318887686]",5,7.0,5,9,"[0.7818642073294231, 0.9532488186114729, 1.1154259774657123, 1.2137220556700457, 1.2613384789876216]",0.622519580537602,0.7818642073294231,1.065119907612855,0.7818642073294231,1.2613384789876216,False,ed203f49d4f4ac3429365c99d7c4b49a6c628a486bbd68f82a20bce5958a2334,61f3d8b6dfe8b13782b7ec289be7fdf036a0b0620a059ea226918276366c8538
episode_008_repeat_01/handoff_023,FULL_LOCAL_SE2,1830,0.4333333559334278,"[18.11966744157844, 31.702669660238662, -0.03846925720279204]",2,"[3, 4, 5, 6, 7]","[3, 4, 5, 6, 7]","[[18.20856970022954, 31.759556041328853, -0.12537022201207382], [18.285239470814616, 31.798027343103424, -0.04467521880819403], [18.356513677376874, 31.844045859906117, 0.009517727471164424], [18.452037450128678, 31.886072073117095, 0.05613153710605667], [18.56825631636847, 31.91583685905575, 0.11255488914762825]]","[[18.20856970022954, 31.759556041328853, -0.12537022201207382], [18.285239470814616, 31.798027343103424, -0.04467521880819403], [18.356513677376874, 31.844045859906117, 0.009517727471164417], [18.452037450128678, 31.886072073117095, 0.05613153710605667], [18.56825631636847, 31.91583685905575, 0.11255488914762825]]","[18.116515365457538, 31.745199987777916, -0.23546840958743734]",3,5.0,3,7,"[0.4660374325348433, 0.622519580537602, 0.7818642073294231, 0.9532488186114729, 1.1154259774657123]",0.31626567609193057,0.4660374325348433,0.7878192032958108,0.4660374325348433,1.1154259774657123,False,fd388a63b0fa8c1bf37dc6ec184b1f08a90d1805395c0deb7b9346a7aa6d602b,98ef5354b857d3462626ae5dc1e9d83d48a1c61fe6a01feff64dd957861b2d3c
episode_008_repeat_01/handoff_023,M0_NATIVE,1836,0.5333333611488342,"[18.19958984275609, 31.704789616176445, 0.08660543492512174]",5,"[6, 7, 8, 9, 9]","[6, 7, 8, 9, 9]","[[18.38134774036268, 31.91974766649089, 0.00676183181702017], [18.54343279144578, 31.925212743747625, 0.09483049589096426], [18.64116527631135, 31.935723709086425, 0.14986942487655996], [18.688197815447285, 31.943157687293645, 0.1737816162675512], [18.688197815447285, 31.943157687293645, 0.1737816162675512]]","[[18.38134774036268, 31.91974766649089, 0.0067618318170201705], [18.54343279144578, 31.925212743747625, 0.09483049589096426], [18.64116527631135, 31.935723709086425, 0.14986942487655996], [18.688197815447285, 31.943157687293645, 0.1737816162675512], [18.688197815447285, 31.943157687293645, 0.1737816162675512]]","[18.21014763932208, 31.92769816257525, -0.08916713518203379]",6,7.8,6,9,"[0.9532488186114729, 1.1154259774657123, 1.2137220556700457, 1.2613384789876216, 1.2613384789876216]",0.7818642073294231,0.9532488186114729,1.1610147619444948,0.9532488186114729,1.2613384789876216,True,9b5c4fe575455d31eeba5942160c944121c14e3b5b85a0f80f33a2626095138b,928bf66b6e0dc45b1a4be2bd32bf678b6e50178acac709ded9c4effbb860c2d1
episode_008_repeat_01/handoff_023,HALF_TRANSPORT_LOCAL_SE2,1836,0.5333333611488342,"[18.19958984275609, 31.704789616176445, 0.08660543492512174]",4,"[5, 6, 7, 8, 9]","[5, 6, 7, 8, 9]","[[18.280770242098455, 31.88140999297425, -0.039850954810771694], [18.415588326798378, 31.90076603312177, 0.031427465650768927], [18.555483974828707, 31.919771044178056, 0.10368440078201369], [18.644604523858852, 31.934389207865905, 0.15243609167472852], [18.689272445619398, 31.942776286374738, 0.1745881103558795]]","[[18.280770242098455, 31.88140999297425, -0.03985095481077172], [18.415588326798378, 31.90076603312177, 0.031427465650768927], [18.555483974828707, 31.919771044178056, 0.10368440078201369], [18.644604523858852, 31.934389207865905, 0.15243609167472852], [18.689272445619398, 31.942776286374738, 0.1745881103558795]]","[18.164291078985837, 31.867560316578235, -0.12025545318887686]",5,7.0,5,9,"[0.7818642073294231, 0.9532488186114729, 1.1154259774657123, 1.2137220556700457, 1.2613384789876216]",0.622519580537602,0.7818642073294231,1.065119907612855,0.7818642073294231,1.2613384789876216,False,ed203f49d4f4ac3429365c99d7c4b49a6c628a486bbd68f82a20bce5958a2334,61f3d8b6dfe8b13782b7ec289be7fdf036a0b0620a059ea226918276366c8538
episode_008_repeat_01/handoff_023,FULL_LOCAL_SE2,1836,0.5333333611488342,"[18.19958984275609, 31.704789616176445, 0.08660543492512174]",3,"[4, 5, 6, 7, 8]","[4, 5, 6, 7, 8]","[[18.285239470814616, 31.798027343103424, -0.04467521880819403], [18.356513677376874, 31.844045859906117, 0.009517727471164424], [18.452037450128678, 31.886072073117095, 0.05613153710605667], [18.56825631636847, 31.91583685905575, 0.11255488914762825], [18.648245643773546, 31.933487357063814, 0.15500570579942563]]","[[18.285239470814616, 31.798027343103424, -0.04467521880819403], [18.356513677376874, 31.844045859906117, 0.009517727471164417], [18.452037450128678, 31.886072073117095, 0.05613153710605667], [18.56825631636847, 31.91583685905575, 0.11255488914762825], [18.648245643773546, 31.933487357063814, 0.15500570579942563]]","[18.20856970022954, 31.759556041328853, -0.12537022201207382]",4,6.0,4,8,"[0.622519580537602, 0.7818642073294231, 0.9532488186114729, 1.1154259774657123, 1.2137220556700457]",0.4660374325348433,0.622519580537602,0.9373561279228511,0.622519580537602,1.2137220556700457,False,fd388a63b0fa8c1bf37dc6ec184b1f08a90d1805395c0deb7b9346a7aa6d602b,98ef5354b857d3462626ae5dc1e9d83d48a1c61fe6a01feff64dd957861b2d3c
episode_008_repeat_01/handoff_023,M0_NATIVE,1842,0.6333333663642406,"[18.278880269291783, 31.71526106412495, 0.170044177443331]",6,"[7, 8, 9, 9, 9]","[7, 8, 9, 9, 9]","[[18.54343279144578, 31.925212743747625, 0.09483049589096426], [18.64116527631135, 31.935723709086425, 0.14986942487655996], [18.688197815447285, 31.943157687293645, 0.1737816162675512], [18.688197815447285, 31.943157687293645, 0.1737816162675512], [18.688197815447285, 31.943157687293645, 0.1737816162675512]]","[[18.54343279144578, 31.925212743747625, 0.09483049589096426], [18.64116527631135, 31.935723709086425, 0.14986942487655996], [18.688197815447285, 31.943157687293645, 0.1737816162675512], [18.688197815447285, 31.943157687293645, 0.1737816162675512], [18.688197815447285, 31.943157687293645, 0.1737816162675512]]","[18.38134774036268, 31.91974766649089, 0.0067618318170201705]",7,8.4,7,9,"[1.1154259774657123, 1.2137220556700457, 1.2613384789876216, 1.2613384789876216, 1.2613384789876216]",0.9532488186114729,1.1154259774657123,1.2226326940197245,1.1154259774657123,1.2613384789876216,True,9b5c4fe575455d31eeba5942160c944121c14e3b5b85a0f80f33a2626095138b,928bf66b6e0dc45b1a4be2bd32bf678b6e50178acac709ded9c4effbb860c2d1
episode_008_repeat_01/handoff_023,HALF_TRANSPORT_LOCAL_SE2,1842,0.6333333663642406,"[18.278880269291783, 31.71526106412495, 0.170044177443331]",5,"[6, 7, 8, 9, 9]","[6, 7, 8, 9, 9]","[[18.415588326798378, 31.90076603312177, 0.031427465650768927], [18.555483974828707, 31.919771044178056, 0.10368440078201369], [18.644604523858852, 31.934389207865905, 0.15243609167472852], [18.689272445619398, 31.942776286374738, 0.1745881103558795], [18.689272445619398, 31.942776286374738, 0.1745881103558795]]","[[18.415588326798378, 31.90076603312177, 0.031427465650768927], [18.555483974828707, 31.919771044178056, 0.10368440078201369], [18.644604523858852, 31.934389207865905, 0.15243609167472852], [18.689272445619398, 31.942776286374738, 0.1745881103558795], [18.689272445619398, 31.942776286374738, 0.1745881103558795]]","[18.280770242098455, 31.88140999297425, -0.03985095481077172]",6,7.8,6,9,"[0.9532488186114729, 1.1154259774657123, 1.2137220556700457, 1.2613384789876216, 1.2613384789876216]",0.7818642073294231,0.9532488186114729,1.1610147619444948,0.9532488186114729,1.2613384789876216,True,ed203f49d4f4ac3429365c99d7c4b49a6c628a486bbd68f82a20bce5958a2334,61f3d8b6dfe8b13782b7ec289be7fdf036a0b0620a059ea226918276366c8538
episode_008_repeat_01/handoff_023,FULL_LOCAL_SE2,1842,0.6333333663642406,"[18.278880269291783, 31.71526106412495, 0.170044177443331]",4,"[5, 6, 7, 8, 9]","[5, 6, 7, 8, 9]","[[18.356513677376874, 31.844045859906117, 0.009517727471164417], [18.452037450128678, 31.886072073117095, 0.05613153710605667], [18.56825631636847, 31.91583685905575, 0.11255488914762825], [18.648245643773546, 31.933487357063814, 0.15500570579942563], [18.69041040427008, 31.9425308597279, 0.17539553476439584]]","[[18.356513677376874, 31.844045859906117, 0.009517727471164417], [18.452037450128678, 31.886072073117095, 0.05613153710605667], [18.56825631636847, 31.91583685905575, 0.11255488914762825], [18.648245643773546, 31.933487357063814, 0.15500570579942563], [18.69041040427008, 31.9425308597279, 0.17539553476439584]]","[18.285239470814616, 31.798027343103424, -0.04467521880819403]",5,7.0,5,9,"[0.7818642073294231, 0.9532488186114729, 1.1154259774657123, 1.2137220556700457, 1.2613384789876216]",0.622519580537602,0.7818642073294231,1.065119907612855,0.7818642073294231,1.2613384789876216,False,fd388a63b0fa8c1bf37dc6ec184b1f08a90d1805395c0deb7b9346a7aa6d602b,98ef5354b857d3462626ae5dc1e9d83d48a1c61fe6a01feff64dd957861b2d3c
episode_008_repeat_01/handoff_023,M0_NATIVE,1848,0.7333333715796471,"[18.357260090968843, 31.731225785402323, 0.228925455165911]",6,"[7, 8, 9, 9, 9]","[7, 8, 9, 9, 9]","[[18.54343279144578, 31.925212743747625, 0.09483049589096426], [18.64116527631135, 31.935723709086425, 0.14986942487655996], [18.688197815447285, 31.943157687293645, 0.1737816162675512], [18.688197815447285, 31.943157687293645, 0.1737816162675512], [18.688197815447285, 31.943157687293645, 0.1737816162675512]]","[[18.54343279144578, 31.925212743747625, 0.09483049589096426], [18.64116527631135, 31.935723709086425, 0.14986942487655996], [18.688197815447285, 31.943157687293645, 0.1737816162675512], [18.688197815447285, 31.943157687293645, 0.1737816162675512], [18.688197815447285, 31.943157687293645, 0.1737816162675512]]","[18.38134774036268, 31.91974766649089, 0.0067618318170201705]",7,8.4,7,9,"[1.1154259774657123, 1.2137220556700457, 1.2613384789876216, 1.2613384789876216, 1.2613384789876216]",0.9532488186114729,1.1154259774657123,1.2226326940197245,1.1154259774657123,1.2613384789876216,True,9b5c4fe575455d31eeba5942160c944121c14e3b5b85a0f80f33a2626095138b,928bf66b6e0dc45b1a4be2bd32bf678b6e50178acac709ded9c4effbb860c2d1
episode_008_repeat_01/handoff_023,HALF_TRANSPORT_LOCAL_SE2,1848,0.7333333715796471,"[18.357260090968843, 31.731225785402323, 0.228925455165911]",5,"[6, 7, 8, 9, 9]","[6, 7, 8, 9, 9]","[[18.415588326798378, 31.90076603312177, 0.0314274656507689], [18.555483974828707, 31.919771044178056, 0.10368440078201369], [18.644604523858852, 31.934389207865905, 0.15243609167472852], [18.689272445619398, 31.942776286374738, 0.1745881103558795], [18.689272445619398, 31.942776286374738, 0.1745881103558795]]","[[18.415588326798378, 31.90076603312177, 0.031427465650768927], [18.555483974828707, 31.919771044178056, 0.10368440078201369], [18.644604523858852, 31.934389207865905, 0.15243609167472852], [18.689272445619398, 31.942776286374738, 0.1745881103558795], [18.689272445619398, 31.942776286374738, 0.1745881103558795]]","[18.280770242098455, 31.88140999297425, -0.03985095481077172]",6,7.8,6,9,"[0.9532488186114729, 1.1154259774657123, 1.2137220556700457, 1.2613384789876216, 1.2613384789876216]",0.7818642073294231,0.9532488186114729,1.1610147619444948,0.9532488186114729,1.2613384789876216,True,ed203f49d4f4ac3429365c99d7c4b49a6c628a486bbd68f82a20bce5958a2334,61f3d8b6dfe8b13782b7ec289be7fdf036a0b0620a059ea226918276366c8538
episode_008_repeat_01/handoff_023,FULL_LOCAL_SE2,1848,0.7333333715796471,"[18.357260090968843, 31.731225785402323, 0.228925455165911]",4,"[5, 6, 7, 8, 9]","[5, 6, 7, 8, 9]","[[18.356513677376874, 31.844045859906117, 0.009517727471164389], [18.452037450128678, 31.886072073117095, 0.05613153710605667], [18.56825631636847, 31.91583685905575, 0.11255488914762825], [18.648245643773546, 31.933487357063814, 0.15500570579942563], [18.69041040427008, 31.9425308597279, 0.17539553476439584]]","[[18.356513677376874, 31.844045859906117, 0.009517727471164417], [18.452037450128678, 31.886072073117095, 0.05613153710605667], [18.56825631636847, 31.91583685905575, 0.11255488914762825], [18.648245643773546, 31.933487357063814, 0.15500570579942563], [18.69041040427008, 31.9425308597279, 0.17539553476439584]]","[18.285239470814616, 31.798027343103424, -0.04467521880819403]",5,7.0,5,9,"[0.7818642073294231, 0.9532488186114729, 1.1154259774657123, 1.2137220556700457, 1.2613384789876216]",0.622519580537602,0.7818642073294231,1.065119907612855,0.7818642073294231,1.2613384789876216,False,fd388a63b0fa8c1bf37dc6ec184b1f08a90d1805395c0deb7b9346a7aa6d602b,98ef5354b857d3462626ae5dc1e9d83d48a1c61fe6a01feff64dd957861b2d3c
episode_008_repeat_01/handoff_023,M0_NATIVE,1854,0.8333333767950535,"[18.434785759297633, 31.750951346197102, 0.26638970865156386]",6,"[7, 8, 9, 9, 9]","[7, 8, 9, 9, 9]","[[18.54343279144578, 31.925212743747625, 0.09483049589096426], [18.64116527631135, 31.935723709086425, 0.14986942487655996], [18.688197815447285, 31.943157687293645, 0.1737816162675512], [18.688197815447285, 31.943157687293645, 0.1737816162675512], [18.688197815447285, 31.943157687293645, 0.1737816162675512]]","[[18.54343279144578, 31.925212743747625, 0.09483049589096426], [18.64116527631135, 31.935723709086425, 0.14986942487655996], [18.688197815447285, 31.943157687293645, 0.1737816162675512], [18.688197815447285, 31.943157687293645, 0.1737816162675512], [18.688197815447285, 31.943157687293645, 0.1737816162675512]]","[18.38134774036268, 31.91974766649089, 0.0067618318170201705]",7,8.4,7,9,"[1.1154259774657123, 1.2137220556700457, 1.2613384789876216, 1.2613384789876216, 1.2613384789876216]",0.9532488186114729,1.1154259774657123,1.2226326940197245,1.1154259774657123,1.2613384789876216,True,9b5c4fe575455d31eeba5942160c944121c14e3b5b85a0f80f33a2626095138b,928bf66b6e0dc45b1a4be2bd32bf678b6e50178acac709ded9c4effbb860c2d1
episode_008_repeat_01/handoff_023,HALF_TRANSPORT_LOCAL_SE2,1854,0.8333333767950535,"[18.434785759297633, 31.750951346197102, 0.26638970865156386]",6,"[7, 8, 9, 9, 9]","[7, 8, 9, 9, 9]","[[18.555483974828707, 31.919771044178056, 0.10368440078201369], [18.644604523858852, 31.934389207865905, 0.15243609167472852], [18.689272445619398, 31.942776286374738, 0.1745881103558795], [18.689272445619398, 31.942776286374738, 0.1745881103558795], [18.689272445619398, 31.942776286374738, 0.1745881103558795]]","[[18.555483974828707, 31.919771044178056, 0.10368440078201369], [18.644604523858852, 31.934389207865905, 0.15243609167472852], [18.689272445619398, 31.942776286374738, 0.1745881103558795], [18.689272445619398, 31.942776286374738, 0.1745881103558795], [18.689272445619398, 31.942776286374738, 0.1745881103558795]]","[18.415588326798378, 31.90076603312177, 0.031427465650768927]",7,8.4,7,9,"[1.1154259774657123, 1.2137220556700457, 1.2613384789876216, 1.2613384789876216, 1.2613384789876216]",0.9532488186114729,1.1154259774657123,1.2226326940197245,1.1154259774657123,1.2613384789876216,True,ed203f49d4f4ac3429365c99d7c4b49a6c628a486bbd68f82a20bce5958a2334,61f3d8b6dfe8b13782b7ec289be7fdf036a0b0620a059ea226918276366c8538
episode_008_repeat_01/handoff_023,FULL_LOCAL_SE2,1854,0.8333333767950535,"[18.434785759297633, 31.750951346197102, 0.26638970865156386]",5,"[6, 7, 8, 9, 9]","[6, 7, 8, 9, 9]","[[18.452037450128678, 31.886072073117095, 0.05613153710605667], [18.56825631636847, 31.91583685905575, 0.11255488914762825], [18.648245643773546, 31.933487357063814, 0.15500570579942563], [18.69041040427008, 31.9425308597279, 0.17539553476439584], [18.69041040427008, 31.9425308597279, 0.17539553476439584]]","[[18.452037450128678, 31.886072073117095, 0.05613153710605667], [18.56825631636847, 31.91583685905575, 0.11255488914762825], [18.648245643773546, 31.933487357063814, 0.15500570579942563], [18.69041040427008, 31.9425308597279, 0.17539553476439584], [18.69041040427008, 31.9425308597279, 0.17539553476439584]]","[18.356513677376874, 31.844045859906117, 0.009517727471164417]",6,7.8,6,9,"[0.9532488186114729, 1.1154259774657123, 1.2137220556700457, 1.2613384789876216, 1.2613384789876216]",0.7818642073294231,0.9532488186114729,1.1610147619444948,0.9532488186114729,1.2613384789876216,True,fd388a63b0fa8c1bf37dc6ec184b1f08a90d1805395c0deb7b9346a7aa6d602b,98ef5354b857d3462626ae5dc1e9d83d48a1c61fe6a01feff64dd957861b2d3c
episode_013_repeat_00/handoff_020,M0_NATIVE,1524,0.0,"[19.668567955248744, 8.99227202834442, -1.3595769416513406]",2,"[3, 4, 5, 6, 7]","[3, 4, 5, 6, 7]","[[19.477663716327225, 8.93119956979153, -1.9612921722301146], [19.409100015727887, 8.79222697663467, -2.0945940859683656], [19.323270879196297, 8.658734596986658, -2.2310262568362855], [19.21994416970937, 8.540337783293683, -2.3562155015834474], [19.108076724956195, 8.437222374894915, -2.4870991952785158]]","[[19.477663716327225, 8.93119956979153, -1.9612921722301146], [19.409100015727887, 8.79222697663467, -2.0945940859683656], [19.323270879196297, 8.658734596986658, -2.2310262568362855], [19.21994416970937, 8.540337783293683, -2.3562155015834474], [19.108076724956195, 8.437222374894915, -2.4870991952785158]]","[19.52727520683788, 9.076320463744977, -1.838077897585263]",3,5.0,3,7,"[0.45883511071820704, 0.6138007930114752, 0.7725044668878132, 0.9296483957748217, 1.0817901475882177]",0.30546831557487586,0.45883511071820704,0.7713157827961069,0.45883511071820704,1.0817901475882177,False,78a5d47e41728e0d82851e14507d60354e9afe85dd4557fd7782e970c58e4d36,f427885c0849dead91a18be7b8a12aa0da4394c7afc7f74eb0d784f916358dee
episode_013_repeat_00/handoff_020,HALF_TRANSPORT_LOCAL_SE2,1524,0.0,"[19.668567955248744, 8.99227202834442, -1.3595769416513406]",1,"[2, 3, 4, 5, 6]","[2, 3, 4, 5, 6]","[[19.566357837697154, 8.890984618639521, -1.8370663544456949], [19.51152186175081, 8.773515564913122, -1.9641327487904803], [19.434998276035696, 8.673208076034511, -2.1006885658182277], [19.339940829444018, 8.582521041481456, -2.237954087241893], [19.22855879326167, 8.500800012575233, -2.361350409222993]]","[[19.566357837697154, 8.890984618639521, -1.8370663544456949], [19.51152186175081, 8.773515564913122, -1.9641327487904803], [19.434998276035696, 8.673208076034511, -2.1006885658182277], [19.339940829444018, 8.582521041481456, -2.237954087241893], [19.22855879326167, 8.500800012575233, -2.361350409222993]]","[19.601740192631407, 9.026665493450597, -1.7276878367043078]",2,4.0,2,6,"[0.30546831557487586, 0.45883511071820704, 0.6138007930114752, 0.7725044668878132, 0.9296483957748217]",0.15092795415656723,0.30546831557487586,0.6160514163934386,0.30546831557487586,0.9296483957748217,False,b09ef294a8a25ebcb26865d4afeb3a12dced174bf756d9e8e31458a90120a564,5dea96ca37982a4d0733a00b34b100e591e84da65572c6aa3c05faa21ce3909e
episode_013_repeat_00/handoff_020,FULL_LOCAL_SE2,1524,0.0,"[19.668567955248744, 8.99227202834442, -1.3595769416513406]",0,"[1, 2, 3, 4, 5]","[1, 2, 3, 4, 5]","[[19.644371623260927, 8.826287138556538, -1.7238882378740212], [19.606536500607604, 8.705881306744624, -1.8360817986370719], [19.54631157526767, 8.616030155534705, -1.9670208995021905], [19.461597281404163, 8.554339487555104, -2.1068219305531066], [19.357058328964275, 8.506405980084491, -2.2448878861585033]]","[[19.644371623260927, 8.826287138556538, -1.7238882378740212], [19.606536500607604, 8.705881306744624, -1.8360817986370719], [19.54631157526767, 8.616030155534705, -1.9670208995021905], [19.461597281404163, 8.554339487555104, -2.1068219305531066], [19.357058328964275, 8.506405980084491, -2.2448878861585033]]","[19.6647521622555, 8.964921075474226, -1.6779508650554174]",1,3.0,1,5,"[0.15092795415656723, 0.30546831557487586, 0.45883511071820704, 0.6138007930114752, 0.7725044668878132]",0.0,0.15092795415656723,0.46030732806978775,0.15092795415656723,0.7725044668878132,False,e66214e4c888534914c80a1da5dc24934eff03e65f43f0ac50d10d0943a8d6a4,f811daac1a527e67bb3766d5795ad699315b0eaa281f0d68f938c4d654d59f65
episode_013_repeat_00/handoff_020,M0_NATIVE,1530,0.10000000521540642,"[19.680042344044157, 8.925176867134407, -1.4475496588114387]",2,"[3, 4, 5, 6, 7]","[3, 4, 5, 6, 7]","[[19.477663716327225, 8.93119956979153, -1.9612921722301146], [19.409100015727887, 8.79222697663467, -2.0945940859683656], [19.323270879196297, 8.658734596986658, -2.2310262568362855], [19.21994416970937, 8.540337783293683, -2.3562155015834474], [19.108076724956195, 8.437222374894915, -2.4870991952785158]]","[[19.477663716327225, 8.93119956979153, -1.9612921722301146], [19.409100015727887, 8.79222697663467, -2.0945940859683656], [19.323270879196297, 8.658734596986658, -2.2310262568362855], [19.21994416970937, 8.540337783293683, -2.3562155015834474], [19.108076724956195, 8.437222374894915, -2.4870991952785158]]","[19.52727520683788, 9.076320463744977, -1.838077897585263]",3,5.0,3,7,"[0.45883511071820704, 0.6138007930114752, 0.7725044668878132, 0.9296483957748217, 1.0817901475882177]",0.30546831557487586,0.45883511071820704,0.7713157827961069,0.45883511071820704,1.0817901475882177,False,78a5d47e41728e0d82851e14507d60354e9afe85dd4557fd7782e970c58e4d36,f427885c0849dead91a18be7b8a12aa0da4394c7afc7f74eb0d784f916358dee
episode_013_repeat_00/handoff_020,HALF_TRANSPORT_LOCAL_SE2,1530,0.10000000521540642,"[19.680042344044157, 8.925176867134407, -1.4475496588114387]",1,"[2, 3, 4, 5, 6]","[2, 3, 4, 5, 6]","[[19.566357837697154, 8.890984618639521, -1.8370663544456949], [19.51152186175081, 8.773515564913122, -1.9641327487904803], [19.434998276035696, 8.673208076034511, -2.1006885658182277], [19.339940829444018, 8.582521041481456, -2.237954087241893], [19.22855879326167, 8.500800012575233, -2.361350409222993]]","[[19.566357837697154, 8.890984618639521, -1.8370663544456949], [19.51152186175081, 8.773515564913122, -1.9641327487904803], [19.434998276035696, 8.673208076034511, -2.1006885658182277], [19.339940829444018, 8.582521041481456, -2.237954087241893], [19.22855879326167, 8.500800012575233, -2.361350409222993]]","[19.601740192631407, 9.026665493450597, -1.7276878367043078]",2,4.0,2,6,"[0.30546831557487586, 0.45883511071820704, 0.6138007930114752, 0.7725044668878132, 0.9296483957748217]",0.15092795415656723,0.30546831557487586,0.6160514163934386,0.30546831557487586,0.9296483957748217,False,b09ef294a8a25ebcb26865d4afeb3a12dced174bf756d9e8e31458a90120a564,5dea96ca37982a4d0733a00b34b100e591e84da65572c6aa3c05faa21ce3909e
episode_013_repeat_00/handoff_020,FULL_LOCAL_SE2,1530,0.10000000521540642,"[19.680042344044157, 8.925176867134407, -1.4475496588114387]",0,"[1, 2, 3, 4, 5]","[1, 2, 3, 4, 5]","[[19.644371623260927, 8.826287138556538, -1.7238882378740212], [19.606536500607604, 8.705881306744624, -1.8360817986370719], [19.54631157526767, 8.616030155534705, -1.9670208995021905], [19.461597281404163, 8.554339487555104, -2.1068219305531066], [19.357058328964275, 8.506405980084491, -2.2448878861585033]]","[[19.644371623260927, 8.826287138556538, -1.7238882378740212], [19.606536500607604, 8.705881306744624, -1.8360817986370719], [19.54631157526767, 8.616030155534705, -1.9670208995021905], [19.461597281404163, 8.554339487555104, -2.1068219305531066], [19.357058328964275, 8.506405980084491, -2.2448878861585033]]","[19.6647521622555, 8.964921075474226, -1.6779508650554174]",1,3.0,1,5,"[0.15092795415656723, 0.30546831557487586, 0.45883511071820704, 0.6138007930114752, 0.7725044668878132]",0.0,0.15092795415656723,0.46030732806978775,0.15092795415656723,0.7725044668878132,False,e66214e4c888534914c80a1da5dc24934eff03e65f43f0ac50d10d0943a8d6a4,f811daac1a527e67bb3766d5795ad699315b0eaa281f0d68f938c4d654d59f65
episode_013_repeat_00/handoff_020,M0_NATIVE,1536,0.20000001043081284,"[19.683703792146858, 8.863579567918839, -1.5855223794643347]",3,"[4, 5, 6, 7, 8]","[4, 5, 6, 7, 8]","[[19.409100015727887, 8.79222697663467, -2.0945940859683656], [19.323270879196297, 8.658734596986658, -2.2310262568362855], [19.21994416970937, 8.540337783293683, -2.3562155015834474], [19.108076724956195, 8.437222374894915, -2.4870991952785158], [19.01504735085889, 8.372056775572236, -2.6028548725017213]]","[[19.409100015727887, 8.79222697663467, -2.0945940859683656], [19.323270879196297, 8.658734596986658, -2.2310262568362855], [19.21994416970937, 8.540337783293683, -2.3562155015834474], [19.108076724956195, 8.437222374894915, -2.4870991952785158], [19.01504735085889, 8.372056775572236, -2.6028548725017213]]","[19.477663716327225, 8.93119956979153, -1.9612921722301146]",4,6.0,4,8,"[0.6138007930114752, 0.7725044668878132, 0.9296483957748217, 1.0817901475882177, 1.195372803746719]",0.45883511071820704,0.6138007930114752,0.9186233214018094,0.6138007930114752,1.195372803746719,False,78a5d47e41728e0d82851e14507d60354e9afe85dd4557fd7782e970c58e4d36,f427885c0849dead91a18be7b8a12aa0da4394c7afc7f74eb0d784f916358dee
episode_013_repeat_00/handoff_020,HALF_TRANSPORT_LOCAL_SE2,1536,0.20000001043081284,"[19.683703792146858, 8.863579567918839, -1.5855223794643347]",2,"[3, 4, 5, 6, 7]","[3, 4, 5, 6, 7]","[[19.51152186175081, 8.773515564913122, -1.9641327487904803], [19.434998276035696, 8.673208076034511, -2.1006885658182277], [19.339940829444018, 8.582521041481456, -2.237954087241893], [19.22855879326167, 8.500800012575233, -2.361350409222993], [19.11143932668956, 8.42152458955969, -2.4895337391573484]]","[[19.51152186175081, 8.773515564913122, -1.9641327487904803], [19.434998276035696, 8.673208076034511, -2.1006885658182277], [19.339940829444018, 8.582521041481456, -2.237954087241893], [19.22855879326167, 8.500800012575233, -2.361350409222993], [19.11143932668956, 8.42152458955969, -2.4895337391573484]]","[19.566357837697154, 8.890984618639521, -1.8370663544456949]",3,5.0,3,7,"[0.45883511071820704, 0.6138007930114752, 0.7725044668878132, 0.9296483957748217, 1.0817901475882177]",0.30546831557487586,0.45883511071820704,0.7713157827961069,0.45883511071820704,1.0817901475882177,False,b09ef294a8a25ebcb26865d4afeb3a12dced174bf756d9e8e31458a90120a564,5dea96ca37982a4d0733a00b34b100e591e84da65572c6aa3c05faa21ce3909e
episode_013_repeat_00/handoff_020,FULL_LOCAL_SE2,1536,0.20000001043081284,"[19.683703792146858, 8.863579567918839, -1.5855223794643347]",1,"[2, 3, 4, 5, 6]","[2, 3, 4, 5, 6]","[[19.606536500607604, 8.705881306744624, -1.8360817986370719], [19.54631157526767, 8.616030155534705, -1.9670208995021905], [19.461597281404163, 8.554339487555104, -2.1068219305531066], [19.357058328964275, 8.506405980084491, -2.2448878861585033], [19.23740715897848, 8.46131532966549, -2.3664759803984605]]","[[19.606536500607604, 8.705881306744624, -1.8360817986370719], [19.54631157526767, 8.616030155534705, -1.9670208995021905], [19.461597281404163, 8.554339487555104, -2.1068219305531066], [19.357058328964275, 8.506405980084491, -2.2448878861585033], [19.23740715897848, 8.46131532966549, -2.3664759803984605]]","[19.644371623260927, 8.826287138556538, -1.7238882378740212]",2,4.0,2,6,"[0.30546831557487586, 0.45883511071820704, 0.6138007930114752, 0.7725044668878132, 0.9296483957748217]",0.15092795415656723,0.30546831557487586,0.6160514163934386,0.30546831557487586,0.9296483957748217,False,e66214e4c888534914c80a1da5dc24934eff03e65f43f0ac50d10d0943a8d6a4,f811daac1a527e67bb3766d5795ad699315b0eaa281f0d68f938c4d654d59f65
episode_013_repeat_00/handoff_020,M0_NATIVE,1542,0.30000001564621925,"[19.675402928815032, 8.787477207532728, -1.7734951032631512]",3,"[4, 5, 6, 7, 8]","[4, 5, 6, 7, 8]","[[19.409100015727887, 8.79222697663467, -2.0945940859683656], [19.323270879196297, 8.658734596986658, -2.2310262568362855], [19.21994416970937, 8.540337783293683, -2.3562155015834474], [19.108076724956195, 8.437222374894915, -2.4870991952785158], [19.01504735085889, 8.372056775572236, -2.6028548725017213]]","[[19.409100015727887, 8.79222697663467, -2.0945940859683656], [19.323270879196297, 8.658734596986658, -2.2310262568362855], [19.21994416970937, 8.540337783293683, -2.3562155015834474], [19.108076724956195, 8.437222374894915, -2.4870991952785158], [19.01504735085889, 8.372056775572236, -2.6028548725017213]]","[19.477663716327225, 8.93119956979153, -1.9612921722301146]",4,6.0,4,8,"[0.6138007930114752, 0.7725044668878132, 0.9296483957748217, 1.0817901475882177, 1.195372803746719]",0.45883511071820704,0.6138007930114752,0.9186233214018094,0.6138007930114752,1.195372803746719,False,78a5d47e41728e0d82851e14507d60354e9afe85dd4557fd7782e970c58e4d36,f427885c0849dead91a18be7b8a12aa0da4394c7afc7f74eb0d784f916358dee
episode_013_repeat_00/handoff_020,HALF_TRANSPORT_LOCAL_SE2,1542,0.30000001564621925,"[19.675402928815032, 8.787477207532728, -1.7734951032631512]",2,"[3, 4, 5, 6, 7]","[3, 4, 5, 6, 7]","[[19.51152186175081, 8.773515564913122, -1.9641327487904803], [19.434998276035696, 8.673208076034511, -2.1006885658182277], [19.339940829444018, 8.582521041481456, -2.237954087241893], [19.22855879326167, 8.500800012575233, -2.361350409222993], [19.11143932668956, 8.42152458955969, -2.4895337391573484]]","[[19.51152186175081, 8.773515564913122, -1.9641327487904803], [19.434998276035696, 8.673208076034511, -2.1006885658182277], [19.339940829444018, 8.582521041481456, -2.237954087241893], [19.22855879326167, 8.500800012575233, -2.361350409222993], [19.11143932668956, 8.42152458955969, -2.4895337391573484]]","[19.566357837697154, 8.890984618639521, -1.8370663544456949]",3,5.0,3,7,"[0.45883511071820704, 0.6138007930114752, 0.7725044668878132, 0.9296483957748217, 1.0817901475882177]",0.30546831557487586,0.45883511071820704,0.7713157827961069,0.45883511071820704,1.0817901475882177,False,b09ef294a8a25ebcb26865d4afeb3a12dced174bf756d9e8e31458a90120a564,5dea96ca37982a4d0733a00b34b100e591e84da65572c6aa3c05faa21ce3909e
episode_013_repeat_00/handoff_020,FULL_LOCAL_SE2,1542,0.30000001564621925,"[19.675402928815032, 8.787477207532728, -1.7734951032631512]",1,"[2, 3, 4, 5, 6]","[2, 3, 4, 5, 6]","[[19.606536500607604, 8.705881306744624, -1.8360817986370719], [19.54631157526767, 8.616030155534705, -1.9670208995021905], [19.461597281404163, 8.554339487555104, -2.1068219305531066], [19.357058328964275, 8.506405980084491, -2.2448878861585033], [19.23740715897848, 8.46131532966549, -2.3664759803984605]]","[[19.606536500607604, 8.705881306744624, -1.8360817986370719], [19.54631157526767, 8.616030155534705, -1.9670208995021905], [19.461597281404163, 8.554339487555104, -2.1068219305531066], [19.357058328964275, 8.506405980084491, -2.2448878861585033], [19.23740715897848, 8.46131532966549, -2.3664759803984605]]","[19.644371623260927, 8.826287138556538, -1.7238882378740212]",2,4.0,2,6,"[0.30546831557487586, 0.45883511071820704, 0.6138007930114752, 0.7725044668878132, 0.9296483957748217]",0.15092795415656723,0.30546831557487586,0.6160514163934386,0.30546831557487586,0.9296483957748217,False,e66214e4c888534914c80a1da5dc24934eff03e65f43f0ac50d10d0943a8d6a4,f811daac1a527e67bb3766d5795ad699315b0eaa281f0d68f938c4d654d59f65
episode_013_repeat_00/handoff_020,M0_NATIVE,1548,0.40000002086162567,"[19.65093143589911, 8.711488904585368, -1.9954917056165704]",4,"[5, 6, 7, 8, 9]","[5, 6, 7, 8, 9]","[[19.323270879196297, 8.658734596986658, -2.2310262568362855], [19.21994416970937, 8.540337783293683, -2.3562155015834474], [19.108076724956195, 8.437222374894915, -2.4870991952785158], [19.01504735085889, 8.372056775572236, -2.6028548725017213], [18.938960248875233, 8.328016395013512, -2.6577127225764894]]","[[19.323270879196297, 8.658734596986658, -2.2310262568362855], [19.21994416970937, 8.540337783293683, -2.3562155015834474], [19.108076724956195, 8.437222374894915, -2.4870991952785158], [19.01504735085889, 8.372056775572236, -2.6028548725017213], [18.938960248875233, 8.328016395013512, -2.6577127225764894]]","[19.409100015727887, 8.79222697663467, -2.0945940859683656]",5,7.0,5,9,"[0.7725044668878132, 0.9296483957748217, 1.0817901475882177, 1.195372803746719, 1.2832864102478099]",0.6138007930114752,0.7725044668878132,1.0525204448490761,0.7725044668878132,1.2832864102478099,False,78a5d47e41728e0d82851e14507d60354e9afe85dd4557fd7782e970c58e4d36,f427885c0849dead91a18be7b8a12aa0da4394c7afc7f74eb0d784f916358dee
episode_013_repeat_00/handoff_020,HALF_TRANSPORT_LOCAL_SE2,1548,0.40000002086162567,"[19.65093143589911, 8.711488904585368, -1.9954917056165704]",3,"[4, 5, 6, 7, 8]","[4, 5, 6, 7, 8]","[[19.434998276035696, 8.673208076034511, -2.1006885658182277], [19.339940829444018, 8.582521041481456, -2.237954087241893], [19.22855879326167, 8.500800012575233, -2.361350409222993], [19.11143932668956, 8.42152458955969, -2.4895337391573484], [19.016081614000097, 8.367155503119227, -2.6037249064712293]]","[[19.434998276035696, 8.673208076034511, -2.1006885658182277], [19.339940829444018, 8.582521041481456, -2.237954087241893], [19.22855879326167, 8.500800012575233, -2.361350409222993], [19.11143932668956, 8.42152458955969, -2.4895337391573484], [19.016081614000097, 8.367155503119227, -2.6037249064712293]]","[19.51152186175081, 8.773515564913122, -1.9641327487904803]",4,6.0,4,8,"[0.6138007930114752, 0.7725044668878132, 0.9296483957748217, 1.0817901475882177, 1.195372803746719]",0.45883511071820704,0.6138007930114752,0.9186233214018094,0.6138007930114752,1.195372803746719,False,b09ef294a8a25ebcb26865d4afeb3a12dced174bf756d9e8e31458a90120a564,5dea96ca37982a4d0733a00b34b100e591e84da65572c6aa3c05faa21ce3909e
episode_013_repeat_00/handoff_020,FULL_LOCAL_SE2,1548,0.40000002086162567,"[19.65093143589911, 8.711488904585368, -1.9954917056165704]",2,"[3, 4, 5, 6, 7]","[3, 4, 5, 6, 7]","[[19.54631157526767, 8.616030155534705, -1.9670208995021905], [19.461597281404163, 8.554339487555104, -2.1068219305531066], [19.357058328964275, 8.506405980084491, -2.2448878861585033], [19.23740715897848, 8.46131532966549, -2.3664759803984605], [19.11489632832945, 8.405848516585564, -2.491960133189372]]","[[19.54631157526767, 8.616030155534705, -1.9670208995021905], [19.461597281404163, 8.554339487555104, -2.1068219305531066], [19.357058328964275, 8.506405980084491, -2.2448878861585033], [19.23740715897848, 8.46131532966549, -2.3664759803984605], [19.11489632832945, 8.405848516585564, -2.491960133189372]]","[19.606536500607604, 8.705881306744624, -1.8360817986370719]",3,5.0,3,7,"[0.45883511071820704, 0.6138007930114752, 0.7725044668878132, 0.9296483957748217, 1.0817901475882177]",0.30546831557487586,0.45883511071820704,0.7713157827961069,0.45883511071820704,1.0817901475882177,False,e66214e4c888534914c80a1da5dc24934eff03e65f43f0ac50d10d0943a8d6a4,f811daac1a527e67bb3766d5795ad699315b0eaa281f0d68f938c4d654d59f65
episode_013_repeat_00/handoff_020,M0_NATIVE,1554,0.5000000260770321,"[19.61063776671362, 8.642534674940539, -2.199998928571364]",4,"[5, 6, 7, 8, 9]","[5, 6, 7, 8, 9]","[[19.323270879196297, 8.658734596986658, -2.2310262568362855], [19.21994416970937, 8.540337783293683, -2.3562155015834474], [19.108076724956195, 8.437222374894915, -2.4870991952785158], [19.01504735085889, 8.372056775572236, -2.6028548725017213], [18.938960248875233, 8.328016395013512, -2.6577127225764894]]","[[19.323270879196297, 8.658734596986658, -2.2310262568362855], [19.21994416970937, 8.540337783293683, -2.3562155015834474], [19.108076724956195, 8.437222374894915, -2.4870991952785158], [19.01504735085889, 8.372056775572236, -2.6028548725017213], [18.938960248875233, 8.328016395013512, -2.6577127225764894]]","[19.409100015727887, 8.79222697663467, -2.0945940859683656]",5,7.0,5,9,"[0.7725044668878132, 0.9296483957748217, 1.0817901475882177, 1.195372803746719, 1.2832864102478099]",0.6138007930114752,0.7725044668878132,1.0525204448490761,0.7725044668878132,1.2832864102478099,False,78a5d47e41728e0d82851e14507d60354e9afe85dd4557fd7782e970c58e4d36,f427885c0849dead91a18be7b8a12aa0da4394c7afc7f74eb0d784f916358dee
episode_013_repeat_00/handoff_020,HALF_TRANSPORT_LOCAL_SE2,1554,0.5000000260770321,"[19.61063776671362, 8.642534674940539, -2.199998928571364]",3,"[4, 5, 6, 7, 8]","[4, 5, 6, 7, 8]","[[19.434998276035696, 8.673208076034511, -2.1006885658182277], [19.339940829444018, 8.582521041481456, -2.237954087241893], [19.22855879326167, 8.500800012575233, -2.361350409222993], [19.11143932668956, 8.42152458955969, -2.4895337391573484], [19.016081614000097, 8.367155503119227, -2.6037249064712293]]","[[19.434998276035696, 8.673208076034511, -2.1006885658182277], [19.339940829444018, 8.582521041481456, -2.237954087241893], [19.22855879326167, 8.500800012575233, -2.361350409222993], [19.11143932668956, 8.42152458955969, -2.4895337391573484], [19.016081614000097, 8.367155503119227, -2.6037249064712293]]","[19.51152186175081, 8.773515564913122, -1.9641327487904803]",4,6.0,4,8,"[0.6138007930114752, 0.7725044668878132, 0.9296483957748217, 1.0817901475882177, 1.195372803746719]",0.45883511071820704,0.6138007930114752,0.9186233214018094,0.6138007930114752,1.195372803746719,False,b09ef294a8a25ebcb26865d4afeb3a12dced174bf756d9e8e31458a90120a564,5dea96ca37982a4d0733a00b34b100e591e84da65572c6aa3c05faa21ce3909e
episode_013_repeat_00/handoff_020,FULL_LOCAL_SE2,1554,0.5000000260770321,"[19.61063776671362, 8.642534674940539, -2.199998928571364]",3,"[4, 5, 6, 7, 8]","[4, 5, 6, 7, 8]","[[19.461597281404163, 8.554339487555104, -2.1068219305531066], [19.357058328964275, 8.506405980084491, -2.2448878861585033], [19.23740715897848, 8.46131532966549, -2.3664759803984605], [19.11489632832945, 8.405848516585564, -2.491960133189372], [19.017145824894726, 8.362260979061467, -2.60459181711676]]","[[19.461597281404163, 8.554339487555104, -2.1068219305531066], [19.357058328964275, 8.506405980084491, -2.2448878861585033], [19.23740715897848, 8.46131532966549, -2.3664759803984605], [19.11489632832945, 8.405848516585564, -2.491960133189372], [19.017145824894726, 8.362260979061467, -2.60459181711676]]","[19.54631157526767, 8.616030155534705, -1.9670208995021905]",4,6.0,4,8,"[0.6138007930114752, 0.7725044668878132, 0.9296483957748217, 1.0817901475882177, 1.195372803746719]",0.45883511071820704,0.6138007930114752,0.9186233214018094,0.6138007930114752,1.195372803746719,False,e66214e4c888534914c80a1da5dc24934eff03e65f43f0ac50d10d0943a8d6a4,f811daac1a527e67bb3766d5795ad699315b0eaa281f0d68f938c4d654d59f65
episode_013_repeat_00/handoff_020,M0_NATIVE,1560,0.6000000312924385,"[19.558429780676544, 8.582022578637485, -2.3583798769407758]",5,"[6, 7, 8, 9, 9]","[6, 7, 8, 9, 9]","[[19.21994416970937, 8.540337783293683, -2.3562155015834474], [19.108076724956195, 8.437222374894915, -2.4870991952785158], [19.01504735085889, 8.372056775572236, -2.6028548725017213], [18.938960248875233, 8.328016395013512, -2.6577127225764894], [18.938960248875233, 8.328016395013512, -2.6577127225764894]]","[[19.21994416970937, 8.540337783293683, -2.3562155015834474], [19.108076724956195, 8.437222374894915, -2.4870991952785158], [19.01504735085889, 8.372056775572236, -2.6028548725017213], [18.938960248875233, 8.328016395013512, -2.6577127225764894], [18.938960248875233, 8.328016395013512, -2.6577127225764894]]","[19.323270879196297, 8.658734596986658, -2.2310262568362855]",6,7.8,6,9,"[0.9296483957748217, 1.0817901475882177, 1.195372803746719, 1.2832864102478099, 1.2832864102478099]",0.7725044668878132,0.9296483957748217,1.1546768335210758,0.9296483957748217,1.2832864102478099,True,78a5d47e41728e0d82851e14507d60354e9afe85dd4557fd7782e970c58e4d36,f427885c0849dead91a18be7b8a12aa0da4394c7afc7f74eb0d784f916358dee
episode_013_repeat_00/handoff_020,HALF_TRANSPORT_LOCAL_SE2,1560,0.6000000312924385,"[19.558429780676544, 8.582022578637485, -2.3583798769407758]",4,"[5, 6, 7, 8, 9]","[5, 6, 7, 8, 9]","[[19.339940829444018, 8.582521041481456, -2.237954087241893], [19.22855879326167, 8.500800012575233, -2.361350409222993], [19.11143932668956, 8.42152458955969, -2.4895337391573484], [19.016081614000097, 8.367155503119227, -2.6037249064712293], [18.939260957663112, 8.326556575432388, -2.657975407109836]]","[[19.339940829444018, 8.582521041481456, -2.237954087241893], [19.22855879326167, 8.500800012575233, -2.361350409222993], [19.11143932668956, 8.42152458955969, -2.4895337391573484], [19.016081614000097, 8.367155503119227, -2.6037249064712293], [18.939260957663112, 8.326556575432388, -2.657975407109836]]","[19.434998276035696, 8.673208076034511, -2.1006885658182277]",5,7.0,5,9,"[0.7725044668878132, 0.9296483957748217, 1.0817901475882177, 1.195372803746719, 1.2832864102478099]",0.6138007930114752,0.7725044668878132,1.0525204448490761,0.7725044668878132,1.2832864102478099,False,b09ef294a8a25ebcb26865d4afeb3a12dced174bf756d9e8e31458a90120a564,5dea96ca37982a4d0733a00b34b100e591e84da65572c6aa3c05faa21ce3909e
episode_013_repeat_00/handoff_020,FULL_LOCAL_SE2,1560,0.6000000312924385,"[19.558429780676544, 8.582022578637485, -2.3583798769407758]",4,"[5, 6, 7, 8, 9]","[5, 6, 7, 8, 9]","[[19.357058328964275, 8.506405980084491, -2.2448878861585033], [19.23740715897848, 8.46131532966549, -2.3664759803984605], [19.11489632832945, 8.405848516585564, -2.491960133189372], [19.017145824894726, 8.362260979061467, -2.60459181711676], [18.939570767233512, 8.325098731428152, -2.658237151318515]]","[[19.357058328964275, 8.506405980084491, -2.2448878861585033], [19.23740715897848, 8.46131532966549, -2.3664759803984605], [19.11489632832945, 8.405848516585564, -2.491960133189372], [19.017145824894726, 8.362260979061467, -2.60459181711676], [18.939570767233512, 8.325098731428152, -2.658237151318515]]","[19.461597281404163, 8.554339487555104, -2.1068219305531066]",5,7.0,5,9,"[0.7725044668878132, 0.9296483957748217, 1.0817901475882177, 1.195372803746719, 1.2832864102478099]",0.6138007930114752,0.7725044668878132,1.0525204448490761,0.7725044668878132,1.2832864102478099,False,e66214e4c888534914c80a1da5dc24934eff03e65f43f0ac50d10d0943a8d6a4,f811daac1a527e67bb3766d5795ad699315b0eaa281f0d68f938c4d654d59f65
episode_013_repeat_00/handoff_020,M0_NATIVE,1566,0.7000000365078449,"[19.498310837077373, 8.529314408416706, -2.4805338546095648]",5,"[6, 7, 8, 9, 9]","[6, 7, 8, 9, 9]","[[19.21994416970937, 8.540337783293683, -2.3562155015834474], [19.108076724956195, 8.437222374894915, -2.4870991952785158], [19.01504735085889, 8.372056775572236, -2.6028548725017213], [18.938960248875233, 8.328016395013512, -2.6577127225764894], [18.938960248875233, 8.328016395013512, -2.6577127225764894]]","[[19.21994416970937, 8.540337783293683, -2.3562155015834474], [19.108076724956195, 8.437222374894915, -2.4870991952785158], [19.01504735085889, 8.372056775572236, -2.6028548725017213], [18.938960248875233, 8.328016395013512, -2.6577127225764894], [18.938960248875233, 8.328016395013512, -2.6577127225764894]]","[19.323270879196297, 8.658734596986658, -2.2310262568362855]",6,7.8,6,9,"[0.9296483957748217, 1.0817901475882177, 1.195372803746719, 1.2832864102478099, 1.2832864102478099]",0.7725044668878132,0.9296483957748217,1.1546768335210758,0.9296483957748217,1.2832864102478099,True,78a5d47e41728e0d82851e14507d60354e9afe85dd4557fd7782e970c58e4d36,f427885c0849dead91a18be7b8a12aa0da4394c7afc7f74eb0d784f916358dee
episode_013_repeat_00/handoff_020,HALF_TRANSPORT_LOCAL_SE2,1566,0.7000000365078449,"[19.498310837077373, 8.529314408416706, -2.4805338546095648]",5,"[6, 7, 8, 9, 9]","[6, 7, 8, 9, 9]","[[19.22855879326167, 8.500800012575233, -2.361350409222993], [19.11143932668956, 8.42152458955969, -2.4895337391573484], [19.016081614000097, 8.367155503119227, -2.6037249064712293], [18.939260957663112, 8.326556575432388, -2.657975407109836], [18.939260957663112, 8.326556575432388, -2.657975407109836]]","[[19.22855879326167, 8.500800012575233, -2.361350409222993], [19.11143932668956, 8.42152458955969, -2.4895337391573484], [19.016081614000097, 8.367155503119227, -2.6037249064712293], [18.939260957663112, 8.326556575432388, -2.657975407109836], [18.939260957663112, 8.326556575432388, -2.657975407109836]]","[19.339940829444018, 8.582521041481456, -2.237954087241893]",6,7.8,6,9,"[0.9296483957748217, 1.0817901475882177, 1.195372803746719, 1.2832864102478099, 1.2832864102478099]",0.7725044668878132,0.9296483957748217,1.1546768335210758,0.9296483957748217,1.2832864102478099,True,b09ef294a8a25ebcb26865d4afeb3a12dced174bf756d9e8e31458a90120a564,5dea96ca37982a4d0733a00b34b100e591e84da65572c6aa3c05faa21ce3909e
episode_013_repeat_00/handoff_020,FULL_LOCAL_SE2,1566,0.7000000365078449,"[19.498310837077373, 8.529314408416706, -2.4805338546095648]",4,"[5, 6, 7, 8, 9]","[5, 6, 7, 8, 9]","[[19.357058328964275, 8.506405980084491, -2.2448878861585033], [19.23740715897848, 8.46131532966549, -2.3664759803984605], [19.11489632832945, 8.405848516585564, -2.491960133189372], [19.017145824894726, 8.362260979061467, -2.60459181711676], [18.939570767233512, 8.325098731428152, -2.658237151318515]]","[[19.357058328964275, 8.506405980084491, -2.2448878861585033], [19.23740715897848, 8.46131532966549, -2.3664759803984605], [19.11489632832945, 8.405848516585564, -2.491960133189372], [19.017145824894726, 8.362260979061467, -2.60459181711676], [18.939570767233512, 8.325098731428152, -2.658237151318515]]","[19.461597281404163, 8.554339487555104, -2.1068219305531066]",5,7.0,5,9,"[0.7725044668878132, 0.9296483957748217, 1.0817901475882177, 1.195372803746719, 1.2832864102478099]",0.6138007930114752,0.7725044668878132,1.0525204448490761,0.7725044668878132,1.2832864102478099,False,e66214e4c888534914c80a1da5dc24934eff03e65f43f0ac50d10d0943a8d6a4,f811daac1a527e67bb3766d5795ad699315b0eaa281f0d68f938c4d654d59f65
episode_013_repeat_00/handoff_020,M0_NATIVE,1572,0.8000000417232513,"[19.433128516440267, 8.482965712726042, -2.560291451005111]",6,"[7, 8, 9, 9, 9]","[7, 8, 9, 9, 9]","[[19.108076724956195, 8.437222374894915, -2.4870991952785158], [19.01504735085889, 8.372056775572236, -2.6028548725017213], [18.938960248875233, 8.328016395013512, -2.6577127225764894], [18.938960248875233, 8.328016395013512, -2.6577127225764894], [18.938960248875233, 8.328016395013512, -2.6577127225764894]]","[[19.108076724956195, 8.437222374894915, -2.4870991952785158], [19.01504735085889, 8.372056775572236, -2.6028548725017213], [18.938960248875233, 8.328016395013512, -2.6577127225764894], [18.938960248875233, 8.328016395013512, -2.6577127225764894], [18.938960248875233, 8.328016395013512, -2.6577127225764894]]","[19.21994416970937, 8.540337783293683, -2.3562155015834474]",7,8.4,7,9,"[1.0817901475882177, 1.195372803746719, 1.2832864102478099, 1.2832864102478099, 1.2832864102478099]",0.9296483957748217,1.0817901475882177,1.2254044364156733,1.0817901475882177,1.2832864102478099,True,78a5d47e41728e0d82851e14507d60354e9afe85dd4557fd7782e970c58e4d36,f427885c0849dead91a18be7b8a12aa0da4394c7afc7f74eb0d784f916358dee
episode_013_repeat_00/handoff_020,HALF_TRANSPORT_LOCAL_SE2,1572,0.8000000417232513,"[19.433128516440267, 8.482965712726042, -2.560291451005111]",5,"[6, 7, 8, 9, 9]","[6, 7, 8, 9, 9]","[[19.22855879326167, 8.500800012575233, -2.361350409222993], [19.11143932668956, 8.42152458955969, -2.4895337391573484], [19.016081614000097, 8.367155503119227, -2.6037249064712293], [18.939260957663112, 8.326556575432388, -2.657975407109836], [18.939260957663112, 8.326556575432388, -2.657975407109836]]","[[19.22855879326167, 8.500800012575233, -2.361350409222993], [19.11143932668956, 8.42152458955969, -2.4895337391573484], [19.016081614000097, 8.367155503119227, -2.6037249064712293], [18.939260957663112, 8.326556575432388, -2.657975407109836], [18.939260957663112, 8.326556575432388, -2.657975407109836]]","[19.339940829444018, 8.582521041481456, -2.237954087241893]",6,7.8,6,9,"[0.9296483957748217, 1.0817901475882177, 1.195372803746719, 1.2832864102478099, 1.2832864102478099]",0.7725044668878132,0.9296483957748217,1.1546768335210758,0.9296483957748217,1.2832864102478099,True,b09ef294a8a25ebcb26865d4afeb3a12dced174bf756d9e8e31458a90120a564,5dea96ca37982a4d0733a00b34b100e591e84da65572c6aa3c05faa21ce3909e
episode_013_repeat_00/handoff_020,FULL_LOCAL_SE2,1572,0.8000000417232513,"[19.433128516440267, 8.482965712726042, -2.560291451005111]",5,"[6, 7, 8, 9, 9]","[6, 7, 8, 9, 9]","[[19.23740715897848, 8.46131532966549, -2.3664759803984605], [19.11489632832945, 8.405848516585564, -2.491960133189372], [19.017145824894726, 8.362260979061467, -2.60459181711676], [18.939570767233512, 8.325098731428152, -2.658237151318515], [18.939570767233512, 8.325098731428152, -2.658237151318515]]","[[19.23740715897848, 8.46131532966549, -2.3664759803984605], [19.11489632832945, 8.405848516585564, -2.491960133189372], [19.017145824894726, 8.362260979061467, -2.60459181711676], [18.939570767233512, 8.325098731428152, -2.658237151318515], [18.939570767233512, 8.325098731428152, -2.658237151318515]]","[19.357058328964275, 8.506405980084491, -2.2448878861585033]",6,7.8,6,9,"[0.9296483957748217, 1.0817901475882177, 1.195372803746719, 1.2832864102478099, 1.2832864102478099]",0.7725044668878132,0.9296483957748217,1.1546768335210758,0.9296483957748217,1.2832864102478099,True,e66214e4c888534914c80a1da5dc24934eff03e65f43f0ac50d10d0943a8d6a4,f811daac1a527e67bb3766d5795ad699315b0eaa281f0d68f938c4d654d59f65
episode_013_repeat_00/handoff_020,M0_NATIVE,1578,0.9000000469386578,"[19.364920220451996, 8.44118434889822, -2.6218945094703314]",6,"[7, 8, 9, 9, 9]","[7, 8, 9, 9, 9]","[[19.108076724956195, 8.437222374894915, -2.4870991952785158], [19.01504735085889, 8.372056775572236, -2.6028548725017213], [18.938960248875233, 8.328016395013512, -2.6577127225764894], [18.938960248875233, 8.328016395013512, -2.6577127225764894], [18.938960248875233, 8.328016395013512, -2.6577127225764894]]","[[19.108076724956195, 8.437222374894915, -2.4870991952785158], [19.01504735085889, 8.372056775572236, -2.6028548725017213], [18.938960248875233, 8.328016395013512, -2.6577127225764894], [18.938960248875233, 8.328016395013512, -2.6577127225764894], [18.938960248875233, 8.328016395013512, -2.6577127225764894]]","[19.21994416970937, 8.540337783293683, -2.3562155015834474]",7,8.4,7,9,"[1.0817901475882177, 1.195372803746719, 1.2832864102478099, 1.2832864102478099, 1.2832864102478099]",0.9296483957748217,1.0817901475882177,1.2254044364156733,1.0817901475882177,1.2832864102478099,True,78a5d47e41728e0d82851e14507d60354e9afe85dd4557fd7782e970c58e4d36,f427885c0849dead91a18be7b8a12aa0da4394c7afc7f74eb0d784f916358dee
episode_013_repeat_00/handoff_020,HALF_TRANSPORT_LOCAL_SE2,1578,0.9000000469386578,"[19.364920220451996, 8.44118434889822, -2.6218945094703314]",6,"[7, 8, 9, 9, 9]","[7, 8, 9, 9, 9]","[[19.11143932668956, 8.42152458955969, -2.4895337391573484], [19.016081614000097, 8.367155503119227, -2.6037249064712293], [18.939260957663112, 8.326556575432388, -2.657975407109836], [18.939260957663112, 8.326556575432388, -2.657975407109836], [18.939260957663112, 8.326556575432388, -2.657975407109836]]","[[19.11143932668956, 8.42152458955969, -2.4895337391573484], [19.016081614000097, 8.367155503119227, -2.6037249064712293], [18.939260957663112, 8.326556575432388, -2.657975407109836], [18.939260957663112, 8.326556575432388, -2.657975407109836], [18.939260957663112, 8.326556575432388, -2.657975407109836]]","[19.22855879326167, 8.500800012575233, -2.361350409222993]",7,8.4,7,9,"[1.0817901475882177, 1.195372803746719, 1.2832864102478099, 1.2832864102478099, 1.2832864102478099]",0.9296483957748217,1.0817901475882177,1.2254044364156733,1.0817901475882177,1.2832864102478099,True,b09ef294a8a25ebcb26865d4afeb3a12dced174bf756d9e8e31458a90120a564,5dea96ca37982a4d0733a00b34b100e591e84da65572c6aa3c05faa21ce3909e
episode_013_repeat_00/handoff_020,FULL_LOCAL_SE2,1578,0.9000000469386578,"[19.364920220451996, 8.44118434889822, -2.6218945094703314]",5,"[6, 7, 8, 9, 9]","[6, 7, 8, 9, 9]","[[19.23740715897848, 8.46131532966549, -2.3664759803984605], [19.11489632832945, 8.405848516585564, -2.491960133189372], [19.017145824894726, 8.362260979061467, -2.60459181711676], [18.939570767233512, 8.325098731428152, -2.658237151318515], [18.939570767233512, 8.325098731428152, -2.658237151318515]]","[[19.23740715897848, 8.46131532966549, -2.3664759803984605], [19.11489632832945, 8.405848516585564, -2.491960133189372], [19.017145824894726, 8.362260979061467, -2.60459181711676], [18.939570767233512, 8.325098731428152, -2.658237151318515], [18.939570767233512, 8.325098731428152, -2.658237151318515]]","[19.357058328964275, 8.506405980084491, -2.2448878861585033]",6,7.8,6,9,"[0.9296483957748217, 1.0817901475882177, 1.195372803746719, 1.2832864102478099, 1.2832864102478099]",0.7725044668878132,0.9296483957748217,1.1546768335210758,0.9296483957748217,1.2832864102478099,True,e66214e4c888534914c80a1da5dc24934eff03e65f43f0ac50d10d0943a8d6a4,f811daac1a527e67bb3766d5795ad699315b0eaa281f0d68f938c4d654d59f65
