source_id,method,submit_tick,input_pose,application_tick,withheld,nearest_reference_row,nearest_original_arc_m,selected_reference_rows,selected_original_identities,selected_fractional_original_rows,selected_original_arcs_m,first_selected_original_arc_m,endpoint_repeated,below_entry
OSA03_R00,M0_NATIVE,96,"[19.204616420161308, 24.090013606205353, -1.5356427948050633]",99,False,2,0.3012516776926266,"[3, 4, 5, 6, 7]","[3, 4, 5, 6, 7]","[3.0, 4.0, 5.0, 6.0, 7.0]","[0.45186153279004126, 0.6026315351330607, 0.7530121394378568, 0.9029335112861909, 1.052918159958627]",0.45186153279004126,False,False
OSA03_R00,M0_NATIVE,102,"[19.20992345671464, 24.01020913693929, -1.460642945723111]",103,False,2,0.3012516776926266,"[3, 4, 5, 6, 7]","[3, 4, 5, 6, 7]","[3.0, 4.0, 5.0, 6.0, 7.0]","[0.45186153279004126, 0.6026315351330607, 0.7530121394378568, 0.9029335112861909, 1.052918159958627]",0.45186153279004126,False,False
OSA03_R00,M0_NATIVE,108,"[19.22403747161974, 23.93153656020097, -1.3189764257084755]",109,False,3,0.45186153279004126,"[4, 5, 6, 7, 8]","[4, 5, 6, 7, 8]","[4.0, 5.0, 6.0, 7.0, 8.0]","[0.6026315351330607, 0.7530121394378568, 0.9029335112861909, 1.052918159958627, 1.202671790790959]",0.6026315351330607,False,False
OSA03_R00,M0_NATIVE,114,"[19.249821558071034, 23.855889585443308, -1.1649486384983654]",115,False,3,0.45186153279004126,"[4, 5, 6, 7, 8]","[4, 5, 6, 7, 8]","[4.0, 5.0, 6.0, 7.0, 8.0]","[0.6026315351330607, 0.7530121394378568, 0.9029335112861909, 1.052918159958627, 1.202671790790959]",0.6026315351330607,False,False
OSA03_R00,M0_NATIVE,120,"[19.28603756070565, 23.784610177540166, -1.0417235445108908]",121,False,4,0.6026315351330607,"[5, 6, 7, 8, 9]","[5, 6, 7, 8, 9]","[5.0, 6.0, 7.0, 8.0, 9.0]","[0.7530121394378568, 0.9029335112861909, 1.052918159958627, 1.202671790790959, 1.3532455201158953]",0.7530121394378568,False,False
OSA03_R00,M0_NATIVE,126,"[19.329406254569047, 23.71740999701059, -0.9594142830582175]",127,False,4,0.6026315351330607,"[5, 6, 7, 8, 9]","[5, 6, 7, 8, 9]","[5.0, 6.0, 7.0, 8.0, 9.0]","[0.7530121394378568, 0.9029335112861909, 1.052918159958627, 1.202671790790959, 1.3532455201158953]",0.7530121394378568,False,False
OSA03_R00,M0_NATIVE,132,"[19.377067674003943, 23.653166513771065, -0.9099165851435078]",133,False,5,0.7530121394378568,"[6, 7, 8, 9, 9]","[6, 7, 8, 9, 9]","[6.0, 7.0, 8.0, 9.0, 9.0]","[0.9029335112861909, 1.052918159958627, 1.202671790790959, 1.3532455201158953, 1.3532455201158953]",0.9029335112861909,True,False
OSA03_R00,M0_NATIVE,138,"[19.4270399332937, 23.59069643771388, -0.8856026189246071]",139,False,5,0.7530121394378568,"[6, 7, 8, 9, 9]","[6, 7, 8, 9, 9]","[6.0, 7.0, 8.0, 9.0, 9.0]","[0.9029335112861909, 1.052918159958627, 1.202671790790959, 1.3532455201158953, 1.3532455201158953]",0.9029335112861909,True,False
OSA03_R00,M0_NATIVE,144,"[19.478093939128442, 23.529105729613057, -0.8730173904333514]",145,False,6,0.9029335112861909,"[7, 8, 9, 9, 9]","[7, 8, 9, 9, 9]","[7.0, 8.0, 9.0, 9.0, 9.0]","[1.052918159958627, 1.202671790790959, 1.3532455201158953, 1.3532455201158953, 1.3532455201158953]",1.052918159958627,True,False
OSA03_R00,M0_NATIVE,150,"[19.529652747503604, 23.46793642233067, -0.8690547121607484]",151,False,6,0.9029335112861909,"[7, 8, 9, 9, 9]","[7, 8, 9, 9, 9]","[7.0, 8.0, 9.0, 9.0, 9.0]","[1.052918159958627, 1.202671790790959, 1.3532455201158953, 1.3532455201158953, 1.3532455201158953]",1.052918159958627,True,False
OSA03_R00,M0_NATIVE,156,"[19.581324518396958, 23.4068624617858, -0.8684692987718541]",157,False,7,1.052918159958627,"[8, 9, 9, 9, 9]","[8, 9, 9, 9, 9]","[8.0, 9.0, 9.0, 9.0, 9.0]","[1.202671790790959, 1.3532455201158953, 1.3532455201158953, 1.3532455201158953, 1.3532455201158953]",1.202671790790959,True,False
OSA03_R00,M0_NATIVE,162,"[19.632921883257563, 23.3457256857478, -0.8717393046816908]",163,False,7,1.052918159958627,"[8, 9, 9, 9, 9]","[8, 9, 9, 9, 9]","[8.0, 9.0, 9.0, 9.0, 9.0]","[1.202671790790959, 1.3532455201158953, 1.3532455201158953, 1.3532455201158953, 1.3532455201158953]",1.202671790790959,True,False
OSA03_R00,M0_NATIVE,168,"[19.68418500736569, 23.284308605444366, -0.8794167835949374]",169,False,8,1.202671790790959,"[9, 9, 9, 9, 9]","[9, 9, 9, 9, 9]","[9.0, 9.0, 9.0, 9.0, 9.0]","[1.3532455201158953, 1.3532455201158953, 1.3532455201158953, 1.3532455201158953, 1.3532455201158953]",1.3532455201158953,True,False
OSA03_R00,M0_NATIVE,174,"[19.73474019523834, 23.22230840917521, -0.895292141856888]",175,False,8,1.202671790790959,"[9, 9, 9, 9, 9]","[9, 9, 9, 9, 9]","[9.0, 9.0, 9.0, 9.0, 9.0]","[1.3532455201158953, 1.3532455201158953, 1.3532455201158953, 1.3532455201158953, 1.3532455201158953]",1.3532455201158953,True,False
OSA03_R00,M0_NATIVE,180,"[19.773825620094634, 23.17247616773463, -0.9179350385563048]",181,False,9,1.3532455201158953,"[9, 9, 9, 9, 9]","[9, 9, 9, 9, 9]","[9.0, 9.0, 9.0, 9.0, 9.0]","[1.3532455201158953, 1.3532455201158953, 1.3532455201158953, 1.3532455201158953, 1.3532455201158953]",1.3532455201158953,True,False
OSA03_R00,M0_NATIVE,186,"[19.79973008705532, 23.137739755526116, -0.9442335788108966]",187,False,9,1.3532455201158953,"[9, 9, 9, 9, 9]","[9, 9, 9, 9, 9]","[9.0, 9.0, 9.0, 9.0, 9.0]","[1.3532455201158953, 1.3532455201158953, 1.3532455201158953, 1.3532455201158953, 1.3532455201158953]",1.3532455201158953,True,False
OSA03_R00,M0_NATIVE,192,"[19.813192689506373, 23.118682768192695, -0.9702550479632652]",193,False,9,1.3532455201158953,"[9, 9, 9, 9, 9]","[9, 9, 9, 9, 9]","[9.0, 9.0, 9.0, 9.0, 9.0]","[1.3532455201158953, 1.3532455201158953, 1.3532455201158953, 1.3532455201158953, 1.3532455201158953]",1.3532455201158953,True,False
OSA03_R00,M0_NATIVE,198,"[19.815070389014316, 23.115928614869176, -0.9906802651318989]",199,False,9,1.3532455201158953,"[9, 9, 9, 9, 9]","[9, 9, 9, 9, 9]","[9.0, 9.0, 9.0, 9.0, 9.0]","[1.3532455201158953, 1.3532455201158953, 1.3532455201158953, 1.3532455201158953, 1.3532455201158953]",1.3532455201158953,True,False
OSA03_R00,M0_NATIVE,204,"[19.815070389482862, 23.115928614147972, -1.005750551654367]",205,False,9,1.3532455201158953,"[9, 9, 9, 9, 9]","[9, 9, 9, 9, 9]","[9.0, 9.0, 9.0, 9.0, 9.0]","[1.3532455201158953, 1.3532455201158953, 1.3532455201158953, 1.3532455201158953, 1.3532455201158953]",1.3532455201158953,True,False
OSA03_R00,M0_NATIVE,210,"[19.81507038960985, 23.115928613945233, -1.0168185974859814]",211,False,9,1.3532455201158953,"[9, 9, 9, 9, 9]","[9, 9, 9, 9, 9]","[9.0, 9.0, 9.0, 9.0, 9.0]","[1.3532455201158953, 1.3532455201158953, 1.3532455201158953, 1.3532455201158953, 1.3532455201158953]",1.3532455201158953,True,False
OSA03_R00,M0_NATIVE,216,"[19.815070389698466, 23.11592861380067, -1.024944382993378]",217,False,9,1.3532455201158953,"[9, 9, 9, 9, 9]","[9, 9, 9, 9, 9]","[9.0, 9.0, 9.0, 9.0, 9.0]","[1.3532455201158953, 1.3532455201158953, 1.3532455201158953, 1.3532455201158953, 1.3532455201158953]",1.3532455201158953,True,False
OSA03_R00,M0_NATIVE,222,"[19.81507038976274, 23.11592861369414, -1.0309098952419262]",223,False,9,1.3532455201158953,"[9, 9, 9, 9, 9]","[9, 9, 9, 9, 9]","[9.0, 9.0, 9.0, 9.0, 9.0]","[1.3532455201158953, 1.3532455201158953, 1.3532455201158953, 1.3532455201158953, 1.3532455201158953]",1.3532455201158953,True,False
OSA03_R00,M0_NATIVE,228,"[19.815070389810757, 23.115928613613615, -1.0352894423007166]",229,False,9,1.3532455201158953,"[9, 9, 9, 9, 9]","[9, 9, 9, 9, 9]","[9.0, 9.0, 9.0, 9.0, 9.0]","[1.3532455201158953, 1.3532455201158953, 1.3532455201158953, 1.3532455201158953, 1.3532455201158953]",1.3532455201158953,True,False
OSA03_R00,M0_NATIVE,234,"[19.815070389847588, 23.115928613551308, -1.0385046614547186]",235,False,9,1.3532455201158953,"[9, 9, 9, 9, 9]","[9, 9, 9, 9, 9]","[9.0, 9.0, 9.0, 9.0, 9.0]","[1.3532455201158953, 1.3532455201158953, 1.3532455201158953, 1.3532455201158953, 1.3532455201158953]",1.3532455201158953,True,False
OSA03_R00,M0_NATIVE,240,"[19.815070389876585, 23.11592861350194, -1.0408650959778525]",241,False,9,1.3532455201158953,"[9, 9, 9, 9, 9]","[9, 9, 9, 9, 9]","[9.0, 9.0, 9.0, 9.0, 9.0]","[1.3532455201158953, 1.3532455201158953, 1.3532455201158953, 1.3532455201158953, 1.3532455201158953]",1.3532455201158953,True,False
OSA03_R00,M0_NATIVE,246,"[19.815070389900022, 23.11592861346185, -1.0425979953122102]",247,False,9,1.3532455201158953,"[9, 9, 9, 9, 9]","[9, 9, 9, 9, 9]","[9.0, 9.0, 9.0, 9.0, 9.0]","[1.3532455201158953, 1.3532455201158953, 1.3532455201158953, 1.3532455201158953, 1.3532455201158953]",1.3532455201158953,True,False
OSA03_R00,M0_NATIVE,252,"[19.81507038991948, 23.115928613428455, -1.0438701933219865]",253,False,9,1.3532455201158953,"[9, 9, 9, 9, 9]","[9, 9, 9, 9, 9]","[9.0, 9.0, 9.0, 9.0, 9.0]","[1.3532455201158953, 1.3532455201158953, 1.3532455201158953, 1.3532455201158953, 1.3532455201158953]",1.3532455201158953,True,False
OSA03_R00,M0_NATIVE,258,"[19.815070389936068, 23.115928613399912, -1.044804170122533]",259,False,9,1.3532455201158953,"[9, 9, 9, 9, 9]","[9, 9, 9, 9, 9]","[9.0, 9.0, 9.0, 9.0, 9.0]","[1.3532455201158953, 1.3532455201158953, 1.3532455201158953, 1.3532455201158953, 1.3532455201158953]",1.3532455201158953,True,False
OSA03_R00,M0_NATIVE,264,"[19.81507038995058, 23.115928613374898, -1.0454898437812075]",265,False,9,1.3532455201158953,"[9, 9, 9, 9, 9]","[9, 9, 9, 9, 9]","[9.0, 9.0, 9.0, 9.0, 9.0]","[1.3532455201158953, 1.3532455201158953, 1.3532455201158953, 1.3532455201158953, 1.3532455201158953]",1.3532455201158953,True,False
OSA03_R00,M0_NATIVE,270,"[19.815070389963584, 23.11592861335245, -1.0459932271263939]",271,False,9,1.3532455201158953,"[9, 9, 9, 9, 9]","[9, 9, 9, 9, 9]","[9.0, 9.0, 9.0, 9.0, 9.0]","[1.3532455201158953, 1.3532455201158953, 1.3532455201158953, 1.3532455201158953, 1.3532455201158953]",1.3532455201158953,True,False
OSA03_R00,FULL_LOCAL_SE2,96,"[19.204616420161308, 24.090013606205353, -1.5356427948050633]",99,False,0,0.0,"[1, 2, 3, 4, 5]","[1, 2, 3, 4, 5]","[1.0, 2.0, 3.0, 4.0, 5.0]","[0.15075640476645832, 0.3012516776926266, 0.45186153279004126, 0.6026315351330607, 0.7530121394378568]",0.15075640476645832,False,False
OSA03_R00,FULL_LOCAL_SE2,102,"[19.209923456711522, 24.010209136939, -1.4606429458798083]",103,False,1,0.15075640476645832,"[2, 3, 4, 5, 6]","[2, 3, 4, 5, 6]","[2.0, 3.0, 4.0, 5.0, 6.0]","[0.3012516776926266, 0.45186153279004126, 0.6026315351330607, 0.7530121394378568, 0.9029335112861909]",0.3012516776926266,False,False
OSA03_R00,FULL_LOCAL_SE2,108,"[19.22403747156195, 23.93153656018954, -1.3189764271014393]",109,False,1,0.15075640476645832,"[2, 3, 4, 5, 6]","[2, 3, 4, 5, 6]","[2.0, 3.0, 4.0, 5.0, 6.0]","[0.3012516776926266, 0.45186153279004126, 0.6026315351330607, 0.7530121394378568, 0.9029335112861909]",0.3012516776926266,False,False
OSA03_R00,FULL_LOCAL_SE2,114,"[19.24961763959266, 23.85581267615213, -1.171489708976897]",115,False,2,0.3012516776926266,"[3, 4, 5, 6, 7]","[3, 4, 5, 6, 7]","[3.0, 4.0, 5.0, 6.0, 7.0]","[0.45186153279004126, 0.6026315351330607, 0.7530121394378568, 0.9029335112861909, 1.052918159958627]",0.45186153279004126,False,False
OSA03_R00,FULL_LOCAL_SE2,120,"[19.28521364592078, 23.784218872072994, -1.051862713552493]",121,False,2,0.3012516776926266,"[3, 4, 5, 6, 7]","[3, 4, 5, 6, 7]","[3.0, 4.0, 5.0, 6.0, 7.0]","[0.45186153279004126, 0.6026315351330607, 0.7530121394378568, 0.9029335112861909, 1.052918159958627]",0.45186153279004126,False,False
OSA03_R00,FULL_LOCAL_SE2,126,"[19.327932127343814, 23.716604893279538, -0.9677975263114558]",127,False,3,0.45186153279004126,"[4, 5, 6, 7, 8]","[4, 5, 6, 7, 8]","[4.0, 5.0, 6.0, 7.0, 8.0]","[0.6026315351330607, 0.7530121394378568, 0.9029335112861909, 1.052918159958627, 1.202671790790959]",0.6026315351330607,False,False
OSA03_R00,FULL_LOCAL_SE2,132,"[19.37518599542994, 23.652062913630512, -0.9138680195209066]",133,False,4,0.6026315351330607,"[5, 6, 7, 8, 9]","[5, 6, 7, 8, 9]","[5.0, 6.0, 7.0, 8.0, 9.0]","[0.7530121394378568, 0.9029335112861909, 1.052918159958627, 1.202671790790959, 1.3532455201158953]",0.7530121394378568,False,False
OSA03_R00,FULL_LOCAL_SE2,138,"[19.425069224927107, 23.589522809112154, -0.8844261083375677]",139,False,4,0.6026315351330607,"[5, 6, 7, 8, 9]","[5, 6, 7, 8, 9]","[5.0, 6.0, 7.0, 8.0, 9.0]","[0.7530121394378568, 0.9029335112861909, 1.052918159958627, 1.202671790790959, 1.3532455201158953]",0.7530121394378568,False,False
OSA03_R00,FULL_LOCAL_SE2,144,"[19.47632644872876, 23.528101591769065, -0.867765030164565]",145,False,5,0.7530121394378568,"[6, 7, 8, 9, 9]","[6, 7, 8, 9, 9]","[6.0, 7.0, 8.0, 9.0, 9.0]","[0.9029335112861909, 1.052918159958627, 1.202671790790959, 1.3532455201158953, 1.3532455201158953]",0.9029335112861909,True,False
OSA03_R00,FULL_LOCAL_SE2,150,"[19.52827171351619, 23.467260180988035, -0.8619737929689566]",151,False,6,0.9029335112861909,"[7, 8, 9, 9, 9]","[7, 8, 9, 9, 9]","[7.0, 8.0, 9.0, 9.0, 9.0]","[1.052918159958627, 1.202671790790959, 1.3532455201158953, 1.3532455201158953, 1.3532455201158953]",1.052918159958627,True,False
OSA03_R00,FULL_LOCAL_SE2,156,"[19.580334993969842, 23.40651963893787, -0.863239999809978]",157,False,6,0.9029335112861909,"[7, 8, 9, 9, 9]","[7, 8, 9, 9, 9]","[7.0, 8.0, 9.0, 9.0, 9.0]","[1.052918159958627, 1.202671790790959, 1.3532455201158953, 1.3532455201158953, 1.3532455201158953]",1.052918159958627,True,False
OSA03_R00,FULL_LOCAL_SE2,162,"[19.63221986764475, 23.345626690836024, -0.8672495820644692]",163,False,7,1.052918159958627,"[8, 9, 9, 9, 9]","[8, 9, 9, 9, 9]","[8.0, 9.0, 9.0, 9.0, 9.0]","[1.202671790790959, 1.3532455201158953, 1.3532455201158953, 1.3532455201158953, 1.3532455201158953]",1.202671790790959,True,False
OSA03_R00,FULL_LOCAL_SE2,168,"[19.683720181957714, 23.284408484484878, -0.8763391716607445]",169,False,8,1.202671790790959,"[9, 9, 9, 9, 9]","[9, 9, 9, 9, 9]","[9.0, 9.0, 9.0, 9.0, 9.0]","[1.3532455201158953, 1.3532455201158953, 1.3532455201158953, 1.3532455201158953, 1.3532455201158953]",1.3532455201158953,True,False
OSA03_R00,FULL_LOCAL_SE2,174,"[19.7344270548275, 23.222532450228663, -0.8933966111440865]",175,False,8,1.202671790790959,"[9, 9, 9, 9, 9]","[9, 9, 9, 9, 9]","[9.0, 9.0, 9.0, 9.0, 9.0]","[1.3532455201158953, 1.3532455201158953, 1.3532455201158953, 1.3532455201158953, 1.3532455201158953]",1.3532455201158953,True,False
OSA03_R00,FULL_LOCAL_SE2,180,"[19.77358858357055, 23.172760102191837, -0.9167364388517911]",181,False,9,1.3532455201158953,"[9, 9, 9, 9, 9]","[9, 9, 9, 9, 9]","[9.0, 9.0, 9.0, 9.0, 9.0]","[1.3532455201158953, 1.3532455201158953, 1.3532455201158953, 1.3532455201158953, 1.3532455201158953]",1.3532455201158953,True,False
OSA03_R00,FULL_LOCAL_SE2,186,"[19.799528016267047, 23.13804983462989, -0.943397940120096]",187,False,9,1.3532455201158953,"[9, 9, 9, 9, 9]","[9, 9, 9, 9, 9]","[9.0, 9.0, 9.0, 9.0, 9.0]","[1.3532455201158953, 1.3532455201158953, 1.3532455201158953, 1.3532455201158953, 1.3532455201158953]",1.3532455201158953,True,False
OSA03_R00,FULL_LOCAL_SE2,192,"[19.813004862621945, 23.119002926540368, -0.9695923884214892]",193,False,9,1.3532455201158953,"[9, 9, 9, 9, 9]","[9, 9, 9, 9, 9]","[9.0, 9.0, 9.0, 9.0, 9.0]","[1.3532455201158953, 1.3532455201158953, 1.3532455201158953, 1.3532455201158953, 1.3532455201158953]",1.3532455201158953,True,False
OSA03_R00,FULL_LOCAL_SE2,198,"[19.814884354623878, 23.116249993658585, -0.9901266209128101]",199,False,9,1.3532455201158953,"[9, 9, 9, 9, 9]","[9, 9, 9, 9, 9]","[9.0, 9.0, 9.0, 9.0, 9.0]","[1.3532455201158953, 1.3532455201158953, 1.3532455201158953, 1.3532455201158953, 1.3532455201158953]",1.3532455201158953,True,False
OSA03_R00,FULL_LOCAL_SE2,204,"[19.81488435538311, 23.116249992491092, -1.0052759174115224]",205,False,9,1.3532455201158953,"[9, 9, 9, 9, 9]","[9, 9, 9, 9, 9]","[9.0, 9.0, 9.0, 9.0, 9.0]","[1.3532455201158953, 1.3532455201158953, 1.3532455201158953, 1.3532455201158953, 1.3532455201158953]",1.3532455201158953,True,False
OSA03_R00,FULL_LOCAL_SE2,210,"[19.814884355609166, 23.11624999213049, -1.0164019098097192]",211,False,9,1.3532455201158953,"[9, 9, 9, 9, 9]","[9, 9, 9, 9, 9]","[9.0, 9.0, 9.0, 9.0, 9.0]","[1.3532455201158953, 1.3532455201158953, 1.3532455201158953, 1.3532455201158953, 1.3532455201158953]",1.3532455201158953,True,False
OSA03_R00,FULL_LOCAL_SE2,216,"[19.814884355782212, 23.116249991848413, -1.0245702331763362]",217,False,9,1.3532455201158953,"[9, 9, 9, 9, 9]","[9, 9, 9, 9, 9]","[9.0, 9.0, 9.0, 9.0, 9.0]","[1.3532455201158953, 1.3532455201158953, 1.3532455201158953, 1.3532455201158953, 1.3532455201158953]",1.3532455201158953,True,False
OSA03_R00,FULL_LOCAL_SE2,222,"[19.81488435592266, 23.116249991615785, -1.0305669741765118]",223,False,9,1.3532455201158953,"[9, 9, 9, 9, 9]","[9, 9, 9, 9, 9]","[9.0, 9.0, 9.0, 9.0, 9.0]","[1.3532455201158953, 1.3532455201158953, 1.3532455201158953, 1.3532455201158953, 1.3532455201158953]",1.3532455201158953,True,False
OSA03_R00,FULL_LOCAL_SE2,228,"[19.814884356041638, 23.116249991416385, -1.034969447641625]",229,False,9,1.3532455201158953,"[9, 9, 9, 9, 9]","[9, 9, 9, 9, 9]","[9.0, 9.0, 9.0, 9.0, 9.0]","[1.3532455201158953, 1.3532455201158953, 1.3532455201158953, 1.3532455201158953, 1.3532455201158953]",1.3532455201158953,True,False
OSA03_R00,FULL_LOCAL_SE2,234,"[19.814884356145928, 23.11624999124008, -1.038201498090074]",235,False,9,1.3532455201158953,"[9, 9, 9, 9, 9]","[9, 9, 9, 9, 9]","[9.0, 9.0, 9.0, 9.0, 9.0]","[1.3532455201158953, 1.3532455201158953, 1.3532455201158953, 1.3532455201158953, 1.3532455201158953]",1.3532455201158953,True,False
OSA03_R00,FULL_LOCAL_SE2,240,"[19.81488435623997, 23.11624999108008, -1.0405742892151029]",241,False,9,1.3532455201158953,"[9, 9, 9, 9, 9]","[9, 9, 9, 9, 9]","[9.0, 9.0, 9.0, 9.0, 9.0]","[1.3532455201158953, 1.3532455201158953, 1.3532455201158953, 1.3532455201158953, 1.3532455201158953]",1.3532455201158953,True,False
OSA03_R00,FULL_LOCAL_SE2,246,"[19.814884356326765, 23.116249990931713, -1.0423162600804123]",247,False,9,1.3532455201158953,"[9, 9, 9, 9, 9]","[9, 9, 9, 9, 9]","[9.0, 9.0, 9.0, 9.0, 9.0]","[1.3532455201158953, 1.3532455201158953, 1.3532455201158953, 1.3532455201158953, 1.3532455201158953]",1.3532455201158953,True,False
OSA03_R00,FULL_LOCAL_SE2,252,"[19.814884356408374, 23.116249990791726, -1.0435951179044034]",253,False,9,1.3532455201158953,"[9, 9, 9, 9, 9]","[9, 9, 9, 9, 9]","[9.0, 9.0, 9.0, 9.0, 9.0]","[1.3532455201158953, 1.3532455201158953, 1.3532455201158953, 1.3532455201158953, 1.3532455201158953]",1.3532455201158953,True,False
OSA03_R00,FULL_LOCAL_SE2,258,"[19.814884356486257, 23.116249990657803, -1.044533983970644]",259,False,9,1.3532455201158953,"[9, 9, 9, 9, 9]","[9, 9, 9, 9, 9]","[9.0, 9.0, 9.0, 9.0, 9.0]","[1.3532455201158953, 1.3532455201158953, 1.3532455201158953, 1.3532455201158953, 1.3532455201158953]",1.3532455201158953,True,False
OSA03_R00,FULL_LOCAL_SE2,264,"[19.814884356561436, 23.116249990528278, -1.0452232470566072]",265,False,9,1.3532455201158953,"[9, 9, 9, 9, 9]","[9, 9, 9, 9, 9]","[9.0, 9.0, 9.0, 9.0, 9.0]","[1.3532455201158953, 1.3532455201158953, 1.3532455201158953, 1.3532455201158953, 1.3532455201158953]",1.3532455201158953,True,False
OSA03_R00,FULL_LOCAL_SE2,270,"[19.814884356634654, 23.116249990401958, -1.0457292655599182]",271,False,9,1.3532455201158953,"[9, 9, 9, 9, 9]","[9, 9, 9, 9, 9]","[9.0, 9.0, 9.0, 9.0, 9.0]","[1.3532455201158953, 1.3532455201158953, 1.3532455201158953, 1.3532455201158953, 1.3532455201158953]",1.3532455201158953,True,False
OSA03_R00,C3_ENTRY_SUFFIX,96,"[19.204616420161308, 24.090013606205353, -1.5356427948050633]",99,False,0,0.18474273839738128,"[1, 2, 3, 4, 5]","[2, 3, 4, 5, 6]","[2.0, 3.0, 4.0, 5.0, 6.0]","[0.3012516776926266, 0.45186153279004126, 0.6026315351330607, 0.7530121394378568, 0.9029335112861909]",0.3012516776926266,False,False
OSA03_R00,C3_ENTRY_SUFFIX,102,"[19.20992345667959, 24.0102091373386, -1.4606429457712364]",103,False,1,0.3012516776926266,"[2, 3, 4, 5, 6]","[3, 4, 5, 6, 7]","[3.0, 4.0, 5.0, 6.0, 7.0]","[0.45186153279004126, 0.6026315351330607, 0.7530121394378568, 0.9029335112861909, 1.052918159958627]",0.45186153279004126,False,False
OSA03_R00,C3_ENTRY_SUFFIX,108,"[19.22403747156134, 23.931536560731516, -1.318976425852852]",109,False,2,0.45186153279004126,"[3, 4, 5, 6, 7]","[4, 5, 6, 7, 8]","[4.0, 5.0, 6.0, 7.0, 8.0]","[0.6026315351330607, 0.7530121394378568, 0.9029335112861909, 1.052918159958627, 1.202671790790959]",0.6026315351330607,False,False
OSA03_R00,C3_ENTRY_SUFFIX,114,"[19.249821558000576, 23.85588958596973, -1.164948638659592]",115,False,2,0.45186153279004126,"[3, 4, 5, 6, 7]","[4, 5, 6, 7, 8]","[4.0, 5.0, 6.0, 7.0, 8.0]","[0.6026315351330607, 0.7530121394378568, 0.9029335112861909, 1.052918159958627, 1.202671790790959]",0.6026315351330607,False,False
OSA03_R00,C3_ENTRY_SUFFIX,120,"[19.286037560623477, 23.784610178060625, -1.0417235446796487]",121,False,3,0.6026315351330607,"[4, 5, 6, 7, 8]","[5, 6, 7, 8, 9]","[5.0, 6.0, 7.0, 8.0, 9.0]","[0.7530121394378568, 0.9029335112861909, 1.052918159958627, 1.202671790790959, 1.3532455201158953]",0.7530121394378568,False,False
OSA03_R00,C3_ENTRY_SUFFIX,126,"[19.3294062544751, 23.717409997523443, -0.9594142832409398]",127,False,3,0.6026315351330607,"[4, 5, 6, 7, 8]","[5, 6, 7, 8, 9]","[5.0, 6.0, 7.0, 8.0, 9.0]","[0.7530121394378568, 0.9029335112861909, 1.052918159958627, 1.202671790790959, 1.3532455201158953]",0.7530121394378568,False,False
OSA03_R00,C3_ENTRY_SUFFIX,132,"[19.377067673897745, 23.653166514274826, -0.9099165853422533]",133,False,4,0.7530121394378568,"[5, 6, 7, 8, 8]","[6, 7, 8, 9, 9]","[6.0, 7.0, 8.0, 9.0, 9.0]","[0.9029335112861909, 1.052918159958627, 1.202671790790959, 1.3532455201158953, 1.3532455201158953]",0.9029335112861909,True,False
OSA03_R00,C3_ENTRY_SUFFIX,138,"[19.427039933174807, 23.590696438207484, -0.8856026191309825]",139,False,4,0.7530121394378568,"[5, 6, 7, 8, 8]","[6, 7, 8, 9, 9]","[6.0, 7.0, 8.0, 9.0, 9.0]","[0.9029335112861909, 1.052918159958627, 1.202671790790959, 1.3532455201158953, 1.3532455201158953]",0.9029335112861909,True,False
OSA03_R00,C3_ENTRY_SUFFIX,144,"[19.47809393899668, 23.529105730095996, -0.8730173906445842]",145,False,5,0.9029335112861909,"[6, 7, 8, 8, 8]","[7, 8, 9, 9, 9]","[7.0, 8.0, 9.0, 9.0, 9.0]","[1.052918159958627, 1.202671790790959, 1.3532455201158953, 1.3532455201158953, 1.3532455201158953]",1.052918159958627,True,False
OSA03_R00,C3_ENTRY_SUFFIX,150,"[19.52965274735891, 23.467936422802705, -0.8690547123716144]",151,False,5,0.9029335112861909,"[6, 7, 8, 8, 8]","[7, 8, 9, 9, 9]","[7.0, 8.0, 9.0, 9.0, 9.0]","[1.052918159958627, 1.202671790790959, 1.3532455201158953, 1.3532455201158953, 1.3532455201158953]",1.052918159958627,True,False
OSA03_R00,C3_ENTRY_SUFFIX,156,"[19.581324518239445, 23.406862462246988, -0.8684692989806067]",157,False,6,1.052918159958627,"[7, 8, 8, 8, 8]","[8, 9, 9, 9, 9]","[8.0, 9.0, 9.0, 9.0, 9.0]","[1.202671790790959, 1.3532455201158953, 1.3532455201158953, 1.3532455201158953, 1.3532455201158953]",1.202671790790959,True,False
OSA03_R00,C3_ENTRY_SUFFIX,162,"[19.63292188308745, 23.34572568619836, -0.8717393048844508]",163,False,6,1.052918159958627,"[7, 8, 8, 8, 8]","[8, 9, 9, 9, 9]","[8.0, 9.0, 9.0, 9.0, 9.0]","[1.202671790790959, 1.3532455201158953, 1.3532455201158953, 1.3532455201158953, 1.3532455201158953]",1.202671790790959,True,False
OSA03_R00,C3_ENTRY_SUFFIX,168,"[19.68418500718345, 23.284308605884803, -0.8794167837863713]",169,False,7,1.202671790790959,"[8, 8, 8, 8, 8]","[9, 9, 9, 9, 9]","[9.0, 9.0, 9.0, 9.0, 9.0]","[1.3532455201158953, 1.3532455201158953, 1.3532455201158953, 1.3532455201158953, 1.3532455201158953]",1.3532455201158953,True,False
OSA03_R00,C3_ENTRY_SUFFIX,174,"[19.734740195044843, 23.222308409606452, -0.8952921420272566]",175,False,7,1.202671790790959,"[8, 8, 8, 8, 8]","[9, 9, 9, 9, 9]","[9.0, 9.0, 9.0, 9.0, 9.0]","[1.3532455201158953, 1.3532455201158953, 1.3532455201158953, 1.3532455201158953, 1.3532455201158953]",1.3532455201158953,True,False
OSA03_R00,C3_ENTRY_SUFFIX,180,"[19.773825619893294, 23.172476168159722, -0.9179350386984857]",181,False,8,1.3532455201158953,"[8, 8, 8, 8, 8]","[9, 9, 9, 9, 9]","[9.0, 9.0, 9.0, 9.0, 9.0]","[1.3532455201158953, 1.3532455201158953, 1.3532455201158953, 1.3532455201158953, 1.3532455201158953]",1.3532455201158953,True,False
OSA03_R00,C3_ENTRY_SUFFIX,186,"[19.799730086849536, 23.13773975594789, -0.9442335789224328]",187,False,8,1.3532455201158953,"[8, 8, 8, 8, 8]","[9, 9, 9, 9, 9]","[9.0, 9.0, 9.0, 9.0, 9.0]","[1.3532455201158953, 1.3532455201158953, 1.3532455201158953, 1.3532455201158953, 1.3532455201158953]",1.3532455201158953,True,False
OSA03_R00,C3_ENTRY_SUFFIX,192,"[19.813192689298706, 23.118682768613134, -0.9702550480463441]",193,False,8,1.3532455201158953,"[8, 8, 8, 8, 8]","[9, 9, 9, 9, 9]","[9.0, 9.0, 9.0, 9.0, 9.0]","[1.3532455201158953, 1.3532455201158953, 1.3532455201158953, 1.3532455201158953, 1.3532455201158953]",1.3532455201158953,True,False
OSA03_R00,C3_ENTRY_SUFFIX,198,"[19.815070388806426, 23.115928615289462, -0.9906802651929576]",199,False,8,1.3532455201158953,"[8, 8, 8, 8, 8]","[9, 9, 9, 9, 9]","[9.0, 9.0, 9.0, 9.0, 9.0]","[1.3532455201158953, 1.3532455201158953, 1.3532455201158953, 1.3532455201158953, 1.3532455201158953]",1.3532455201158953,True,False
OSA03_R00,C3_ENTRY_SUFFIX,204,"[19.81507038927497, 23.115928614568258, -1.0057505516991974]",205,False,8,1.3532455201158953,"[8, 8, 8, 8, 8]","[9, 9, 9, 9, 9]","[9.0, 9.0, 9.0, 9.0, 9.0]","[1.3532455201158953, 1.3532455201158953, 1.3532455201158953, 1.3532455201158953, 1.3532455201158953]",1.3532455201158953,True,False
OSA03_R00,C3_ENTRY_SUFFIX,210,"[19.81507038940196, 23.11592861436552, -1.0168185975188946]",211,False,8,1.3532455201158953,"[8, 8, 8, 8, 8]","[9, 9, 9, 9, 9]","[9.0, 9.0, 9.0, 9.0, 9.0]","[1.3532455201158953, 1.3532455201158953, 1.3532455201158953, 1.3532455201158953, 1.3532455201158953]",1.3532455201158953,True,False
OSA03_R00,C3_ENTRY_SUFFIX,216,"[19.815070389490575, 23.115928614220955, -1.024944383017539]",217,False,8,1.3532455201158953,"[8, 8, 8, 8, 8]","[9, 9, 9, 9, 9]","[9.0, 9.0, 9.0, 9.0, 9.0]","[1.3532455201158953, 1.3532455201158953, 1.3532455201158953, 1.3532455201158953, 1.3532455201158953]",1.3532455201158953,True,False
OSA03_R00,C3_ENTRY_SUFFIX,222,"[19.81507038955485, 23.115928614114427, -1.0309098952596623]",223,False,8,1.3532455201158953,"[8, 8, 8, 8, 8]","[9, 9, 9, 9, 9]","[9.0, 9.0, 9.0, 9.0, 9.0]","[1.3532455201158953, 1.3532455201158953, 1.3532455201158953, 1.3532455201158953, 1.3532455201158953]",1.3532455201158953,True,False
OSA03_R00,C3_ENTRY_SUFFIX,228,"[19.815070389602866, 23.1159286140339, -1.0352894423137369]",229,False,8,1.3532455201158953,"[8, 8, 8, 8, 8]","[9, 9, 9, 9, 9]","[9.0, 9.0, 9.0, 9.0, 9.0]","[1.3532455201158953, 1.3532455201158953, 1.3532455201158953, 1.3532455201158953, 1.3532455201158953]",1.3532455201158953,True,False
OSA03_R00,C3_ENTRY_SUFFIX,234,"[19.815070389639697, 23.115928613971594, -1.0385046614642777]",235,False,8,1.3532455201158953,"[8, 8, 8, 8, 8]","[9, 9, 9, 9, 9]","[9.0, 9.0, 9.0, 9.0, 9.0]","[1.3532455201158953, 1.3532455201158953, 1.3532455201158953, 1.3532455201158953, 1.3532455201158953]",1.3532455201158953,True,False
OSA03_R00,C3_ENTRY_SUFFIX,240,"[19.815070389668694, 23.115928613922225, -1.040865095984869]",241,False,8,1.3532455201158953,"[8, 8, 8, 8, 8]","[9, 9, 9, 9, 9]","[9.0, 9.0, 9.0, 9.0, 9.0]","[1.3532455201158953, 1.3532455201158953, 1.3532455201158953, 1.3532455201158953, 1.3532455201158953]",1.3532455201158953,True,False
OSA03_R00,C3_ENTRY_SUFFIX,246,"[19.81507038969213, 23.115928613882136, -1.0425979953173616]",247,False,8,1.3532455201158953,"[8, 8, 8, 8, 8]","[9, 9, 9, 9, 9]","[9.0, 9.0, 9.0, 9.0, 9.0]","[1.3532455201158953, 1.3532455201158953, 1.3532455201158953, 1.3532455201158953, 1.3532455201158953]",1.3532455201158953,True,False
OSA03_R00,C3_ENTRY_SUFFIX,252,"[19.81507038971159, 23.11592861384874, -1.043870193325768]",253,False,8,1.3532455201158953,"[8, 8, 8, 8, 8]","[9, 9, 9, 9, 9]","[9.0, 9.0, 9.0, 9.0, 9.0]","[1.3532455201158953, 1.3532455201158953, 1.3532455201158953, 1.3532455201158953, 1.3532455201158953]",1.3532455201158953,True,False
OSA03_R00,C3_ENTRY_SUFFIX,258,"[19.815070389728177, 23.1159286138202, -1.0448041701253086]",259,False,8,1.3532455201158953,"[8, 8, 8, 8, 8]","[9, 9, 9, 9, 9]","[9.0, 9.0, 9.0, 9.0, 9.0]","[1.3532455201158953, 1.3532455201158953, 1.3532455201158953, 1.3532455201158953, 1.3532455201158953]",1.3532455201158953,True,False
OSA03_R00,C3_ENTRY_SUFFIX,264,"[19.81507038974269, 23.115928613795184, -1.0454898437832454]",265,False,8,1.3532455201158953,"[8, 8, 8, 8, 8]","[9, 9, 9, 9, 9]","[9.0, 9.0, 9.0, 9.0, 9.0]","[1.3532455201158953, 1.3532455201158953, 1.3532455201158953, 1.3532455201158953, 1.3532455201158953]",1.3532455201158953,True,False
OSA03_R00,C3_ENTRY_SUFFIX,270,"[19.815070389755693, 23.115928613772738, -1.0459932271278896]",271,False,8,1.3532455201158953,"[8, 8, 8, 8, 8]","[9, 9, 9, 9, 9]","[9.0, 9.0, 9.0, 9.0, 9.0]","[1.3532455201158953, 1.3532455201158953, 1.3532455201158953, 1.3532455201158953, 1.3532455201158953]",1.3532455201158953,True,False
episode_001_repeat_01/handoff_013,M0_NATIVE,1002,"[18.88091559905879, 9.807793015222233, -1.4887640776416609]",1003,False,3,0.4520083821314022,"[4, 5, 6, 7, 8]","[4, 5, 6, 7, 8]","[4.0, 5.0, 6.0, 7.0, 8.0]","[0.6021761504675787, 0.7526072110998969, 0.9031236431570159, 1.0536844789623852, 1.2042537640078135]",0.6021761504675787,False,False
episode_001_repeat_01/handoff_013,M0_NATIVE,1008,"[18.884075946431057, 9.727886661111267, -1.580713628274332]",1009,False,3,0.4520083821314022,"[4, 5, 6, 7, 8]","[4, 5, 6, 7, 8]","[4.0, 5.0, 6.0, 7.0, 8.0]","[0.6021761504675787, 0.7526072110998969, 0.9031236431570159, 1.0536844789623852, 1.2042537640078135]",0.6021761504675787,False,False
episode_001_repeat_01/handoff_013,M0_NATIVE,1014,"[18.879137726783195, 9.64807597082661, -1.685164554285207]",1015,False,4,0.6021761504675787,"[5, 6, 7, 8, 9]","[5, 6, 7, 8, 9]","[5.0, 6.0, 7.0, 8.0, 9.0]","[0.7526072110998969, 0.9031236431570159, 1.0536844789623852, 1.2042537640078135, 1.3547669898114552]",0.7526072110998969,False,False
episode_001_repeat_01/handoff_013,M0_NATIVE,1020,"[18.86688097641195, 9.569037131954751, -1.758856541304663]",1021,False,4,0.6021761504675787,"[5, 6, 7, 8, 9]","[5, 6, 7, 8, 9]","[5.0, 6.0, 7.0, 8.0, 9.0]","[0.7526072110998969, 0.9031236431570159, 1.0536844789623852, 1.2042537640078135, 1.3547669898114552]",0.7526072110998969,False,False
episode_001_repeat_01/handoff_013,M0_NATIVE,1026,"[18.85003402040869, 9.490837128525992, -1.8032959835712892]",1027,False,5,0.7526072110998969,"[6, 7, 8, 9, 9]","[6, 7, 8, 9, 9]","[6.0, 7.0, 8.0, 9.0, 9.0]","[0.9031236431570159, 1.0536844789623852, 1.2042537640078135, 1.3547669898114552, 1.3547669898114552]",0.9031236431570159,True,False
episode_001_repeat_01/handoff_013,M0_NATIVE,1032,"[18.830621831522745, 9.413229495422348, -1.82557426647596]",1033,False,5,0.7526072110998969,"[6, 7, 8, 9, 9]","[6, 7, 8, 9, 9]","[6.0, 7.0, 8.0, 9.0, 9.0]","[0.9031236431570159, 1.0536844789623852, 1.2042537640078135, 1.3547669898114552, 1.3547669898114552]",0.9031236431570159,True,False
episode_001_repeat_01/handoff_013,M0_NATIVE,1038,"[18.809958801282022, 9.33594447205816, -1.8373566088753828]",1039,False,6,0.9031236431570159,"[7, 8, 9, 9, 9]","[7, 8, 9, 9, 9]","[7.0, 8.0, 9.0, 9.0, 9.0]","[1.0536844789623852, 1.2042537640078135, 1.3547669898114552, 1.3547669898114552, 1.3547669898114552]",1.0536844789623852,True,False
episode_001_repeat_01/handoff_013,M0_NATIVE,1044,"[18.788698646778155, 9.25882118548839, -1.8410960987367495]",1045,False,6,0.9031236431570159,"[7, 8, 9, 9, 9]","[7, 8, 9, 9, 9]","[7.0, 8.0, 9.0, 9.0, 9.0]","[1.0536844789623852, 1.2042537640078135, 1.3547669898114552, 1.3547669898114552, 1.3547669898114552]",1.0536844789623852,True,False
episode_001_repeat_01/handoff_013,M0_NATIVE,1050,"[18.767300542585478, 9.18173602694881, -1.8417496629611023]",1051,False,7,1.0536844789623852,"[8, 9, 9, 9, 9]","[8, 9, 9, 9, 9]","[8.0, 9.0, 9.0, 9.0, 9.0]","[1.2042537640078135, 1.3547669898114552, 1.3547669898114552, 1.3547669898114552, 1.3547669898114552]",1.2042537640078135,True,False
episode_001_repeat_01/handoff_013,M0_NATIVE,1056,"[18.74598815171204, 9.104627169756817, -1.8385883806153442]",1057,False,7,1.0536844789623852,"[8, 9, 9, 9, 9]","[8, 9, 9, 9, 9]","[8.0, 9.0, 9.0, 9.0, 9.0]","[1.2042537640078135, 1.3547669898114552, 1.3547669898114552, 1.3547669898114552, 1.3547669898114552]",1.2042537640078135,True,False
episode_001_repeat_01/handoff_013,M0_NATIVE,1062,"[18.72509643611149, 9.027403466928742, -1.830763279864107]",1063,False,8,1.2042537640078135,"[9, 9, 9, 9, 9]","[9, 9, 9, 9, 9]","[9.0, 9.0, 9.0, 9.0, 9.0]","[1.3547669898114552, 1.3547669898114552, 1.3547669898114552, 1.3547669898114552, 1.3547669898114552]",1.3547669898114552,True,False
episode_001_repeat_01/handoff_013,M0_NATIVE,1068,"[18.705836519246155, 8.952917052354174, -1.8157130837958637]",1069,False,8,1.2042537640078135,"[9, 9, 9, 9, 9]","[9, 9, 9, 9, 9]","[9.0, 9.0, 9.0, 9.0, 9.0]","[1.3547669898114552, 1.3547669898114552, 1.3547669898114552, 1.3547669898114552, 1.3547669898114552]",1.3547669898114552,True,False
episode_001_repeat_01/handoff_013,M0_NATIVE,1074,"[18.69190459575499, 8.894910068171173, -1.7957749204106435]",1075,False,9,1.3547669898114552,"[9, 9, 9, 9, 9]","[9, 9, 9, 9, 9]","[9.0, 9.0, 9.0, 9.0, 9.0]","[1.3547669898114552, 1.3547669898114552, 1.3547669898114552, 1.3547669898114552, 1.3547669898114552]",1.3547669898114552,True,False
episode_001_repeat_01/handoff_013,M0_NATIVE,1080,"[18.683449568559094, 8.856165082502468, -1.7737574948160015]",1081,False,9,1.3547669898114552,"[9, 9, 9, 9, 9]","[9, 9, 9, 9, 9]","[9.0, 9.0, 9.0, 9.0, 9.0]","[1.3547669898114552, 1.3547669898114552, 1.3547669898114552, 1.3547669898114552, 1.3547669898114552]",1.3547669898114552,True,False
episode_001_repeat_01/handoff_013,M0_NATIVE,1086,"[18.67966159739077, 8.83687623398152, -1.7529778860644254]",1087,False,9,1.3547669898114552,"[9, 9, 9, 9, 9]","[9, 9, 9, 9, 9]","[9.0, 9.0, 9.0, 9.0, 9.0]","[1.3547669898114552, 1.3547669898114552, 1.3547669898114552, 1.3547669898114552, 1.3547669898114552]",1.3547669898114552,True,False
episode_001_repeat_01/handoff_013,M0_NATIVE,1092,"[18.67917323621006, 8.834199701361428, -1.736841807226083]",1093,False,9,1.3547669898114552,"[9, 9, 9, 9, 9]","[9, 9, 9, 9, 9]","[9.0, 9.0, 9.0, 9.0, 9.0]","[1.3547669898114552, 1.3547669898114552, 1.3547669898114552, 1.3547669898114552, 1.3547669898114552]",1.3547669898114552,True,False
episode_001_repeat_01/handoff_013,M0_NATIVE,1098,"[18.67917323618998, 8.834199701236049, -1.7249454611756514]",1099,False,9,1.3547669898114552,"[9, 9, 9, 9, 9]","[9, 9, 9, 9, 9]","[9.0, 9.0, 9.0, 9.0, 9.0]","[1.3547669898114552, 1.3547669898114552, 1.3547669898114552, 1.3547669898114552, 1.3547669898114552]",1.3547669898114552,True,False
episode_001_repeat_01/handoff_013,M0_NATIVE,1104,"[18.679173236173376, 8.834199701126085, -1.716208973953635]",1105,False,9,1.3547669898114552,"[9, 9, 9, 9, 9]","[9, 9, 9, 9, 9]","[9.0, 9.0, 9.0, 9.0, 9.0]","[1.3547669898114552, 1.3547669898114552, 1.3547669898114552, 1.3547669898114552, 1.3547669898114552]",1.3547669898114552,True,False
episode_001_repeat_01/handoff_013,M0_NATIVE,1110,"[18.67917323616263, 8.834199701051041, -1.7097949700375303]",1111,False,9,1.3547669898114552,"[9, 9, 9, 9, 9]","[9, 9, 9, 9, 9]","[9.0, 9.0, 9.0, 9.0, 9.0]","[1.3547669898114552, 1.3547669898114552, 1.3547669898114552, 1.3547669898114552, 1.3547669898114552]",1.3547669898114552,True,False
episode_001_repeat_01/handoff_013,M0_NATIVE,1116,"[18.67917323615561, 8.834199701000019, -1.7050861569734566]",1117,False,9,1.3547669898114552,"[9, 9, 9, 9, 9]","[9, 9, 9, 9, 9]","[9.0, 9.0, 9.0, 9.0, 9.0]","[1.3547669898114552, 1.3547669898114552, 1.3547669898114552, 1.3547669898114552, 1.3547669898114552]",1.3547669898114552,True,False
episode_001_repeat_01/handoff_013,M0_NATIVE,1122,"[18.67917323615106, 8.834199700965902, -1.7016292086148954]",1123,False,9,1.3547669898114552,"[9, 9, 9, 9, 9]","[9, 9, 9, 9, 9]","[9.0, 9.0, 9.0, 9.0, 9.0]","[1.3547669898114552, 1.3547669898114552, 1.3547669898114552, 1.3547669898114552, 1.3547669898114552]",1.3547669898114552,True,False
episode_001_repeat_01/handoff_013,M0_NATIVE,1128,"[18.67917323614818, 8.83419970094383, -1.699091309974201]",1129,False,9,1.3547669898114552,"[9, 9, 9, 9, 9]","[9, 9, 9, 9, 9]","[9.0, 9.0, 9.0, 9.0, 9.0]","[1.3547669898114552, 1.3547669898114552, 1.3547669898114552, 1.3547669898114552, 1.3547669898114552]",1.3547669898114552,True,False
episode_001_repeat_01/handoff_013,M0_NATIVE,1134,"[18.67917323614646, 8.834199700930409, -1.697228126388023]",1135,False,9,1.3547669898114552,"[9, 9, 9, 9, 9]","[9, 9, 9, 9, 9]","[9.0, 9.0, 9.0, 9.0, 9.0]","[1.3547669898114552, 1.3547669898114552, 1.3547669898114552, 1.3547669898114552, 1.3547669898114552]",1.3547669898114552,True,False
episode_001_repeat_01/handoff_013,M0_NATIVE,1140,"[18.679173236145548, 8.834199700923238, -1.6958602809520145]",1141,False,9,1.3547669898114552,"[9, 9, 9, 9, 9]","[9, 9, 9, 9, 9]","[9.0, 9.0, 9.0, 9.0, 9.0]","[1.3547669898114552, 1.3547669898114552, 1.3547669898114552, 1.3547669898114552, 1.3547669898114552]",1.3547669898114552,True,False
episode_001_repeat_01/handoff_013,M0_NATIVE,1146,"[18.679173236145225, 8.834199700920598, -1.6948560851494596]",1147,False,9,1.3547669898114552,"[9, 9, 9, 9, 9]","[9, 9, 9, 9, 9]","[9.0, 9.0, 9.0, 9.0, 9.0]","[1.3547669898114552, 1.3547669898114552, 1.3547669898114552, 1.3547669898114552, 1.3547669898114552]",1.3547669898114552,True,False
episode_001_repeat_01/handoff_013,M0_NATIVE,1152,"[18.679173236145186, 8.834199700920276, -1.6941188606186062]",1153,False,9,1.3547669898114552,"[9, 9, 9, 9, 9]","[9, 9, 9, 9, 9]","[9.0, 9.0, 9.0, 9.0, 9.0]","[1.3547669898114552, 1.3547669898114552, 1.3547669898114552, 1.3547669898114552, 1.3547669898114552]",1.3547669898114552,True,False
episode_001_repeat_01/handoff_013,M0_NATIVE,1158,"[18.679173236145186, 8.834199700920276, -1.6935776315002415]",1159,False,9,1.3547669898114552,"[9, 9, 9, 9, 9]","[9, 9, 9, 9, 9]","[9.0, 9.0, 9.0, 9.0, 9.0]","[1.3547669898114552, 1.3547669898114552, 1.3547669898114552, 1.3547669898114552, 1.3547669898114552]",1.3547669898114552,True,False
episode_001_repeat_01/handoff_013,M0_NATIVE,1164,"[18.679173236145186, 8.834199700920276, -1.6931802912785006]",1165,False,9,1.3547669898114552,"[9, 9, 9, 9, 9]","[9, 9, 9, 9, 9]","[9.0, 9.0, 9.0, 9.0, 9.0]","[1.3547669898114552, 1.3547669898114552, 1.3547669898114552, 1.3547669898114552, 1.3547669898114552]",1.3547669898114552,True,False
episode_001_repeat_01/handoff_013,M0_NATIVE,1170,"[18.679173236145186, 8.834199700920276, -1.6928885862566256]",1171,False,9,1.3547669898114552,"[9, 9, 9, 9, 9]","[9, 9, 9, 9, 9]","[9.0, 9.0, 9.0, 9.0, 9.0]","[1.3547669898114552, 1.3547669898114552, 1.3547669898114552, 1.3547669898114552, 1.3547669898114552]",1.3547669898114552,True,False
episode_001_repeat_01/handoff_013,M0_NATIVE,1176,"[18.679173236145186, 8.834199700920276, -1.6926744327047558]",,True,9,1.3547669898114552,"[9, 9, 9, 9, 9]","[9, 9, 9, 9, 9]","[9.0, 9.0, 9.0, 9.0, 9.0]","[1.3547669898114552, 1.3547669898114552, 1.3547669898114552, 1.3547669898114552, 1.3547669898114552]",1.3547669898114552,True,False
episode_001_repeat_01/handoff_013,FULL_LOCAL_SE2,1002,"[18.88091559905879, 9.807793015222233, -1.4887640776416609]",1003,False,0,0.0,"[1, 2, 3, 4, 5]","[1, 2, 3, 4, 5]","[1.0, 2.0, 3.0, 4.0, 5.0]","[0.15076896981329796, 0.3015581660300949, 0.4520083821314022, 0.6021761504675787, 0.7526072110998969]",0.15076896981329796,False,False
episode_001_repeat_01/handoff_013,FULL_LOCAL_SE2,1008,"[18.884075946738786, 9.72788666111679, -1.5807136190392803]",1009,False,0,0.0,"[1, 2, 3, 4, 5]","[1, 2, 3, 4, 5]","[1.0, 2.0, 3.0, 4.0, 5.0]","[0.15076896981329796, 0.3015581660300949, 0.4520083821314022, 0.6021761504675787, 0.7526072110998969]",0.15076896981329796,False,False
episode_001_repeat_01/handoff_013,FULL_LOCAL_SE2,1014,"[18.879861480927545, 9.648019503633144, -1.6633821840945564]",1015,False,1,0.15076896981329796,"[2, 3, 4, 5, 6]","[2, 3, 4, 5, 6]","[2.0, 3.0, 4.0, 5.0, 6.0]","[0.3015581660300949, 0.4520083821314022, 0.6021761504675787, 0.7526072110998969, 0.9031236431570159]",0.3015581660300949,False,False
episode_001_repeat_01/handoff_013,FULL_LOCAL_SE2,1020,"[18.869818649280734, 9.568665471874294, -1.7274781306528069]",1021,False,1,0.15076896981329796,"[2, 3, 4, 5, 6]","[2, 3, 4, 5, 6]","[2.0, 3.0, 4.0, 5.0, 6.0]","[0.3015581660300949, 0.4520083821314022, 0.6021761504675787, 0.7526072110998969, 0.9031236431570159]",0.3015581660300949,False,False
episode_001_repeat_01/handoff_013,FULL_LOCAL_SE2,1026,"[18.85554655819129, 9.489954321210453, -1.7697209155335272]",1027,False,2,0.3015581660300949,"[3, 4, 5, 6, 7]","[3, 4, 5, 6, 7]","[3.0, 4.0, 5.0, 6.0, 7.0]","[0.4520083821314022, 0.6021761504675787, 0.7526072110998969, 0.9031236431570159, 1.0536844789623852]",0.4520083821314022,False,False
episode_001_repeat_01/handoff_013,FULL_LOCAL_SE2,1032,"[18.83843023162423, 9.411810257610702, -1.8021194829262102]",1033,False,3,0.4520083821314022,"[4, 5, 6, 7, 8]","[4, 5, 6, 7, 8]","[4.0, 5.0, 6.0, 7.0, 8.0]","[0.6021761504675787, 0.7526072110998969, 0.9031236431570159, 1.0536844789623852, 1.2042537640078135]",0.6021761504675787,False,False
episode_001_repeat_01/handoff_013,FULL_LOCAL_SE2,1038,"[18.81904632784108, 9.33419633909194, -1.828086245098773]",1039,False,3,0.4520083821314022,"[4, 5, 6, 7, 8]","[4, 5, 6, 7, 8]","[4.0, 5.0, 6.0, 7.0, 8.0]","[0.6021761504675787, 0.7526072110998969, 0.9031236431570159, 1.0536844789623852, 1.2042537640078135]",0.6021761504675787,False,False
episode_001_repeat_01/handoff_013,FULL_LOCAL_SE2,1044,"[18.802608276251274, 9.273033560727914, -1.8361624908261067]",1045,False,4,0.6021761504675787,"[5, 6, 7, 8, 9]","[5, 6, 7, 8, 9]","[5.0, 6.0, 7.0, 8.0, 9.0]","[0.7526072110998969, 0.9031236431570159, 1.0536844789623852, 1.2042537640078135, 1.3547669898114552]",0.7526072110998969,False,False
episode_001_repeat_01/handoff_013,FULL_LOCAL_SE2,1050,"[18.78868361760817, 9.222575916940304, -1.8448325840539048]",1051,False,5,0.7526072110998969,"[6, 7, 8, 9, 9]","[6, 7, 8, 9, 9]","[6.0, 7.0, 8.0, 9.0, 9.0]","[0.9031236431570159, 1.0536844789623852, 1.2042537640078135, 1.3547669898114552, 1.3547669898114552]",0.9031236431570159,True,False
episode_001_repeat_01/handoff_013,FULL_LOCAL_SE2,1056,"[18.77021591559536, 9.157672874133109, -1.8503021291944994]",1057,False,6,0.9031236431570159,"[7, 8, 9, 9, 9]","[7, 8, 9, 9, 9]","[7.0, 8.0, 9.0, 9.0, 9.0]","[1.0536844789623852, 1.2042537640078135, 1.3547669898114552, 1.3547669898114552, 1.3547669898114552]",1.0536844789623852,True,False
episode_001_repeat_01/handoff_013,FULL_LOCAL_SE2,1062,"[18.748601717318863, 9.08223963505873, -1.8483304329948849]",1063,False,7,1.0536844789623852,"[8, 9, 9, 9, 9]","[8, 9, 9, 9, 9]","[8.0, 9.0, 9.0, 9.0, 9.0]","[1.2042537640078135, 1.3547669898114552, 1.3547669898114552, 1.3547669898114552, 1.3547669898114552]",1.2042537640078135,True,False
episode_001_repeat_01/handoff_013,FULL_LOCAL_SE2,1068,"[18.727029300342803, 9.005203489520426, -1.8381958429746286]",1069,False,8,1.2042537640078135,"[9, 9, 9, 9, 9]","[9, 9, 9, 9, 9]","[9.0, 9.0, 9.0, 9.0, 9.0]","[1.3547669898114552, 1.3547669898114552, 1.3547669898114552, 1.3547669898114552, 1.3547669898114552]",1.3547669898114552,True,False
episode_001_repeat_01/handoff_013,FULL_LOCAL_SE2,1074,"[18.70826386913069, 8.934427742770747, -1.8204305080613785]",1075,False,8,1.2042537640078135,"[9, 9, 9, 9, 9]","[9, 9, 9, 9, 9]","[9.0, 9.0, 9.0, 9.0, 9.0]","[1.3547669898114552, 1.3547669898114552, 1.3547669898114552, 1.3547669898114552, 1.3547669898114552]",1.3547669898114552,True,False
episode_001_repeat_01/handoff_013,FULL_LOCAL_SE2,1080,"[18.69517731291421, 8.880802620524998, -1.7982341520107126]",1081,False,9,1.3547669898114552,"[9, 9, 9, 9, 9]","[9, 9, 9, 9, 9]","[9.0, 9.0, 9.0, 9.0, 9.0]","[1.3547669898114552, 1.3547669898114552, 1.3547669898114552, 1.3547669898114552, 1.3547669898114552]",1.3547669898114552,True,False
episode_001_repeat_01/handoff_013,FULL_LOCAL_SE2,1086,"[18.687610750299942, 8.846426326370237, -1.7746927643990218]",1087,False,9,1.3547669898114552,"[9, 9, 9, 9, 9]","[9, 9, 9, 9, 9]","[9.0, 9.0, 9.0, 9.0, 9.0]","[1.3547669898114552, 1.3547669898114552, 1.3547669898114552, 1.3547669898114552, 1.3547669898114552]",1.3547669898114552,True,False
episode_001_repeat_01/handoff_013,FULL_LOCAL_SE2,1092,"[18.68466488143856, 8.831514777778697, -1.7535481341501227]",1093,False,9,1.3547669898114552,"[9, 9, 9, 9, 9]","[9, 9, 9, 9, 9]","[9.0, 9.0, 9.0, 9.0, 9.0]","[1.3547669898114552, 1.3547669898114552, 1.3547669898114552, 1.3547669898114552, 1.3547669898114552]",1.3547669898114552,True,False
episode_001_repeat_01/handoff_013,FULL_LOCAL_SE2,1098,"[18.68430879076694, 8.829569309498401, -1.7373291086019147]",1099,False,9,1.3547669898114552,"[9, 9, 9, 9, 9]","[9, 9, 9, 9, 9]","[9.0, 9.0, 9.0, 9.0, 9.0]","[1.3547669898114552, 1.3547669898114552, 1.3547669898114552, 1.3547669898114552, 1.3547669898114552]",1.3547669898114552,True,False
episode_001_repeat_01/handoff_013,FULL_LOCAL_SE2,1104,"[18.68430879072964, 8.82956930926782, -1.7253823994845148]",1105,False,9,1.3547669898114552,"[9, 9, 9, 9, 9]","[9, 9, 9, 9, 9]","[9.0, 9.0, 9.0, 9.0, 9.0]","[1.3547669898114552, 1.3547669898114552, 1.3547669898114552, 1.3547669898114552, 1.3547669898114552]",1.3547669898114552,True,False
episode_001_repeat_01/handoff_013,FULL_LOCAL_SE2,1110,"[18.68430879070286, 8.829569309090877, -1.7166095378776127]",1111,False,9,1.3547669898114552,"[9, 9, 9, 9, 9]","[9, 9, 9, 9, 9]","[9.0, 9.0, 9.0, 9.0, 9.0]","[1.3547669898114552, 1.3547669898114552, 1.3547669898114552, 1.3547669898114552, 1.3547669898114552]",1.3547669898114552,True,False
episode_001_repeat_01/handoff_013,FULL_LOCAL_SE2,1116,"[18.684308790683485, 8.8295693089559, -1.710168864026719]",1117,False,9,1.3547669898114552,"[9, 9, 9, 9, 9]","[9, 9, 9, 9, 9]","[9.0, 9.0, 9.0, 9.0, 9.0]","[1.3547669898114552, 1.3547669898114552, 1.3547669898114552, 1.3547669898114552, 1.3547669898114552]",1.3547669898114552,True,False
episode_001_repeat_01/handoff_013,FULL_LOCAL_SE2,1122,"[18.68430879066882, 8.829569308849495, -1.7054404733218103]",1123,False,9,1.3547669898114552,"[9, 9, 9, 9, 9]","[9, 9, 9, 9, 9]","[9.0, 9.0, 9.0, 9.0, 9.0]","[1.3547669898114552, 1.3547669898114552, 1.3547669898114552, 1.3547669898114552, 1.3547669898114552]",1.3547669898114552,True,False
episode_001_repeat_01/handoff_013,FULL_LOCAL_SE2,1128,"[18.68430879065727, 8.8295693087631, -1.701969152259008]",1129,False,9,1.3547669898114552,"[9, 9, 9, 9, 9]","[9, 9, 9, 9, 9]","[9.0, 9.0, 9.0, 9.0, 9.0]","[1.3547669898114552, 1.3547669898114552, 1.3547669898114552, 1.3547669898114552, 1.3547669898114552]",1.3547669898114552,True,False
episode_001_repeat_01/handoff_013,FULL_LOCAL_SE2,1134,"[18.68430879064784, 8.829569308690903, -1.69942070198482]",1135,False,9,1.3547669898114552,"[9, 9, 9, 9, 9]","[9, 9, 9, 9, 9]","[9.0, 9.0, 9.0, 9.0, 9.0]","[1.3547669898114552, 1.3547669898114552, 1.3547669898114552, 1.3547669898114552, 1.3547669898114552]",1.3547669898114552,True,False
episode_001_repeat_01/handoff_013,FULL_LOCAL_SE2,1140,"[18.68430879063988, 8.829569308628878, -1.6975497719768122]",1141,False,9,1.3547669898114552,"[9, 9, 9, 9, 9]","[9, 9, 9, 9, 9]","[9.0, 9.0, 9.0, 9.0, 9.0]","[1.3547669898114552, 1.3547669898114552, 1.3547669898114552, 1.3547669898114552, 1.3547669898114552]",1.3547669898114552,True,False
episode_001_repeat_01/handoff_013,FULL_LOCAL_SE2,1146,"[18.68430879063295, 8.82956930857419, -1.6961762395489757]",1147,False,9,1.3547669898114552,"[9, 9, 9, 9, 9]","[9, 9, 9, 9, 9]","[9.0, 9.0, 9.0, 9.0, 9.0]","[1.3547669898114552, 1.3547669898114552, 1.3547669898114552, 1.3547669898114552, 1.3547669898114552]",1.3547669898114552,True,False
episode_001_repeat_01/handoff_013,FULL_LOCAL_SE2,1152,"[18.684308790626755, 8.829569308524817, -1.6951678686734941]",1153,False,9,1.3547669898114552,"[9, 9, 9, 9, 9]","[9, 9, 9, 9, 9]","[9.0, 9.0, 9.0, 9.0, 9.0]","[1.3547669898114552, 1.3547669898114552, 1.3547669898114552, 1.3547669898114552, 1.3547669898114552]",1.3547669898114552,True,False
episode_001_repeat_01/handoff_013,FULL_LOCAL_SE2,1158,"[18.68430879062108, 8.829569308479309, -1.694427579036442]",1159,False,9,1.3547669898114552,"[9, 9, 9, 9, 9]","[9, 9, 9, 9, 9]","[9.0, 9.0, 9.0, 9.0, 9.0]","[1.3547669898114552, 1.3547669898114552, 1.3547669898114552, 1.3547669898114552, 1.3547669898114552]",1.3547669898114552,True,False
episode_001_repeat_01/handoff_013,FULL_LOCAL_SE2,1164,"[18.684308790615788, 8.829569308436618, -1.6938840996876838]",1165,False,9,1.3547669898114552,"[9, 9, 9, 9, 9]","[9, 9, 9, 9, 9]","[9.0, 9.0, 9.0, 9.0, 9.0]","[1.3547669898114552, 1.3547669898114552, 1.3547669898114552, 1.3547669898114552, 1.3547669898114552]",1.3547669898114552,True,False
episode_001_repeat_01/handoff_013,FULL_LOCAL_SE2,1170,"[18.68430879061077, 8.829569308395985, -1.6934851074720183]",1171,False,9,1.3547669898114552,"[9, 9, 9, 9, 9]","[9, 9, 9, 9, 9]","[9.0, 9.0, 9.0, 9.0, 9.0]","[1.3547669898114552, 1.3547669898114552, 1.3547669898114552, 1.3547669898114552, 1.3547669898114552]",1.3547669898114552,True,False
episode_001_repeat_01/handoff_013,FULL_LOCAL_SE2,1176,"[18.68430879060595, 8.829569308356866, -1.6931921896481426]",,True,9,1.3547669898114552,"[9, 9, 9, 9, 9]","[9, 9, 9, 9, 9]","[9.0, 9.0, 9.0, 9.0, 9.0]","[1.3547669898114552, 1.3547669898114552, 1.3547669898114552, 1.3547669898114552, 1.3547669898114552]",1.3547669898114552,True,False
episode_001_repeat_01/handoff_013,C3_ENTRY_SUFFIX,1002,"[18.88091559905879, 9.807793015222233, -1.4887640776416609]",1003,False,1,0.4520083821314022,"[2, 3, 4, 5, 6]","[4, 5, 6, 7, 8]","[4.0, 5.0, 6.0, 7.0, 8.0]","[0.6021761504675787, 0.7526072110998969, 0.9031236431570159, 1.0536844789623852, 1.2042537640078135]",0.6021761504675787,False,False
episode_001_repeat_01/handoff_013,C3_ENTRY_SUFFIX,1008,"[18.884075946431057, 9.727886661111267, -1.580713628274332]",1009,False,1,0.4520083821314022,"[2, 3, 4, 5, 6]","[4, 5, 6, 7, 8]","[4.0, 5.0, 6.0, 7.0, 8.0]","[0.6021761504675787, 0.7526072110998969, 0.9031236431570159, 1.0536844789623852, 1.2042537640078135]",0.6021761504675787,False,False
episode_001_repeat_01/handoff_013,C3_ENTRY_SUFFIX,1014,"[18.879137726783195, 9.64807597082661, -1.685164554285207]",1015,False,2,0.6021761504675787,"[3, 4, 5, 6, 7]","[5, 6, 7, 8, 9]","[5.0, 6.0, 7.0, 8.0, 9.0]","[0.7526072110998969, 0.9031236431570159, 1.0536844789623852, 1.2042537640078135, 1.3547669898114552]",0.7526072110998969,False,False
episode_001_repeat_01/handoff_013,C3_ENTRY_SUFFIX,1020,"[18.86688097641195, 9.569037131954751, -1.758856541304663]",1021,False,2,0.6021761504675787,"[3, 4, 5, 6, 7]","[5, 6, 7, 8, 9]","[5.0, 6.0, 7.0, 8.0, 9.0]","[0.7526072110998969, 0.9031236431570159, 1.0536844789623852, 1.2042537640078135, 1.3547669898114552]",0.7526072110998969,False,False
episode_001_repeat_01/handoff_013,C3_ENTRY_SUFFIX,1026,"[18.85003402040869, 9.490837128525992, -1.8032959835712892]",1027,False,3,0.7526072110998969,"[4, 5, 6, 7, 7]","[6, 7, 8, 9, 9]","[6.0, 7.0, 8.0, 9.0, 9.0]","[0.9031236431570159, 1.0536844789623852, 1.2042537640078135, 1.3547669898114552, 1.3547669898114552]",0.9031236431570159,True,False
episode_001_repeat_01/handoff_013,C3_ENTRY_SUFFIX,1032,"[18.830621831522745, 9.413229495422348, -1.82557426647596]",1033,False,3,0.7526072110998969,"[4, 5, 6, 7, 7]","[6, 7, 8, 9, 9]","[6.0, 7.0, 8.0, 9.0, 9.0]","[0.9031236431570159, 1.0536844789623852, 1.2042537640078135, 1.3547669898114552, 1.3547669898114552]",0.9031236431570159,True,False
episode_001_repeat_01/handoff_013,C3_ENTRY_SUFFIX,1038,"[18.809958801282022, 9.33594447205816, -1.8373566088753828]",1039,False,4,0.9031236431570159,"[5, 6, 7, 7, 7]","[7, 8, 9, 9, 9]","[7.0, 8.0, 9.0, 9.0, 9.0]","[1.0536844789623852, 1.2042537640078135, 1.3547669898114552, 1.3547669898114552, 1.3547669898114552]",1.0536844789623852,True,False
episode_001_repeat_01/handoff_013,C3_ENTRY_SUFFIX,1044,"[18.788698646778155, 9.25882118548839, -1.8410960987367495]",1045,False,4,0.9031236431570159,"[5, 6, 7, 7, 7]","[7, 8, 9, 9, 9]","[7.0, 8.0, 9.0, 9.0, 9.0]","[1.0536844789623852, 1.2042537640078135, 1.3547669898114552, 1.3547669898114552, 1.3547669898114552]",1.0536844789623852,True,False
episode_001_repeat_01/handoff_013,C3_ENTRY_SUFFIX,1050,"[18.767300542585478, 9.18173602694881, -1.8417496629611023]",1051,False,5,1.0536844789623852,"[6, 7, 7, 7, 7]","[8, 9, 9, 9, 9]","[8.0, 9.0, 9.0, 9.0, 9.0]","[1.2042537640078135, 1.3547669898114552, 1.3547669898114552, 1.3547669898114552, 1.3547669898114552]",1.2042537640078135,True,False
episode_001_repeat_01/handoff_013,C3_ENTRY_SUFFIX,1056,"[18.74598815171204, 9.104627169756817, -1.8385883806153442]",1057,False,5,1.0536844789623852,"[6, 7, 7, 7, 7]","[8, 9, 9, 9, 9]","[8.0, 9.0, 9.0, 9.0, 9.0]","[1.2042537640078135, 1.3547669898114552, 1.3547669898114552, 1.3547669898114552, 1.3547669898114552]",1.2042537640078135,True,False
episode_001_repeat_01/handoff_013,C3_ENTRY_SUFFIX,1062,"[18.72509643611149, 9.027403466928742, -1.830763279864107]",1063,False,6,1.2042537640078135,"[7, 7, 7, 7, 7]","[9, 9, 9, 9, 9]","[9.0, 9.0, 9.0, 9.0, 9.0]","[1.3547669898114552, 1.3547669898114552, 1.3547669898114552, 1.3547669898114552, 1.3547669898114552]",1.3547669898114552,True,False
episode_001_repeat_01/handoff_013,C3_ENTRY_SUFFIX,1068,"[18.705836519246155, 8.952917052354174, -1.8157130837958637]",1069,False,6,1.2042537640078135,"[7, 7, 7, 7, 7]","[9, 9, 9, 9, 9]","[9.0, 9.0, 9.0, 9.0, 9.0]","[1.3547669898114552, 1.3547669898114552, 1.3547669898114552, 1.3547669898114552, 1.3547669898114552]",1.3547669898114552,True,False
episode_001_repeat_01/handoff_013,C3_ENTRY_SUFFIX,1074,"[18.69190459575499, 8.894910068171173, -1.7957749204106435]",1075,False,7,1.3547669898114552,"[7, 7, 7, 7, 7]","[9, 9, 9, 9, 9]","[9.0, 9.0, 9.0, 9.0, 9.0]","[1.3547669898114552, 1.3547669898114552, 1.3547669898114552, 1.3547669898114552, 1.3547669898114552]",1.3547669898114552,True,False
episode_001_repeat_01/handoff_013,C3_ENTRY_SUFFIX,1080,"[18.683449568559094, 8.856165082502468, -1.7737574948160015]",1081,False,7,1.3547669898114552,"[7, 7, 7, 7, 7]","[9, 9, 9, 9, 9]","[9.0, 9.0, 9.0, 9.0, 9.0]","[1.3547669898114552, 1.3547669898114552, 1.3547669898114552, 1.3547669898114552, 1.3547669898114552]",1.3547669898114552,True,False
episode_001_repeat_01/handoff_013,C3_ENTRY_SUFFIX,1086,"[18.67966159739077, 8.83687623398152, -1.7529778860644254]",1087,False,7,1.3547669898114552,"[7, 7, 7, 7, 7]","[9, 9, 9, 9, 9]","[9.0, 9.0, 9.0, 9.0, 9.0]","[1.3547669898114552, 1.3547669898114552, 1.3547669898114552, 1.3547669898114552, 1.3547669898114552]",1.3547669898114552,True,False
episode_001_repeat_01/handoff_013,C3_ENTRY_SUFFIX,1092,"[18.67917323621006, 8.834199701361428, -1.736841807226083]",1093,False,7,1.3547669898114552,"[7, 7, 7, 7, 7]","[9, 9, 9, 9, 9]","[9.0, 9.0, 9.0, 9.0, 9.0]","[1.3547669898114552, 1.3547669898114552, 1.3547669898114552, 1.3547669898114552, 1.3547669898114552]",1.3547669898114552,True,False
episode_001_repeat_01/handoff_013,C3_ENTRY_SUFFIX,1098,"[18.67917323618998, 8.834199701236049, -1.7249454611756514]",1099,False,7,1.3547669898114552,"[7, 7, 7, 7, 7]","[9, 9, 9, 9, 9]","[9.0, 9.0, 9.0, 9.0, 9.0]","[1.3547669898114552, 1.3547669898114552, 1.3547669898114552, 1.3547669898114552, 1.3547669898114552]",1.3547669898114552,True,False
episode_001_repeat_01/handoff_013,C3_ENTRY_SUFFIX,1104,"[18.679173236173376, 8.834199701126085, -1.716208973953635]",1105,False,7,1.3547669898114552,"[7, 7, 7, 7, 7]","[9, 9, 9, 9, 9]","[9.0, 9.0, 9.0, 9.0, 9.0]","[1.3547669898114552, 1.3547669898114552, 1.3547669898114552, 1.3547669898114552, 1.3547669898114552]",1.3547669898114552,True,False
episode_001_repeat_01/handoff_013,C3_ENTRY_SUFFIX,1110,"[18.67917323616263, 8.834199701051041, -1.7097949700375303]",1111,False,7,1.3547669898114552,"[7, 7, 7, 7, 7]","[9, 9, 9, 9, 9]","[9.0, 9.0, 9.0, 9.0, 9.0]","[1.3547669898114552, 1.3547669898114552, 1.3547669898114552, 1.3547669898114552, 1.3547669898114552]",1.3547669898114552,True,False
episode_001_repeat_01/handoff_013,C3_ENTRY_SUFFIX,1116,"[18.67917323615561, 8.834199701000019, -1.7050861569734566]",1117,False,7,1.3547669898114552,"[7, 7, 7, 7, 7]","[9, 9, 9, 9, 9]","[9.0, 9.0, 9.0, 9.0, 9.0]","[1.3547669898114552, 1.3547669898114552, 1.3547669898114552, 1.3547669898114552, 1.3547669898114552]",1.3547669898114552,True,False
episode_001_repeat_01/handoff_013,C3_ENTRY_SUFFIX,1122,"[18.67917323615106, 8.834199700965902, -1.7016292086148954]",1123,False,7,1.3547669898114552,"[7, 7, 7, 7, 7]","[9, 9, 9, 9, 9]","[9.0, 9.0, 9.0, 9.0, 9.0]","[1.3547669898114552, 1.3547669898114552, 1.3547669898114552, 1.3547669898114552, 1.3547669898114552]",1.3547669898114552,True,False
episode_001_repeat_01/handoff_013,C3_ENTRY_SUFFIX,1128,"[18.67917323614818, 8.83419970094383, -1.699091309974201]",1129,False,7,1.3547669898114552,"[7, 7, 7, 7, 7]","[9, 9, 9, 9, 9]","[9.0, 9.0, 9.0, 9.0, 9.0]","[1.3547669898114552, 1.3547669898114552, 1.3547669898114552, 1.3547669898114552, 1.3547669898114552]",1.3547669898114552,True,False
episode_001_repeat_01/handoff_013,C3_ENTRY_SUFFIX,1134,"[18.67917323614646, 8.834199700930409, -1.697228126388023]",1135,False,7,1.3547669898114552,"[7, 7, 7, 7, 7]","[9, 9, 9, 9, 9]","[9.0, 9.0, 9.0, 9.0, 9.0]","[1.3547669898114552, 1.3547669898114552, 1.3547669898114552, 1.3547669898114552, 1.3547669898114552]",1.3547669898114552,True,False
episode_001_repeat_01/handoff_013,C3_ENTRY_SUFFIX,1140,"[18.679173236145548, 8.834199700923238, -1.6958602809520145]",1141,False,7,1.3547669898114552,"[7, 7, 7, 7, 7]","[9, 9, 9, 9, 9]","[9.0, 9.0, 9.0, 9.0, 9.0]","[1.3547669898114552, 1.3547669898114552, 1.3547669898114552, 1.3547669898114552, 1.3547669898114552]",1.3547669898114552,True,False
episode_001_repeat_01/handoff_013,C3_ENTRY_SUFFIX,1146,"[18.679173236145225, 8.834199700920598, -1.6948560851494596]",1147,False,7,1.3547669898114552,"[7, 7, 7, 7, 7]","[9, 9, 9, 9, 9]","[9.0, 9.0, 9.0, 9.0, 9.0]","[1.3547669898114552, 1.3547669898114552, 1.3547669898114552, 1.3547669898114552, 1.3547669898114552]",1.3547669898114552,True,False
episode_001_repeat_01/handoff_013,C3_ENTRY_SUFFIX,1152,"[18.679173236145186, 8.834199700920276, -1.6941188606186062]",1153,False,7,1.3547669898114552,"[7, 7, 7, 7, 7]","[9, 9, 9, 9, 9]","[9.0, 9.0, 9.0, 9.0, 9.0]","[1.3547669898114552, 1.3547669898114552, 1.3547669898114552, 1.3547669898114552, 1.3547669898114552]",1.3547669898114552,True,False
episode_001_repeat_01/handoff_013,C3_ENTRY_SUFFIX,1158,"[18.679173236145186, 8.834199700920276, -1.6935776315002415]",1159,False,7,1.3547669898114552,"[7, 7, 7, 7, 7]","[9, 9, 9, 9, 9]","[9.0, 9.0, 9.0, 9.0, 9.0]","[1.3547669898114552, 1.3547669898114552, 1.3547669898114552, 1.3547669898114552, 1.3547669898114552]",1.3547669898114552,True,False
episode_001_repeat_01/handoff_013,C3_ENTRY_SUFFIX,1164,"[18.679173236145186, 8.834199700920276, -1.6931802912785006]",1165,False,7,1.3547669898114552,"[7, 7, 7, 7, 7]","[9, 9, 9, 9, 9]","[9.0, 9.0, 9.0, 9.0, 9.0]","[1.3547669898114552, 1.3547669898114552, 1.3547669898114552, 1.3547669898114552, 1.3547669898114552]",1.3547669898114552,True,False
episode_001_repeat_01/handoff_013,C3_ENTRY_SUFFIX,1170,"[18.679173236145186, 8.834199700920276, -1.6928885862566256]",1171,False,7,1.3547669898114552,"[7, 7, 7, 7, 7]","[9, 9, 9, 9, 9]","[9.0, 9.0, 9.0, 9.0, 9.0]","[1.3547669898114552, 1.3547669898114552, 1.3547669898114552, 1.3547669898114552, 1.3547669898114552]",1.3547669898114552,True,False
episode_001_repeat_01/handoff_013,C3_ENTRY_SUFFIX,1176,"[18.679173236145186, 8.834199700920276, -1.6926744327047558]",,True,7,1.3547669898114552,"[7, 7, 7, 7, 7]","[9, 9, 9, 9, 9]","[9.0, 9.0, 9.0, 9.0, 9.0]","[1.3547669898114552, 1.3547669898114552, 1.3547669898114552, 1.3547669898114552, 1.3547669898114552]",1.3547669898114552,True,False
episode_008_repeat_01/handoff_023,M0_NATIVE,1806,"[17.84115860483165, 31.810155537028734, -0.6838866723247516]",1807,False,3,0.4660374325348433,"[4, 5, 6, 7, 8]","[4, 5, 6, 7, 8]","[4.0, 5.0, 6.0, 7.0, 8.0]","[0.622519580537602, 0.7818642073294231, 0.9532488186114729, 1.1154259774657123, 1.2137220556700457]",0.622519580537602,False,False
episode_008_repeat_01/handoff_023,M0_NATIVE,1812,"[17.89467533677304, 31.771555297158006, -0.5639384914091585]",1813,False,3,0.4660374325348433,"[4, 5, 6, 7, 8]","[4, 5, 6, 7, 8]","[4.0, 5.0, 6.0, 7.0, 8.0]","[0.622519580537602, 0.7818642073294231, 0.9532488186114729, 1.1154259774657123, 1.2137220556700457]",0.622519580537602,False,False
episode_008_repeat_01/handoff_023,M0_NATIVE,1818,"[17.96394569777695, 31.73541913130142, -0.3939903076214719]",1819,False,4,0.622519580537602,"[5, 6, 7, 8, 9]","[5, 6, 7, 8, 9]","[5.0, 6.0, 7.0, 8.0, 9.0]","[0.7818642073294231, 0.9532488186114729, 1.1154259774657123, 1.2137220556700457, 1.2613384789876216]",0.7818642073294231,False,False
episode_008_repeat_01/handoff_023,M0_NATIVE,1824,"[18.040290161944082, 31.711943074373018, -0.2000481538079102]",1825,False,4,0.622519580537602,"[5, 6, 7, 8, 9]","[5, 6, 7, 8, 9]","[5.0, 6.0, 7.0, 8.0, 9.0]","[0.7818642073294231, 0.9532488186114729, 1.1154259774657123, 1.2137220556700457, 1.2613384789876216]",0.7818642073294231,False,False
episode_008_repeat_01/handoff_023,M0_NATIVE,1830,"[18.11966744157844, 31.702669660238662, -0.03846925720279204]",1831,False,5,0.7818642073294231,"[6, 7, 8, 9, 9]","[6, 7, 8, 9, 9]","[6.0, 7.0, 8.0, 9.0, 9.0]","[0.9532488186114729, 1.1154259774657123, 1.2137220556700457, 1.2613384789876216, 1.2613384789876216]",0.9532488186114729,True,False
episode_008_repeat_01/handoff_023,M0_NATIVE,1836,"[18.19958984275609, 31.704789616176445, 0.08660543492512174]",1837,False,5,0.7818642073294231,"[6, 7, 8, 9, 9]","[6, 7, 8, 9, 9]","[6.0, 7.0, 8.0, 9.0, 9.0]","[0.9532488186114729, 1.1154259774657123, 1.2137220556700457, 1.2613384789876216, 1.2613384789876216]",0.9532488186114729,True,False
episode_008_repeat_01/handoff_023,M0_NATIVE,1842,"[18.278880269291783, 31.71526106412495, 0.170044177443331]",1843,False,6,0.9532488186114729,"[7, 8, 9, 9, 9]","[7, 8, 9, 9, 9]","[7.0, 8.0, 9.0, 9.0, 9.0]","[1.1154259774657123, 1.2137220556700457, 1.2613384789876216, 1.2613384789876216, 1.2613384789876216]",1.1154259774657123,True,False
episode_008_repeat_01/handoff_023,M0_NATIVE,1848,"[18.357260090968843, 31.731225785402323, 0.228925455165911]",1849,False,6,0.9532488186114729,"[7, 8, 9, 9, 9]","[7, 8, 9, 9, 9]","[7.0, 8.0, 9.0, 9.0, 9.0]","[1.1154259774657123, 1.2137220556700457, 1.2613384789876216, 1.2613384789876216, 1.2613384789876216]",1.1154259774657123,True,False
episode_008_repeat_01/handoff_023,M0_NATIVE,1854,"[18.434785759297633, 31.750951346197102, 0.26638970865156386]",1855,False,6,0.9532488186114729,"[7, 8, 9, 9, 9]","[7, 8, 9, 9, 9]","[7.0, 8.0, 9.0, 9.0, 9.0]","[1.1154259774657123, 1.2137220556700457, 1.2613384789876216, 1.2613384789876216, 1.2613384789876216]",1.1154259774657123,True,False
episode_008_repeat_01/handoff_023,M0_NATIVE,1860,"[18.51173045475367, 31.772845362839085, 0.285596754880888]",1861,False,7,1.1154259774657123,"[8, 9, 9, 9, 9]","[8, 9, 9, 9, 9]","[8.0, 9.0, 9.0, 9.0, 9.0]","[1.2137220556700457, 1.2613384789876216, 1.2613384789876216, 1.2613384789876216, 1.2613384789876216]",1.2137220556700457,True,False
episode_008_repeat_01/handoff_023,M0_NATIVE,1866,"[18.58840600463877, 31.79566748540714, 0.29121838633034924]",1867,False,7,1.1154259774657123,"[8, 9, 9, 9, 9]","[8, 9, 9, 9, 9]","[8.0, 9.0, 9.0, 9.0, 9.0]","[1.2137220556700457, 1.2613384789876216, 1.2613384789876216, 1.2613384789876216, 1.2613384789876216]",1.2137220556700457,True,False
episode_008_repeat_01/handoff_023,M0_NATIVE,1872,"[18.651653816219266, 31.814395014590154, 0.2821028099396572]",1873,False,8,1.2137220556700457,"[9, 9, 9, 9, 9]","[9, 9, 9, 9, 9]","[9.0, 9.0, 9.0, 9.0, 9.0]","[1.2613384789876216, 1.2613384789876216, 1.2613384789876216, 1.2613384789876216, 1.2613384789876216]",1.2613384789876216,True,False
episode_008_repeat_01/handoff_023,M0_NATIVE,1878,"[18.69640250533123, 31.826990824268808, 0.26464232267748233]",1879,False,9,1.2613384789876216,"[9, 9, 9, 9, 9]","[9, 9, 9, 9, 9]","[9.0, 9.0, 9.0, 9.0, 9.0]","[1.2613384789876216, 1.2613384789876216, 1.2613384789876216, 1.2613384789876216, 1.2613384789876216]",1.2613384789876216,True,False
episode_008_repeat_01/handoff_023,M0_NATIVE,1884,"[18.72203122715559, 31.833681790098172, 0.2434541242802477]",1885,False,9,1.2613384789876216,"[9, 9, 9, 9, 9]","[9, 9, 9, 9, 9]","[9.0, 9.0, 9.0, 9.0, 9.0]","[1.2613384789876216, 1.2613384789876216, 1.2613384789876216, 1.2613384789876216, 1.2613384789876216]",1.2613384789876216,True,False
episode_008_repeat_01/handoff_023,M0_NATIVE,1890,"[18.728336600900715, 31.83521121793261, 0.22528022313068474]",1891,False,9,1.2613384789876216,"[9, 9, 9, 9, 9]","[9, 9, 9, 9, 9]","[9.0, 9.0, 9.0, 9.0, 9.0]","[1.2613384789876216, 1.2613384789876216, 1.2613384789876216, 1.2613384789876216, 1.2613384789876216]",1.2613384789876216,True,False
episode_008_repeat_01/handoff_023,M0_NATIVE,1896,"[18.728849313466938, 31.835327931115117, 0.21160888482220086]",1897,False,9,1.2613384789876216,"[9, 9, 9, 9, 9]","[9, 9, 9, 9, 9]","[9.0, 9.0, 9.0, 9.0, 9.0]","[1.2613384789876216, 1.2613384789876216, 1.2613384789876216, 1.2613384789876216, 1.2613384789876216]",1.2613384789876216,True,False
episode_008_repeat_01/handoff_023,M0_NATIVE,1902,"[18.728849314443526, 31.835327931319878, 0.20155341922005654]",1903,False,9,1.2613384789876216,"[9, 9, 9, 9, 9]","[9, 9, 9, 9, 9]","[9.0, 9.0, 9.0, 9.0, 9.0]","[1.2613384789876216, 1.2613384789876216, 1.2613384789876216, 1.2613384789876216, 1.2613384789876216]",1.2613384789876216,True,False
episode_008_repeat_01/handoff_023,M0_NATIVE,1908,"[18.728849315192043, 31.83532793146991, 0.1941701908561444]",1909,False,9,1.2613384789876216,"[9, 9, 9, 9, 9]","[9, 9, 9, 9, 9]","[9.0, 9.0, 9.0, 9.0, 9.0]","[1.2613384789876216, 1.2613384789876216, 1.2613384789876216, 1.2613384789876216, 1.2613384789876216]",1.2613384789876216,True,False
episode_008_repeat_01/handoff_023,M0_NATIVE,1914,"[18.728849315822103, 31.83532793159199, 0.1887497756744061]",1915,False,9,1.2613384789876216,"[9, 9, 9, 9, 9]","[9, 9, 9, 9, 9]","[9.0, 9.0, 9.0, 9.0, 9.0]","[1.2613384789876216, 1.2613384789876216, 1.2613384789876216, 1.2613384789876216, 1.2613384789876216]",1.2613384789876216,True,False
episode_008_repeat_01/handoff_023,M0_NATIVE,1920,"[18.728849316377094, 31.835327931696824, 0.18477040572025372]",1921,False,9,1.2613384789876216,"[9, 9, 9, 9, 9]","[9, 9, 9, 9, 9]","[9.0, 9.0, 9.0, 9.0, 9.0]","[1.2613384789876216, 1.2613384789876216, 1.2613384789876216, 1.2613384789876216, 1.2613384789876216]",1.2613384789876216,True,False
episode_008_repeat_01/handoff_023,M0_NATIVE,1926,"[18.728849316881806, 31.83532793179037, 0.1818489740621967]",1927,False,9,1.2613384789876216,"[9, 9, 9, 9, 9]","[9, 9, 9, 9, 9]","[9.0, 9.0, 9.0, 9.0, 9.0]","[1.2613384789876216, 1.2613384789876216, 1.2613384789876216, 1.2613384789876216, 1.2613384789876216]",1.2613384789876216,True,False
episode_008_repeat_01/handoff_023,M0_NATIVE,1932,"[18.728849317351877, 31.835327931876265, 0.17970422188082313]",1933,False,9,1.2613384789876216,"[9, 9, 9, 9, 9]","[9, 9, 9, 9, 9]","[9.0, 9.0, 9.0, 9.0, 9.0]","[1.2613384789876216, 1.2613384789876216, 1.2613384789876216, 1.2613384789876216, 1.2613384789876216]",1.2613384789876216,True,False
episode_008_repeat_01/handoff_023,M0_NATIVE,1938,"[18.72884931779764, 31.835327931956865, 0.1781296644613679]",1939,False,9,1.2613384789876216,"[9, 9, 9, 9, 9]","[9, 9, 9, 9, 9]","[9.0, 9.0, 9.0, 9.0, 9.0]","[1.2613384789876216, 1.2613384789876216, 1.2613384789876216, 1.2613384789876216, 1.2613384789876216]",1.2613384789876216,True,False
episode_008_repeat_01/handoff_023,M0_NATIVE,1944,"[18.72884931822612, 31.835327932033742, 0.17697371223247726]",1945,False,9,1.2613384789876216,"[9, 9, 9, 9, 9]","[9, 9, 9, 9, 9]","[9.0, 9.0, 9.0, 9.0, 9.0]","[1.2613384789876216, 1.2613384789876216, 1.2613384789876216, 1.2613384789876216, 1.2613384789876216]",1.2613384789876216,True,False
episode_008_repeat_01/handoff_023,M0_NATIVE,1950,"[18.728849318642208, 31.83532793210797, 0.17612507658524157]",1951,False,9,1.2613384789876216,"[9, 9, 9, 9, 9]","[9, 9, 9, 9, 9]","[9.0, 9.0, 9.0, 9.0, 9.0]","[1.2613384789876216, 1.2613384789876216, 1.2613384789876216, 1.2613384789876216, 1.2613384789876216]",1.2613384789876216,True,False
episode_008_repeat_01/handoff_023,M0_NATIVE,1956,"[18.72884931904935, 31.83532793218029, 0.17550205563030774]",1957,False,9,1.2613384789876216,"[9, 9, 9, 9, 9]","[9, 9, 9, 9, 9]","[9.0, 9.0, 9.0, 9.0, 9.0]","[1.2613384789876216, 1.2613384789876216, 1.2613384789876216, 1.2613384789876216, 1.2613384789876216]",1.2613384789876216,True,False
episode_008_repeat_01/handoff_023,M0_NATIVE,1962,"[18.728849319450003, 31.835327932251236, 0.17504466839769117]",1963,False,9,1.2613384789876216,"[9, 9, 9, 9, 9]","[9, 9, 9, 9, 9]","[9.0, 9.0, 9.0, 9.0, 9.0]","[1.2613384789876216, 1.2613384789876216, 1.2613384789876216, 1.2613384789876216, 1.2613384789876216]",1.2613384789876216,True,False
episode_008_repeat_01/handoff_023,M0_NATIVE,1968,"[18.728849319845935, 31.83532793232119, 0.1747088802049097]",1969,False,9,1.2613384789876216,"[9, 9, 9, 9, 9]","[9, 9, 9, 9, 9]","[9.0, 9.0, 9.0, 9.0, 9.0]","[1.2613384789876216, 1.2613384789876216, 1.2613384789876216, 1.2613384789876216, 1.2613384789876216]",1.2613384789876216,True,False
episode_008_repeat_01/handoff_023,M0_NATIVE,1974,"[18.72884932023842, 31.835327932390413, 0.17446236324432274]",1975,False,9,1.2613384789876216,"[9, 9, 9, 9, 9]","[9, 9, 9, 9, 9]","[9.0, 9.0, 9.0, 9.0, 9.0]","[1.2613384789876216, 1.2613384789876216, 1.2613384789876216, 1.2613384789876216, 1.2613384789876216]",1.2613384789876216,True,False
episode_008_repeat_01/handoff_023,M0_NATIVE,1980,"[18.728849320628395, 31.835327932459112, 0.17428138424280437]",1981,False,9,1.2613384789876216,"[9, 9, 9, 9, 9]","[9, 9, 9, 9, 9]","[9.0, 9.0, 9.0, 9.0, 9.0]","[1.2613384789876216, 1.2613384789876216, 1.2613384789876216, 1.2613384789876216, 1.2613384789876216]",1.2613384789876216,True,False
episode_008_repeat_01/handoff_023,FULL_LOCAL_SE2,1806,"[17.84115860483165, 31.810155537028734, -0.6838866723247516]",1807,False,0,0.0,"[1, 2, 3, 4, 5]","[1, 2, 3, 4, 5]","[1.0, 2.0, 3.0, 4.0, 5.0]","[0.16644321245535518, 0.31626567609193057, 0.4660374325348433, 0.622519580537602, 0.7818642073294231]",0.16644321245535518,False,False
episode_008_repeat_01/handoff_023,FULL_LOCAL_SE2,1812,"[17.894675336515586, 31.771555297313103, -0.5639384921907422]",1813,False,0,0.0,"[1, 2, 3, 4, 5]","[1, 2, 3, 4, 5]","[1.0, 2.0, 3.0, 4.0, 5.0]","[0.16644321245535518, 0.31626567609193057, 0.4660374325348433, 0.622519580537602, 0.7818642073294231]",0.16644321245535518,False,False
episode_008_repeat_01/handoff_023,FULL_LOCAL_SE2,1818,"[17.96385490558517, 31.73522921940033, -0.4003090418356883]",1819,False,1,0.16644321245535518,"[2, 3, 4, 5, 6]","[2, 3, 4, 5, 6]","[2.0, 3.0, 4.0, 5.0, 6.0]","[0.31626567609193057, 0.4660374325348433, 0.622519580537602, 0.7818642073294231, 0.9532488186114729]",0.31626567609193057,False,False
episode_008_repeat_01/handoff_023,FULL_LOCAL_SE2,1824,"[18.03974941728244, 31.710206079560187, -0.2380730055543916]",1825,False,1,0.16644321245535518,"[2, 3, 4, 5, 6]","[2, 3, 4, 5, 6]","[2.0, 3.0, 4.0, 5.0, 6.0]","[0.31626567609193057, 0.4660374325348433, 0.622519580537602, 0.7818642073294231, 0.9532488186114729]",0.31626567609193057,False,False
episode_008_repeat_01/handoff_023,FULL_LOCAL_SE2,1830,"[18.10204857289897, 31.699013054197945, -0.11919622704148569]",1831,False,2,0.31626567609193057,"[3, 4, 5, 6, 7]","[3, 4, 5, 6, 7]","[3.0, 4.0, 5.0, 6.0, 7.0]","[0.4660374325348433, 0.622519580537602, 0.7818642073294231, 0.9532488186114729, 1.1154259774657123]",0.4660374325348433,False,False
episode_008_repeat_01/handoff_023,FULL_LOCAL_SE2,1836,"[18.178185406048495, 31.694226526245636, -0.01056454918894456]",1837,False,3,0.4660374325348433,"[4, 5, 6, 7, 8]","[4, 5, 6, 7, 8]","[4.0, 5.0, 6.0, 7.0, 8.0]","[0.622519580537602, 0.7818642073294231, 0.9532488186114729, 1.1154259774657123, 1.2137220556700457]",0.622519580537602,False,False
episode_008_repeat_01/handoff_023,FULL_LOCAL_SE2,1842,"[18.258023406611706, 31.6973710068911, 0.08753281353553488]",1843,False,3,0.4660374325348433,"[4, 5, 6, 7, 8]","[4, 5, 6, 7, 8]","[4.0, 5.0, 6.0, 7.0, 8.0]","[0.622519580537602, 0.7818642073294231, 0.9532488186114729, 1.1154259774657123, 1.2137220556700457]",0.622519580537602,False,False
episode_008_repeat_01/handoff_023,FULL_LOCAL_SE2,1848,"[18.320867840441306, 31.705125782647617, 0.15653395724068853]",1849,False,4,0.622519580537602,"[5, 6, 7, 8, 9]","[5, 6, 7, 8, 9]","[5.0, 6.0, 7.0, 8.0, 9.0]","[0.7818642073294231, 0.9532488186114729, 1.1154259774657123, 1.2137220556700457, 1.2613384789876216]",0.7818642073294231,False,False
episode_008_repeat_01/handoff_023,FULL_LOCAL_SE2,1854,"[18.396201732476197, 31.7193083755579, 0.2123136751214716]",1855,False,5,0.7818642073294231,"[6, 7, 8, 9, 9]","[6, 7, 8, 9, 9]","[6.0, 7.0, 8.0, 9.0, 9.0]","[0.9532488186114729, 1.1154259774657123, 1.2137220556700457, 1.2613384789876216, 1.2613384789876216]",0.9532488186114729,True,False
episode_008_repeat_01/handoff_023,FULL_LOCAL_SE2,1860,"[18.47399735023134, 31.7379329615844, 0.2558725549918828]",1861,False,6,0.9532488186114729,"[7, 8, 9, 9, 9]","[7, 8, 9, 9, 9]","[7.0, 8.0, 9.0, 9.0, 9.0]","[1.1154259774657123, 1.2137220556700457, 1.2613384789876216, 1.2613384789876216, 1.2613384789876216]",1.1154259774657123,True,False
episode_008_repeat_01/handoff_023,FULL_LOCAL_SE2,1866,"[18.55107510524682, 31.759348900555363, 0.28392301318091606]",1867,False,7,1.1154259774657123,"[8, 9, 9, 9, 9]","[8, 9, 9, 9, 9]","[8.0, 9.0, 9.0, 9.0, 9.0]","[1.2137220556700457, 1.2613384789876216, 1.2613384789876216, 1.2613384789876216, 1.2613384789876216]",1.2137220556700457,True,False
episode_008_repeat_01/handoff_023,FULL_LOCAL_SE2,1872,"[18.625210189212954, 31.781442110749627, 0.29261072618829154]",1873,False,7,1.1154259774657123,"[8, 9, 9, 9, 9]","[8, 9, 9, 9, 9]","[8.0, 9.0, 9.0, 9.0, 9.0]","[1.2137220556700457, 1.2613384789876216, 1.2613384789876216, 1.2613384789876216, 1.2613384789876216]",1.2137220556700457,True,False
episode_008_repeat_01/handoff_023,FULL_LOCAL_SE2,1878,"[18.68286848616254, 31.798616424909014, 0.283563445656859]",1879,False,8,1.2137220556700457,"[9, 9, 9, 9, 9]","[9, 9, 9, 9, 9]","[9.0, 9.0, 9.0, 9.0, 9.0]","[1.2613384789876216, 1.2613384789876216, 1.2613384789876216, 1.2613384789876216, 1.2613384789876216]",1.2613384789876216,True,False
episode_008_repeat_01/handoff_023,FULL_LOCAL_SE2,1884,"[18.721516831116027, 31.809536145252785, 0.26470201872103605]",1885,False,9,1.2613384789876216,"[9, 9, 9, 9, 9]","[9, 9, 9, 9, 9]","[9.0, 9.0, 9.0, 9.0, 9.0]","[1.2613384789876216, 1.2613384789876216, 1.2613384789876216, 1.2613384789876216, 1.2613384789876216]",1.2613384789876216,True,False
episode_008_repeat_01/handoff_023,FULL_LOCAL_SE2,1890,"[18.74102466331077, 31.81462867170521, 0.24266794022618754]",1891,False,9,1.2613384789876216,"[9, 9, 9, 9, 9]","[9, 9, 9, 9, 9]","[9.0, 9.0, 9.0, 9.0, 9.0]","[1.2613384789876216, 1.2613384789876216, 1.2613384789876216, 1.2613384789876216, 1.2613384789876216]",1.2613384789876216,True,False
episode_008_repeat_01/handoff_023,FULL_LOCAL_SE2,1896,"[18.74374852107224, 31.81529756101937, 0.22488043321153572]",1897,False,9,1.2613384789876216,"[9, 9, 9, 9, 9]","[9, 9, 9, 9, 9]","[9.0, 9.0, 9.0, 9.0, 9.0]","[1.2613384789876216, 1.2613384789876216, 1.2613384789876216, 1.2613384789876216, 1.2613384789876216]",1.2613384789876216,True,False
episode_008_repeat_01/handoff_023,FULL_LOCAL_SE2,1902,"[18.743748521290478, 31.81529756106787, 0.21173012264037716]",1903,False,9,1.2613384789876216,"[9, 9, 9, 9, 9]","[9, 9, 9, 9, 9]","[9.0, 9.0, 9.0, 9.0, 9.0]","[1.2613384789876216, 1.2613384789876216, 1.2613384789876216, 1.2613384789876216, 1.2613384789876216]",1.2613384789876216,True,False
episode_008_repeat_01/handoff_023,FULL_LOCAL_SE2,1908,"[18.743748521400835, 31.815297561091075, 0.20207067786697763]",1909,False,9,1.2613384789876216,"[9, 9, 9, 9, 9]","[9, 9, 9, 9, 9]","[9.0, 9.0, 9.0, 9.0, 9.0]","[1.2613384789876216, 1.2613384789876216, 1.2613384789876216, 1.2613384789876216, 1.2613384789876216]",1.2613384789876216,True,False
episode_008_repeat_01/handoff_023,FULL_LOCAL_SE2,1914,"[18.743748521444243, 31.815297561099833, 0.1949789552535468]",1915,False,9,1.2613384789876216,"[9, 9, 9, 9, 9]","[9, 9, 9, 9, 9]","[9.0, 9.0, 9.0, 9.0, 9.0]","[1.2613384789876216, 1.2613384789876216, 1.2613384789876216, 1.2613384789876216, 1.2613384789876216]",1.2613384789876216,True,False
episode_008_repeat_01/handoff_023,FULL_LOCAL_SE2,1920,"[18.74374852144979, 31.815297561100923, 0.1897725912364887]",1921,False,9,1.2613384789876216,"[9, 9, 9, 9, 9]","[9, 9, 9, 9, 9]","[9.0, 9.0, 9.0, 9.0, 9.0]","[1.2613384789876216, 1.2613384789876216, 1.2613384789876216, 1.2613384789876216, 1.2613384789876216]",1.2613384789876216,True,False
episode_008_repeat_01/handoff_023,FULL_LOCAL_SE2,1926,"[18.74374852144979, 31.815297561100923, 0.1859503682717052]",1927,False,9,1.2613384789876216,"[9, 9, 9, 9, 9]","[9, 9, 9, 9, 9]","[9.0, 9.0, 9.0, 9.0, 9.0]","[1.2613384789876216, 1.2613384789876216, 1.2613384789876216, 1.2613384789876216, 1.2613384789876216]",1.2613384789876216,True,False
episode_008_repeat_01/handoff_023,FULL_LOCAL_SE2,1932,"[18.74374852144979, 31.815297561100923, 0.18314430535617854]",1933,False,9,1.2613384789876216,"[9, 9, 9, 9, 9]","[9, 9, 9, 9, 9]","[9.0, 9.0, 9.0, 9.0, 9.0]","[1.2613384789876216, 1.2613384789876216, 1.2613384789876216, 1.2613384789876216, 1.2613384789876216]",1.2613384789876216,True,False
episode_008_repeat_01/handoff_023,FULL_LOCAL_SE2,1938,"[18.74374852144979, 31.815297561100923, 0.1810842505099033]",1939,False,9,1.2613384789876216,"[9, 9, 9, 9, 9]","[9, 9, 9, 9, 9]","[9.0, 9.0, 9.0, 9.0, 9.0]","[1.2613384789876216, 1.2613384789876216, 1.2613384789876216, 1.2613384789876216, 1.2613384789876216]",1.2613384789876216,True,False
episode_008_repeat_01/handoff_023,FULL_LOCAL_SE2,1944,"[18.74374852144979, 31.815297561100923, 0.17957187317169865]",1945,False,9,1.2613384789876216,"[9, 9, 9, 9, 9]","[9, 9, 9, 9, 9]","[9.0, 9.0, 9.0, 9.0, 9.0]","[1.2613384789876216, 1.2613384789876216, 1.2613384789876216, 1.2613384789876216, 1.2613384789876216]",1.2613384789876216,True,False
episode_008_repeat_01/handoff_023,FULL_LOCAL_SE2,1950,"[18.74374852144979, 31.815297561100923, 0.1784615701053891]",1951,False,9,1.2613384789876216,"[9, 9, 9, 9, 9]","[9, 9, 9, 9, 9]","[9.0, 9.0, 9.0, 9.0, 9.0]","[1.2613384789876216, 1.2613384789876216, 1.2613384789876216, 1.2613384789876216, 1.2613384789876216]",1.2613384789876216,True,False
episode_008_repeat_01/handoff_023,FULL_LOCAL_SE2,1956,"[18.74374852144979, 31.815297561100923, 0.1776464475378945]",1957,False,9,1.2613384789876216,"[9, 9, 9, 9, 9]","[9, 9, 9, 9, 9]","[9.0, 9.0, 9.0, 9.0, 9.0]","[1.2613384789876216, 1.2613384789876216, 1.2613384789876216, 1.2613384789876216, 1.2613384789876216]",1.2613384789876216,True,False
episode_008_repeat_01/handoff_023,FULL_LOCAL_SE2,1962,"[18.74374852144979, 31.815297561100923, 0.17704803002455227]",1963,False,9,1.2613384789876216,"[9, 9, 9, 9, 9]","[9, 9, 9, 9, 9]","[9.0, 9.0, 9.0, 9.0, 9.0]","[1.2613384789876216, 1.2613384789876216, 1.2613384789876216, 1.2613384789876216, 1.2613384789876216]",1.2613384789876216,True,False
episode_008_repeat_01/handoff_023,FULL_LOCAL_SE2,1968,"[18.74374852144979, 31.815297561100923, 0.17660870527200734]",1969,False,9,1.2613384789876216,"[9, 9, 9, 9, 9]","[9, 9, 9, 9, 9]","[9.0, 9.0, 9.0, 9.0, 9.0]","[1.2613384789876216, 1.2613384789876216, 1.2613384789876216, 1.2613384789876216, 1.2613384789876216]",1.2613384789876216,True,False
episode_008_repeat_01/handoff_023,FULL_LOCAL_SE2,1974,"[18.74374852144979, 31.815297561100923, 0.17628617754865594]",1975,False,9,1.2613384789876216,"[9, 9, 9, 9, 9]","[9, 9, 9, 9, 9]","[9.0, 9.0, 9.0, 9.0, 9.0]","[1.2613384789876216, 1.2613384789876216, 1.2613384789876216, 1.2613384789876216, 1.2613384789876216]",1.2613384789876216,True,False
episode_008_repeat_01/handoff_023,FULL_LOCAL_SE2,1980,"[18.74374852144979, 31.815297561100923, 0.1760493956880267]",1981,False,9,1.2613384789876216,"[9, 9, 9, 9, 9]","[9, 9, 9, 9, 9]","[9.0, 9.0, 9.0, 9.0, 9.0]","[1.2613384789876216, 1.2613384789876216, 1.2613384789876216, 1.2613384789876216, 1.2613384789876216]",1.2613384789876216,True,False
episode_008_repeat_01/handoff_023,C3_ENTRY_SUFFIX,1806,"[17.84115860483165, 31.810155537028734, -0.6838866723247516]",1807,False,0,0.46193137914572885,"[1, 2, 3, 4, 5]","[3, 4, 5, 6, 7]","[3.0, 4.0, 5.0, 6.0, 7.0]","[0.4660374325348433, 0.622519580537602, 0.7818642073294231, 0.9532488186114729, 1.1154259774657123]",0.4660374325348433,False,False
episode_008_repeat_01/handoff_023,C3_ENTRY_SUFFIX,1812,"[17.88831908562602, 31.776068075144615, -0.563938491707944]",1813,False,1,0.4660374325348433,"[2, 3, 4, 5, 6]","[4, 5, 6, 7, 8]","[4.0, 5.0, 6.0, 7.0, 8.0]","[0.622519580537602, 0.7818642073294231, 0.9532488186114729, 1.1154259774657123, 1.2137220556700457]",0.622519580537602,False,False
episode_008_repeat_01/handoff_023,C3_ENTRY_SUFFIX,1818,"[17.95626235300322, 31.740751500460277, -0.393990308287262]",1819,False,2,0.622519580537602,"[3, 4, 5, 6, 7]","[5, 6, 7, 8, 9]","[5.0, 6.0, 7.0, 8.0, 9.0]","[0.7818642073294231, 0.9532488186114729, 1.1154259774657123, 1.2137220556700457, 1.2613384789876216]",0.7818642073294231,False,False
episode_008_repeat_01/handoff_023,C3_ENTRY_SUFFIX,1824,"[18.032601480714295, 31.717254971613052, -0.20068330728119665]",1825,False,2,0.622519580537602,"[3, 4, 5, 6, 7]","[5, 6, 7, 8, 9]","[5.0, 6.0, 7.0, 8.0, 9.0]","[0.7818642073294231, 0.9532488186114729, 1.1154259774657123, 1.2137220556700457, 1.2613384789876216]",0.7818642073294231,False,False
episode_008_repeat_01/handoff_023,C3_ENTRY_SUFFIX,1830,"[18.11196961725735, 31.707895113447297, -0.04003789376053257]",1831,False,3,0.7818642073294231,"[4, 5, 6, 7, 7]","[6, 7, 8, 9, 9]","[6.0, 7.0, 8.0, 9.0, 9.0]","[0.9532488186114729, 1.1154259774657123, 1.2137220556700457, 1.2613384789876216, 1.2613384789876216]",0.9532488186114729,True,False
episode_008_repeat_01/handoff_023,C3_ENTRY_SUFFIX,1836,"[18.191897286087467, 31.709845134652394, 0.08389154719530145]",1837,False,3,0.7818642073294231,"[4, 5, 6, 7, 7]","[6, 7, 8, 9, 9]","[6.0, 7.0, 8.0, 9.0, 9.0]","[0.9532488186114729, 1.1154259774657123, 1.2137220556700457, 1.2613384789876216, 1.2613384789876216]",0.9532488186114729,True,False
episode_008_repeat_01/handoff_023,C3_ENTRY_SUFFIX,1842,"[18.271223445243265, 31.720048116975057, 0.16595270995899591]",1843,False,3,0.7818642073294231,"[4, 5, 6, 7, 7]","[6, 7, 8, 9, 9]","[6.0, 7.0, 8.0, 9.0, 9.0]","[0.9532488186114729, 1.1154259774657123, 1.2137220556700457, 1.2613384789876216, 1.2613384789876216]",0.9532488186114729,True,False
episode_008_repeat_01/handoff_023,C3_ENTRY_SUFFIX,1848,"[18.349723732573864, 31.735425211923097, 0.21693956668279268]",1849,False,4,0.9532488186114729,"[5, 6, 7, 7, 7]","[7, 8, 9, 9, 9]","[7.0, 8.0, 9.0, 9.0, 9.0]","[1.1154259774657123, 1.2137220556700457, 1.2613384789876216, 1.2613384789876216, 1.2613384789876216]",1.1154259774657123,True,False
episode_008_repeat_01/handoff_023,C3_ENTRY_SUFFIX,1854,"[18.427492243859056, 31.754169195441467, 0.2546709847329245]",1855,False,4,0.9532488186114729,"[5, 6, 7, 7, 7]","[7, 8, 9, 9, 9]","[7.0, 8.0, 9.0, 9.0, 9.0]","[1.1154259774657123, 1.2137220556700457, 1.2613384789876216, 1.2613384789876216, 1.2613384789876216]",1.1154259774657123,True,False
episode_008_repeat_01/handoff_023,C3_ENTRY_SUFFIX,1860,"[18.50466197515468, 31.775255094221865, 0.27640478882998565]",1861,False,5,1.1154259774657123,"[6, 7, 7, 7, 7]","[8, 9, 9, 9, 9]","[8.0, 9.0, 9.0, 9.0, 9.0]","[1.2137220556700457, 1.2613384789876216, 1.2613384789876216, 1.2613384789876216, 1.2613384789876216]",1.2137220556700457,True,False
episode_008_repeat_01/handoff_023,C3_ENTRY_SUFFIX,1866,"[18.581515051072156, 31.79747170849797, 0.28463710665693753]",1867,False,5,1.1154259774657123,"[6, 7, 7, 7, 7]","[8, 9, 9, 9, 9]","[8.0, 9.0, 9.0, 9.0, 9.0]","[1.2137220556700457, 1.2613384789876216, 1.2613384789876216, 1.2613384789876216, 1.2613384789876216]",1.2137220556700457,True,False
episode_008_repeat_01/handoff_023,C3_ENTRY_SUFFIX,1872,"[18.64612681084098, 31.816217825971343, 0.2777425852945359]",1873,False,6,1.2137220556700457,"[7, 7, 7, 7, 7]","[9, 9, 9, 9, 9]","[9.0, 9.0, 9.0, 9.0, 9.0]","[1.2613384789876216, 1.2613384789876216, 1.2613384789876216, 1.2613384789876216, 1.2613384789876216]",1.2613384789876216,True,False
episode_008_repeat_01/handoff_023,C3_ENTRY_SUFFIX,1878,"[18.692438858552276, 31.82907837761338, 0.26205585640838835]",1879,False,7,1.2613384789876216,"[7, 7, 7, 7, 7]","[9, 9, 9, 9, 9]","[9.0, 9.0, 9.0, 9.0, 9.0]","[1.2613384789876216, 1.2613384789876216, 1.2613384789876216, 1.2613384789876216, 1.2613384789876216]",1.2613384789876216,True,False
episode_008_repeat_01/handoff_023,C3_ENTRY_SUFFIX,1884,"[18.71960776959988, 31.83611191482426, 0.24210635198355623]",1885,False,7,1.2613384789876216,"[7, 7, 7, 7, 7]","[9, 9, 9, 9, 9]","[9.0, 9.0, 9.0, 9.0, 9.0]","[1.2613384789876216, 1.2613384789876216, 1.2613384789876216, 1.2613384789876216, 1.2613384789876216]",1.2613384789876216,True,False
episode_008_repeat_01/handoff_023,C3_ENTRY_SUFFIX,1890,"[18.72744907946043, 31.837998153163547, 0.22440512173065175]",1891,False,7,1.2613384789876216,"[7, 7, 7, 7, 7]","[9, 9, 9, 9, 9]","[9.0, 9.0, 9.0, 9.0, 9.0]","[1.2613384789876216, 1.2613384789876216, 1.2613384789876216, 1.2613384789876216, 1.2613384789876216]",1.2613384789876216,True,False
episode_008_repeat_01/handoff_023,C3_ENTRY_SUFFIX,1896,"[18.7282181842069, 31.838172546107778, 0.21097294170873404]",1897,False,7,1.2613384789876216,"[7, 7, 7, 7, 7]","[9, 9, 9, 9, 9]","[9.0, 9.0, 9.0, 9.0, 9.0]","[1.2613384789876216, 1.2613384789876216, 1.2613384789876216, 1.2613384789876216, 1.2613384789876216]",1.2613384789876216,True,False
episode_008_repeat_01/handoff_023,C3_ENTRY_SUFFIX,1902,"[18.7282181850625, 31.83817254628622, 0.20108691532476142]",1903,False,7,1.2613384789876216,"[7, 7, 7, 7, 7]","[9, 9, 9, 9, 9]","[9.0, 9.0, 9.0, 9.0, 9.0]","[1.2613384789876216, 1.2613384789876216, 1.2613384789876216, 1.2613384789876216, 1.2613384789876216]",1.2613384789876216,True,False
episode_008_repeat_01/handoff_023,C3_ENTRY_SUFFIX,1908,"[18.72821818581146, 31.838172546436017, 0.1938277307595282]",1909,False,7,1.2613384789876216,"[7, 7, 7, 7, 7]","[9, 9, 9, 9, 9]","[9.0, 9.0, 9.0, 9.0, 9.0]","[1.2613384789876216, 1.2613384789876216, 1.2613384789876216, 1.2613384789876216, 1.2613384789876216]",1.2613384789876216,True,False
episode_008_repeat_01/handoff_023,C3_ENTRY_SUFFIX,1914,"[18.728218186446608, 31.83817254655889, 0.18849836175569035]",1915,False,7,1.2613384789876216,"[7, 7, 7, 7, 7]","[9, 9, 9, 9, 9]","[9.0, 9.0, 9.0, 9.0, 9.0]","[1.2613384789876216, 1.2613384789876216, 1.2613384789876216, 1.2613384789876216, 1.2613384789876216]",1.2613384789876216,True,False
episode_008_repeat_01/handoff_023,C3_ENTRY_SUFFIX,1920,"[18.72821818700914, 31.83817254666503, 0.18458583169913956]",1921,False,7,1.2613384789876216,"[7, 7, 7, 7, 7]","[9, 9, 9, 9, 9]","[9.0, 9.0, 9.0, 9.0, 9.0]","[1.2613384789876216, 1.2613384789876216, 1.2613384789876216, 1.2613384789876216, 1.2613384789876216]",1.2613384789876216,True,False
episode_008_repeat_01/handoff_023,C3_ENTRY_SUFFIX,1926,"[18.72821818752288, 31.838172546760163, 0.1817134701030012]",1927,False,7,1.2613384789876216,"[7, 7, 7, 7, 7]","[9, 9, 9, 9, 9]","[9.0, 9.0, 9.0, 9.0, 9.0]","[1.2613384789876216, 1.2613384789876216, 1.2613384789876216, 1.2613384789876216, 1.2613384789876216]",1.2613384789876216,True,False
episode_008_repeat_01/handoff_023,C3_ENTRY_SUFFIX,1932,"[18.728218188002938, 31.838172546847826, 0.17960474242139224]",1933,False,7,1.2613384789876216,"[7, 7, 7, 7, 7]","[9, 9, 9, 9, 9]","[9.0, 9.0, 9.0, 9.0, 9.0]","[1.2613384789876216, 1.2613384789876216, 1.2613384789876216, 1.2613384789876216, 1.2613384789876216]",1.2613384789876216,True,False
episode_008_repeat_01/handoff_023,C3_ENTRY_SUFFIX,1938,"[18.728218188459323, 31.838172546930306, 0.17805663218071333]",1939,False,7,1.2613384789876216,"[7, 7, 7, 7, 7]","[9, 9, 9, 9, 9]","[9.0, 9.0, 9.0, 9.0, 9.0]","[1.2613384789876216, 1.2613384789876216, 1.2613384789876216, 1.2613384789876216, 1.2613384789876216]",1.2613384789876216,True,False
episode_008_repeat_01/handoff_023,C3_ENTRY_SUFFIX,1944,"[18.72821818889886, 31.83817254700914, 0.17692009599571001]",1945,False,7,1.2613384789876216,"[7, 7, 7, 7, 7]","[9, 9, 9, 9, 9]","[9.0, 9.0, 9.0, 9.0, 9.0]","[1.2613384789876216, 1.2613384789876216, 1.2613384789876216, 1.2613384789876216, 1.2613384789876216]",1.2613384789876216,True,False
episode_008_repeat_01/handoff_023,C3_ENTRY_SUFFIX,1950,"[18.728218189326313, 31.83817254708537, 0.17608571452518618]",1951,False,7,1.2613384789876216,"[7, 7, 7, 7, 7]","[9, 9, 9, 9, 9]","[9.0, 9.0, 9.0, 9.0, 9.0]","[1.2613384789876216, 1.2613384789876216, 1.2613384789876216, 1.2613384789876216, 1.2613384789876216]",1.2613384789876216,True,False
episode_008_repeat_01/handoff_023,C3_ENTRY_SUFFIX,1956,"[18.728218189745032, 31.838172547159733, 0.17547315819191356]",1957,False,7,1.2613384789876216,"[7, 7, 7, 7, 7]","[9, 9, 9, 9, 9]","[9.0, 9.0, 9.0, 9.0, 9.0]","[1.2613384789876216, 1.2613384789876216, 1.2613384789876216, 1.2613384789876216, 1.2613384789876216]",1.2613384789876216,True,False
episode_008_repeat_01/handoff_023,C3_ENTRY_SUFFIX,1962,"[18.72821819015742, 31.838172547232748, 0.17502345350095805]",1963,False,7,1.2613384789876216,"[7, 7, 7, 7, 7]","[9, 9, 9, 9, 9]","[9.0, 9.0, 9.0, 9.0, 9.0]","[1.2613384789876216, 1.2613384789876216, 1.2613384789876216, 1.2613384789876216, 1.2613384789876216]",1.2613384789876216,True,False
episode_008_repeat_01/handoff_023,C3_ENTRY_SUFFIX,1968,"[18.728218190565197, 31.838172547304787, 0.17469330540184247]",1969,False,7,1.2613384789876216,"[7, 7, 7, 7, 7]","[9, 9, 9, 9, 9]","[9.0, 9.0, 9.0, 9.0, 9.0]","[1.2613384789876216, 1.2613384789876216, 1.2613384789876216, 1.2613384789876216, 1.2613384789876216]",1.2613384789876216,True,False
episode_008_repeat_01/handoff_023,C3_ENTRY_SUFFIX,1974,"[18.728218190969606, 31.83817254737611, 0.17445092908349835]",1975,False,7,1.2613384789876216,"[7, 7, 7, 7, 7]","[9, 9, 9, 9, 9]","[9.0, 9.0, 9.0, 9.0, 9.0]","[1.2613384789876216, 1.2613384789876216, 1.2613384789876216, 1.2613384789876216, 1.2613384789876216]",1.2613384789876216,True,False
episode_008_repeat_01/handoff_023,C3_ENTRY_SUFFIX,1980,"[18.728218191371564, 31.838172547446916, 0.1742729899106057]",1981,False,7,1.2613384789876216,"[7, 7, 7, 7, 7]","[9, 9, 9, 9, 9]","[9.0, 9.0, 9.0, 9.0, 9.0]","[1.2613384789876216, 1.2613384789876216, 1.2613384789876216, 1.2613384789876216, 1.2613384789876216]",1.2613384789876216,True,False
episode_013_repeat_00/handoff_020,M0_NATIVE,1524,"[19.668567955248744, 8.99227202834442, -1.3595769416513406]",1525,False,2,0.30546831557487586,"[3, 4, 5, 6, 7]","[3, 4, 5, 6, 7]","[3.0, 4.0, 5.0, 6.0, 7.0]","[0.45883511071820704, 0.6138007930114752, 0.7725044668878132, 0.9296483957748217, 1.0817901475882177]",0.45883511071820704,False,False
episode_013_repeat_00/handoff_020,M0_NATIVE,1530,"[19.680042344044157, 8.925176867134407, -1.4475496588114387]",1531,False,2,0.30546831557487586,"[3, 4, 5, 6, 7]","[3, 4, 5, 6, 7]","[3.0, 4.0, 5.0, 6.0, 7.0]","[0.45883511071820704, 0.6138007930114752, 0.7725044668878132, 0.9296483957748217, 1.0817901475882177]",0.45883511071820704,False,False
episode_013_repeat_00/handoff_020,M0_NATIVE,1536,"[19.683703792146858, 8.863579567918839, -1.5855223794643347]",1537,False,3,0.45883511071820704,"[4, 5, 6, 7, 8]","[4, 5, 6, 7, 8]","[4.0, 5.0, 6.0, 7.0, 8.0]","[0.6138007930114752, 0.7725044668878132, 0.9296483957748217, 1.0817901475882177, 1.195372803746719]",0.6138007930114752,False,False
episode_013_repeat_00/handoff_020,M0_NATIVE,1542,"[19.675402928815032, 8.787477207532728, -1.7734951032631512]",1543,False,3,0.45883511071820704,"[4, 5, 6, 7, 8]","[4, 5, 6, 7, 8]","[4.0, 5.0, 6.0, 7.0, 8.0]","[0.6138007930114752, 0.7725044668878132, 0.9296483957748217, 1.0817901475882177, 1.195372803746719]",0.6138007930114752,False,False
episode_013_repeat_00/handoff_020,M0_NATIVE,1548,"[19.65093143589911, 8.711488904585368, -1.9954917056165704]",1549,False,4,0.6138007930114752,"[5, 6, 7, 8, 9]","[5, 6, 7, 8, 9]","[5.0, 6.0, 7.0, 8.0, 9.0]","[0.7725044668878132, 0.9296483957748217, 1.0817901475882177, 1.195372803746719, 1.2832864102478099]",0.7725044668878132,False,False
episode_013_repeat_00/handoff_020,M0_NATIVE,1554,"[19.61063776671362, 8.642534674940539, -2.199998928571364]",1555,False,4,0.6138007930114752,"[5, 6, 7, 8, 9]","[5, 6, 7, 8, 9]","[5.0, 6.0, 7.0, 8.0, 9.0]","[0.7725044668878132, 0.9296483957748217, 1.0817901475882177, 1.195372803746719, 1.2832864102478099]",0.7725044668878132,False,False
episode_013_repeat_00/handoff_020,M0_NATIVE,1560,"[19.558429780676544, 8.582022578637485, -2.3583798769407758]",1561,False,5,0.7725044668878132,"[6, 7, 8, 9, 9]","[6, 7, 8, 9, 9]","[6.0, 7.0, 8.0, 9.0, 9.0]","[0.9296483957748217, 1.0817901475882177, 1.195372803746719, 1.2832864102478099, 1.2832864102478099]",0.9296483957748217,True,False
episode_013_repeat_00/handoff_020,M0_NATIVE,1566,"[19.498310837077373, 8.529314408416706, -2.4805338546095648]",1567,False,5,0.7725044668878132,"[6, 7, 8, 9, 9]","[6, 7, 8, 9, 9]","[6.0, 7.0, 8.0, 9.0, 9.0]","[0.9296483957748217, 1.0817901475882177, 1.195372803746719, 1.2832864102478099, 1.2832864102478099]",0.9296483957748217,True,False
episode_013_repeat_00/handoff_020,M0_NATIVE,1572,"[19.433128516440267, 8.482965712726042, -2.560291451005111]",1573,False,6,0.9296483957748217,"[7, 8, 9, 9, 9]","[7, 8, 9, 9, 9]","[7.0, 8.0, 9.0, 9.0, 9.0]","[1.0817901475882177, 1.195372803746719, 1.2832864102478099, 1.2832864102478099, 1.2832864102478099]",1.0817901475882177,True,False
episode_013_repeat_00/handoff_020,M0_NATIVE,1578,"[19.364920220451996, 8.44118434889822, -2.6218945094703314]",1579,False,6,0.9296483957748217,"[7, 8, 9, 9, 9]","[7, 8, 9, 9, 9]","[7.0, 8.0, 9.0, 9.0, 9.0]","[1.0817901475882177, 1.195372803746719, 1.2832864102478099, 1.2832864102478099, 1.2832864102478099]",1.0817901475882177,True,False
episode_013_repeat_00/handoff_020,M0_NATIVE,1584,"[19.294619020393576, 8.403014965131293, -2.663503601926211]",1585,False,6,0.9296483957748217,"[7, 8, 9, 9, 9]","[7, 8, 9, 9, 9]","[7.0, 8.0, 9.0, 9.0, 9.0]","[1.0817901475882177, 1.195372803746719, 1.2832864102478099, 1.2832864102478099, 1.2832864102478099]",1.0817901475882177,True,False
episode_013_repeat_00/handoff_020,M0_NATIVE,1590,"[19.223092839688178, 8.367186193339672, -2.688792193266578]",1591,False,7,1.0817901475882177,"[8, 9, 9, 9, 9]","[8, 9, 9, 9, 9]","[8.0, 9.0, 9.0, 9.0, 9.0]","[1.195372803746719, 1.2832864102478099, 1.2832864102478099, 1.2832864102478099, 1.2832864102478099]",1.195372803746719,True,False
episode_013_repeat_00/handoff_020,M0_NATIVE,1596,"[19.150784316343834, 8.332962789231743, -2.7100267773628732]",1597,False,7,1.0817901475882177,"[8, 9, 9, 9, 9]","[8, 9, 9, 9, 9]","[8.0, 9.0, 9.0, 9.0, 9.0]","[1.195372803746719, 1.2832864102478099, 1.2832864102478099, 1.2832864102478099, 1.2832864102478099]",1.195372803746719,True,False
episode_013_repeat_00/handoff_020,M0_NATIVE,1602,"[19.078940534876594, 8.300291595696299, -2.7172986518583575]",1603,False,8,1.195372803746719,"[9, 9, 9, 9, 9]","[9, 9, 9, 9, 9]","[9.0, 9.0, 9.0, 9.0, 9.0]","[1.2832864102478099, 1.2832864102478099, 1.2832864102478099, 1.2832864102478099, 1.2832864102478099]",1.2832864102478099,True,False
episode_013_repeat_00/handoff_020,M0_NATIVE,1608,"[19.022404644534724, 8.27474013740186, -2.7158794301061864]",1609,False,9,1.2832864102478099,"[9, 9, 9, 9, 9]","[9, 9, 9, 9, 9]","[9.0, 9.0, 9.0, 9.0, 9.0]","[1.2832864102478099, 1.2832864102478099, 1.2832864102478099, 1.2832864102478099, 1.2832864102478099]",1.2832864102478099,True,False
episode_013_repeat_00/handoff_020,M0_NATIVE,1614,"[18.98417744788178, 8.257242108789136, -2.7071754230899567]",1615,False,9,1.2832864102478099,"[9, 9, 9, 9, 9]","[9, 9, 9, 9, 9]","[9.0, 9.0, 9.0, 9.0, 9.0]","[1.2832864102478099, 1.2832864102478099, 1.2832864102478099, 1.2832864102478099, 1.2832864102478099]",1.2832864102478099,True,False
episode_013_repeat_00/handoff_020,M0_NATIVE,1620,"[18.9642303844142, 8.247863994438584, -2.695187108047374]",1621,False,9,1.2832864102478099,"[9, 9, 9, 9, 9]","[9, 9, 9, 9, 9]","[9.0, 9.0, 9.0, 9.0, 9.0]","[1.2832864102478099, 1.2832864102478099, 1.2832864102478099, 1.2832864102478099, 1.2832864102478099]",1.2832864102478099,True,False
episode_013_repeat_00/handoff_020,M0_NATIVE,1626,"[18.961419256250725, 8.246514932986724, -2.685290445299049]",1627,False,9,1.2832864102478099,"[9, 9, 9, 9, 9]","[9, 9, 9, 9, 9]","[9.0, 9.0, 9.0, 9.0, 9.0]","[1.2832864102478099, 1.2832864102478099, 1.2832864102478099, 1.2832864102478099, 1.2832864102478099]",1.2832864102478099,True,False
episode_013_repeat_00/handoff_020,M0_NATIVE,1632,"[18.961419256250725, 8.246514932986724, -2.6779625114180874]",1633,False,9,1.2832864102478099,"[9, 9, 9, 9, 9]","[9, 9, 9, 9, 9]","[9.0, 9.0, 9.0, 9.0, 9.0]","[1.2832864102478099, 1.2832864102478099, 1.2832864102478099, 1.2832864102478099, 1.2832864102478099]",1.2832864102478099,True,False
episode_013_repeat_00/handoff_020,M0_NATIVE,1638,"[18.961419256250725, 8.246514932986724, -2.672579201897584]",1639,False,9,1.2832864102478099,"[9, 9, 9, 9, 9]","[9, 9, 9, 9, 9]","[9.0, 9.0, 9.0, 9.0, 9.0]","[1.2832864102478099, 1.2832864102478099, 1.2832864102478099, 1.2832864102478099, 1.2832864102478099]",1.2832864102478099,True,False
episode_013_repeat_00/handoff_020,M0_NATIVE,1644,"[18.961419256250725, 8.246514932986724, -2.6686268743773778]",1645,False,9,1.2832864102478099,"[9, 9, 9, 9, 9]","[9, 9, 9, 9, 9]","[9.0, 9.0, 9.0, 9.0, 9.0]","[1.2832864102478099, 1.2832864102478099, 1.2832864102478099, 1.2832864102478099, 1.2832864102478099]",1.2832864102478099,True,False
episode_013_repeat_00/handoff_020,M0_NATIVE,1650,"[18.961419256250725, 8.246514932986724, -2.665725284528742]",1651,False,9,1.2832864102478099,"[9, 9, 9, 9, 9]","[9, 9, 9, 9, 9]","[9.0, 9.0, 9.0, 9.0, 9.0]","[1.2832864102478099, 1.2832864102478099, 1.2832864102478099, 1.2832864102478099, 1.2832864102478099]",1.2832864102478099,True,False
episode_013_repeat_00/handoff_020,M0_NATIVE,1656,"[18.961419256250725, 8.246514932986724, -2.663595098498594]",1657,False,9,1.2832864102478099,"[9, 9, 9, 9, 9]","[9, 9, 9, 9, 9]","[9.0, 9.0, 9.0, 9.0, 9.0]","[1.2832864102478099, 1.2832864102478099, 1.2832864102478099, 1.2832864102478099, 1.2832864102478099]",1.2832864102478099,True,False
episode_013_repeat_00/handoff_020,M0_NATIVE,1662,"[18.961419255568728, 8.24651493263258, -2.6620312365335046]",1663,False,9,1.2832864102478099,"[9, 9, 9, 9, 9]","[9, 9, 9, 9, 9]","[9.0, 9.0, 9.0, 9.0, 9.0]","[1.2832864102478099, 1.2832864102478099, 1.2832864102478099, 1.2832864102478099, 1.2832864102478099]",1.2832864102478099,True,False
episode_013_repeat_00/handoff_020,M0_NATIVE,1668,"[18.961419254768057, 8.246514932215579, -2.660883136767011]",1669,False,9,1.2832864102478099,"[9, 9, 9, 9, 9]","[9, 9, 9, 9, 9]","[9.0, 9.0, 9.0, 9.0, 9.0]","[1.2832864102478099, 1.2832864102478099, 1.2832864102478099, 1.2832864102478099, 1.2832864102478099]",1.2832864102478099,True,False
episode_013_repeat_00/handoff_020,M0_NATIVE,1674,"[18.961419253983568, 8.246514931806018, -2.6600402659753417]",1675,False,9,1.2832864102478099,"[9, 9, 9, 9, 9]","[9, 9, 9, 9, 9]","[9.0, 9.0, 9.0, 9.0, 9.0]","[1.2832864102478099, 1.2832864102478099, 1.2832864102478099, 1.2832864102478099, 1.2832864102478099]",1.2832864102478099,True,False
episode_013_repeat_00/handoff_020,M0_NATIVE,1680,"[18.961419253210735, 8.246514931401824, -2.6594214772492952]",1681,False,9,1.2832864102478099,"[9, 9, 9, 9, 9]","[9, 9, 9, 9, 9]","[9.0, 9.0, 9.0, 9.0, 9.0]","[1.2832864102478099, 1.2832864102478099, 1.2832864102478099, 1.2832864102478099, 1.2832864102478099]",1.2832864102478099,True,False
episode_013_repeat_00/handoff_020,M0_NATIVE,1686,"[18.961419252446337, 8.24651493100153, -2.658967197077334]",1687,False,9,1.2832864102478099,"[9, 9, 9, 9, 9]","[9, 9, 9, 9, 9]","[9.0, 9.0, 9.0, 9.0, 9.0]","[1.2832864102478099, 1.2832864102478099, 1.2832864102478099, 1.2832864102478099, 1.2832864102478099]",1.2832864102478099,True,False
episode_013_repeat_00/handoff_020,M0_NATIVE,1692,"[18.961419251688064, 8.246514930604066, -2.6586336899109675]",1693,False,9,1.2832864102478099,"[9, 9, 9, 9, 9]","[9, 9, 9, 9, 9]","[9.0, 9.0, 9.0, 9.0, 9.0]","[1.2832864102478099, 1.2832864102478099, 1.2832864102478099, 1.2832864102478099, 1.2832864102478099]",1.2832864102478099,True,False
episode_013_repeat_00/handoff_020,M0_NATIVE,1698,"[18.961419250934267, 8.24651493020867, -2.6583888475496704]",1699,False,9,1.2832864102478099,"[9, 9, 9, 9, 9]","[9, 9, 9, 9, 9]","[9.0, 9.0, 9.0, 9.0, 9.0]","[1.2832864102478099, 1.2832864102478099, 1.2832864102478099, 1.2832864102478099, 1.2832864102478099]",1.2832864102478099,True,False
episode_013_repeat_00/handoff_020,FULL_LOCAL_SE2,1524,"[19.668567955248744, 8.99227202834442, -1.3595769416513406]",1525,False,0,0.0,"[1, 2, 3, 4, 5]","[1, 2, 3, 4, 5]","[1.0, 2.0, 3.0, 4.0, 5.0]","[0.15092795415656723, 0.30546831557487586, 0.45883511071820704, 0.6138007930114752, 0.7725044668878132]",0.15092795415656723,False,False
episode_013_repeat_00/handoff_020,FULL_LOCAL_SE2,1530,"[19.68074772062035, 8.92089779703185, -1.4475496585960022]",1531,False,0,0.0,"[1, 2, 3, 4, 5]","[1, 2, 3, 4, 5]","[1.0, 2.0, 3.0, 4.0, 5.0]","[0.15092795415656723, 0.30546831557487586, 0.45883511071820704, 0.6138007930114752, 0.7725044668878132]",0.15092795415656723,False,False
episode_013_repeat_00/handoff_020,FULL_LOCAL_SE2,1536,"[19.685278740658994, 8.841800117848669, -1.5855223777808563]",1537,False,1,0.15092795415656723,"[2, 3, 4, 5, 6]","[2, 3, 4, 5, 6]","[2.0, 3.0, 4.0, 5.0, 6.0]","[0.30546831557487586, 0.45883511071820704, 0.6138007930114752, 0.7725044668878132, 0.9296483957748217]",0.30546831557487586,False,False
episode_013_repeat_00/handoff_020,FULL_LOCAL_SE2,1542,"[19.67688816319967, 8.76236571438889, -1.7734950992142149]",1543,False,1,0.15092795415656723,"[2, 3, 4, 5, 6]","[2, 3, 4, 5, 6]","[2.0, 3.0, 4.0, 5.0, 6.0]","[0.30546831557487586, 0.45883511071820704, 0.6138007930114752, 0.7725044668878132, 0.9296483957748217]",0.30546831557487586,False,False
episode_013_repeat_00/handoff_020,FULL_LOCAL_SE2,1548,"[19.656892773925918, 8.69449077826617, -1.9396231187180923]",1549,False,2,0.30546831557487586,"[3, 4, 5, 6, 7]","[3, 4, 5, 6, 7]","[3.0, 4.0, 5.0, 6.0, 7.0]","[0.45883511071820704, 0.6138007930114752, 0.7725044668878132, 0.9296483957748217, 1.0817901475882177]",0.45883511071820704,False,False
episode_013_repeat_00/handoff_020,FULL_LOCAL_SE2,1554,"[19.62280696736783, 8.624240183126537, -2.1027719488318857]",1555,False,3,0.45883511071820704,"[4, 5, 6, 7, 8]","[4, 5, 6, 7, 8]","[4.0, 5.0, 6.0, 7.0, 8.0]","[0.6138007930114752, 0.7725044668878132, 0.9296483957748217, 1.0817901475882177, 1.195372803746719]",0.6138007930114752,False,False
episode_013_repeat_00/handoff_020,FULL_LOCAL_SE2,1560,"[19.576939236491775, 8.558795367297853, -2.2604069704023324]",1561,False,3,0.45883511071820704,"[4, 5, 6, 7, 8]","[4, 5, 6, 7, 8]","[4.0, 5.0, 6.0, 7.0, 8.0]","[0.6138007930114752, 0.7725044668878132, 0.9296483957748217, 1.0817901475882177, 1.195372803746719]",0.6138007930114752,False,False
episode_013_repeat_00/handoff_020,FULL_LOCAL_SE2,1566,"[19.52240911365279, 8.500314703475953, -2.375150609766909]",1567,False,4,0.6138007930114752,"[5, 6, 7, 8, 9]","[5, 6, 7, 8, 9]","[5.0, 6.0, 7.0, 8.0, 9.0]","[0.7725044668878132, 0.9296483957748217, 1.0817901475882177, 1.195372803746719, 1.2832864102478099]",0.7725044668878132,False,False
episode_013_repeat_00/handoff_020,FULL_LOCAL_SE2,1572,"[19.462017157018686, 8.447900610801954, -2.4778243102850617]",1573,False,5,0.7725044668878132,"[6, 7, 8, 9, 9]","[6, 7, 8, 9, 9]","[6.0, 7.0, 8.0, 9.0, 9.0]","[0.9296483957748217, 1.0817901475882177, 1.195372803746719, 1.2832864102478099, 1.2832864102478099]",0.9296483957748217,True,False
episode_013_repeat_00/handoff_020,FULL_LOCAL_SE2,1578,"[19.396777989492207, 8.401647059513156, -2.5703300599994376]",1579,False,5,0.7725044668878132,"[6, 7, 8, 9, 9]","[6, 7, 8, 9, 9]","[6.0, 7.0, 8.0, 9.0, 9.0]","[0.9296483957748217, 1.0817901475882177, 1.195372803746719, 1.2832864102478099, 1.2832864102478099]",0.9296483957748217,True,False
episode_013_repeat_00/handoff_020,FULL_LOCAL_SE2,1584,"[19.328041875494698, 8.360740872546975, -2.634860483820359]",1585,False,6,0.9296483957748217,"[7, 8, 9, 9, 9]","[7, 8, 9, 9, 9]","[7.0, 8.0, 9.0, 9.0, 9.0]","[1.0817901475882177, 1.195372803746719, 1.2832864102478099, 1.2832864102478099, 1.2832864102478099]",1.0817901475882177,True,False
episode_013_repeat_00/handoff_020,FULL_LOCAL_SE2,1590,"[19.257066840226624, 8.323848685672912, -2.6887037254768145]",1591,False,6,0.9296483957748217,"[7, 8, 9, 9, 9]","[7, 8, 9, 9, 9]","[7.0, 8.0, 9.0, 9.0, 9.0]","[1.0817901475882177, 1.195372803746719, 1.2832864102478099, 1.2832864102478099, 1.2832864102478099]",1.0817901475882177,True,False
episode_013_repeat_00/handoff_020,FULL_LOCAL_SE2,1596,"[19.18450702209821, 8.290165570209659, -2.7220248626713963]",1597,False,7,1.0817901475882177,"[8, 9, 9, 9, 9]","[8, 9, 9, 9, 9]","[8.0, 9.0, 9.0, 9.0, 9.0]","[1.195372803746719, 1.2832864102478099, 1.2832864102478099, 1.2832864102478099, 1.2832864102478099]",1.195372803746719,True,False
episode_013_repeat_00/handoff_020,FULL_LOCAL_SE2,1602,"[19.111115554140156, 8.25832963715254, -2.740814277783255]",1603,False,8,1.195372803746719,"[9, 9, 9, 9, 9]","[9, 9, 9, 9, 9]","[9.0, 9.0, 9.0, 9.0, 9.0]","[1.2832864102478099, 1.2832864102478099, 1.2832864102478099, 1.2832864102478099, 1.2832864102478099]",1.2832864102478099,True,False
episode_013_repeat_00/handoff_020,FULL_LOCAL_SE2,1608,"[19.050636857949844, 8.232908147363114, -2.7445162976639486]",1609,False,8,1.195372803746719,"[9, 9, 9, 9, 9]","[9, 9, 9, 9, 9]","[9.0, 9.0, 9.0, 9.0, 9.0]","[1.2832864102478099, 1.2832864102478099, 1.2832864102478099, 1.2832864102478099, 1.2832864102478099]",1.2832864102478099,True,False
episode_013_repeat_00/handoff_020,FULL_LOCAL_SE2,1614,"[19.00823003564974, 8.214935233201752, -2.734457033127306]",1615,False,9,1.2832864102478099,"[9, 9, 9, 9, 9]","[9, 9, 9, 9, 9]","[9.0, 9.0, 9.0, 9.0, 9.0]","[1.2832864102478099, 1.2832864102478099, 1.2832864102478099, 1.2832864102478099, 1.2832864102478099]",1.2832864102478099,True,False
episode_013_repeat_00/handoff_020,FULL_LOCAL_SE2,1620,"[18.984377216657695, 8.204443776498902, -2.7173561154688413]",1621,False,9,1.2832864102478099,"[9, 9, 9, 9, 9]","[9, 9, 9, 9, 9]","[9.0, 9.0, 9.0, 9.0, 9.0]","[1.2832864102478099, 1.2832864102478099, 1.2832864102478099, 1.2832864102478099, 1.2832864102478099]",1.2832864102478099,True,False
episode_013_repeat_00/handoff_020,FULL_LOCAL_SE2,1626,"[18.978866796913806, 8.201925773587678, -2.701993619645965]",1627,False,9,1.2832864102478099,"[9, 9, 9, 9, 9]","[9, 9, 9, 9, 9]","[9.0, 9.0, 9.0, 9.0, 9.0]","[1.2832864102478099, 1.2832864102478099, 1.2832864102478099, 1.2832864102478099, 1.2832864102478099]",1.2832864102478099,True,False
episode_013_repeat_00/handoff_020,FULL_LOCAL_SE2,1632,"[18.978456020424144, 8.201731969207353, -2.6903808964958236]",1633,False,9,1.2832864102478099,"[9, 9, 9, 9, 9]","[9, 9, 9, 9, 9]","[9.0, 9.0, 9.0, 9.0, 9.0]","[1.2832864102478099, 1.2832864102478099, 1.2832864102478099, 1.2832864102478099, 1.2832864102478099]",1.2832864102478099,True,False
episode_013_repeat_00/handoff_020,FULL_LOCAL_SE2,1638,"[18.978456019808966, 8.201731968906047, -2.681836446467636]",1639,False,9,1.2832864102478099,"[9, 9, 9, 9, 9]","[9, 9, 9, 9, 9]","[9.0, 9.0, 9.0, 9.0, 9.0]","[1.2832864102478099, 1.2832864102478099, 1.2832864102478099, 1.2832864102478099, 1.2832864102478099]",1.2832864102478099,True,False
episode_013_repeat_00/handoff_020,FULL_LOCAL_SE2,1644,"[18.978456019328494, 8.201731968666232, -2.675562504239418]",1645,False,9,1.2832864102478099,"[9, 9, 9, 9, 9]","[9, 9, 9, 9, 9]","[9.0, 9.0, 9.0, 9.0, 9.0]","[1.2832864102478099, 1.2832864102478099, 1.2832864102478099, 1.2832864102478099, 1.2832864102478099]",1.2832864102478099,True,False
episode_013_repeat_00/handoff_020,FULL_LOCAL_SE2,1650,"[18.97845601892513, 8.201731968462154, -2.670956464121951]",1651,False,9,1.2832864102478099,"[9, 9, 9, 9, 9]","[9, 9, 9, 9, 9]","[9.0, 9.0, 9.0, 9.0, 9.0]","[1.2832864102478099, 1.2832864102478099, 1.2832864102478099, 1.2832864102478099, 1.2832864102478099]",1.2832864102478099,True,False
episode_013_repeat_00/handoff_020,FULL_LOCAL_SE2,1656,"[18.978456018572455, 8.201731968281951, -2.667574962877588]",1657,False,9,1.2832864102478099,"[9, 9, 9, 9, 9]","[9, 9, 9, 9, 9]","[9.0, 9.0, 9.0, 9.0, 9.0]","[1.2832864102478099, 1.2832864102478099, 1.2832864102478099, 1.2832864102478099, 1.2832864102478099]",1.2832864102478099,True,False
episode_013_repeat_00/handoff_020,FULL_LOCAL_SE2,1662,"[18.978456018254246, 8.201731968118185, -2.6650924530848332]",1663,False,9,1.2832864102478099,"[9, 9, 9, 9, 9]","[9, 9, 9, 9, 9]","[9.0, 9.0, 9.0, 9.0, 9.0]","[1.2832864102478099, 1.2832864102478099, 1.2832864102478099, 1.2832864102478099, 1.2832864102478099]",1.2832864102478099,True,False
episode_013_repeat_00/handoff_020,FULL_LOCAL_SE2,1668,"[18.978456017960006, 8.201731967965959, -2.6632699328602536]",1669,False,9,1.2832864102478099,"[9, 9, 9, 9, 9]","[9, 9, 9, 9, 9]","[9.0, 9.0, 9.0, 9.0, 9.0]","[1.2832864102478099, 1.2832864102478099, 1.2832864102478099, 1.2832864102478099, 1.2832864102478099]",1.2832864102478099,True,False
episode_013_repeat_00/handoff_020,FULL_LOCAL_SE2,1674,"[18.9784560176827, 8.201731967821935, -2.661931940173467]",1675,False,9,1.2832864102478099,"[9, 9, 9, 9, 9]","[9, 9, 9, 9, 9]","[9.0, 9.0, 9.0, 9.0, 9.0]","[1.2832864102478099, 1.2832864102478099, 1.2832864102478099, 1.2832864102478099, 1.2832864102478099]",1.2832864102478099,True,False
episode_013_repeat_00/handoff_020,FULL_LOCAL_SE2,1680,"[18.978456017417482, 8.2017319676838, -2.6609496605783836]",1681,False,9,1.2832864102478099,"[9, 9, 9, 9, 9]","[9, 9, 9, 9, 9]","[9.0, 9.0, 9.0, 9.0, 9.0]","[1.2832864102478099, 1.2832864102478099, 1.2832864102478099, 1.2832864102478099, 1.2832864102478099]",1.2832864102478099,True,False
episode_013_repeat_00/handoff_020,FULL_LOCAL_SE2,1686,"[18.97845601716096, 8.201731967549916, -2.6602285256932054]",1687,False,9,1.2832864102478099,"[9, 9, 9, 9, 9]","[9, 9, 9, 9, 9]","[9.0, 9.0, 9.0, 9.0, 9.0]","[1.2832864102478099, 1.2832864102478099, 1.2832864102478099, 1.2832864102478099, 1.2832864102478099]",1.2832864102478099,True,False
episode_013_repeat_00/handoff_020,FULL_LOCAL_SE2,1692,"[18.978456016910723, 8.201731967419123, -2.6596991086869934]",1693,False,9,1.2832864102478099,"[9, 9, 9, 9, 9]","[9, 9, 9, 9, 9]","[9.0, 9.0, 9.0, 9.0, 9.0]","[1.2832864102478099, 1.2832864102478099, 1.2832864102478099, 1.2832864102478099, 1.2832864102478099]",1.2832864102478099,True,False
episode_013_repeat_00/handoff_020,FULL_LOCAL_SE2,1698,"[18.978456016665056, 8.201731967290572, -2.6593104402531442]",1699,False,9,1.2832864102478099,"[9, 9, 9, 9, 9]","[9, 9, 9, 9, 9]","[9.0, 9.0, 9.0, 9.0, 9.0]","[1.2832864102478099, 1.2832864102478099, 1.2832864102478099, 1.2832864102478099, 1.2832864102478099]",1.2832864102478099,True,False
episode_013_repeat_00/handoff_020,C3_ENTRY_SUFFIX,1524,"[19.668567955248744, 8.99227202834442, -1.3595769416513406]",1525,False,0,0.3392920662039436,"[1, 2, 3, 4, 5]","[3, 4, 5, 6, 7]","[3.0, 4.0, 5.0, 6.0, 7.0]","[0.45883511071820704, 0.6138007930114752, 0.7725044668878132, 0.9296483957748217, 1.0817901475882177]",0.45883511071820704,False,False
episode_013_repeat_00/handoff_020,C3_ENTRY_SUFFIX,1530,"[19.680042344044157, 8.925176867134407, -1.4475496588114387]",1531,False,0,0.3392920662039436,"[1, 2, 3, 4, 5]","[3, 4, 5, 6, 7]","[3.0, 4.0, 5.0, 6.0, 7.0]","[0.45883511071820704, 0.6138007930114752, 0.7725044668878132, 0.9296483957748217, 1.0817901475882177]",0.45883511071820704,False,False
episode_013_repeat_00/handoff_020,C3_ENTRY_SUFFIX,1536,"[19.683703792146858, 8.863579567918839, -1.5855223794643347]",1537,False,1,0.45883511071820704,"[2, 3, 4, 5, 6]","[4, 5, 6, 7, 8]","[4.0, 5.0, 6.0, 7.0, 8.0]","[0.6138007930114752, 0.7725044668878132, 0.9296483957748217, 1.0817901475882177, 1.195372803746719]",0.6138007930114752,False,False
episode_013_repeat_00/handoff_020,C3_ENTRY_SUFFIX,1542,"[19.675402928815032, 8.787477207532728, -1.7734951032631512]",1543,False,1,0.45883511071820704,"[2, 3, 4, 5, 6]","[4, 5, 6, 7, 8]","[4.0, 5.0, 6.0, 7.0, 8.0]","[0.6138007930114752, 0.7725044668878132, 0.9296483957748217, 1.0817901475882177, 1.195372803746719]",0.6138007930114752,False,False
episode_013_repeat_00/handoff_020,C3_ENTRY_SUFFIX,1548,"[19.65093143589911, 8.711488904585368, -1.9954917056165704]",1549,False,2,0.6138007930114752,"[3, 4, 5, 6, 7]","[5, 6, 7, 8, 9]","[5.0, 6.0, 7.0, 8.0, 9.0]","[0.7725044668878132, 0.9296483957748217, 1.0817901475882177, 1.195372803746719, 1.2832864102478099]",0.7725044668878132,False,False
episode_013_repeat_00/handoff_020,C3_ENTRY_SUFFIX,1554,"[19.61063776671362, 8.642534674940539, -2.199998928571364]",1555,False,2,0.6138007930114752,"[3, 4, 5, 6, 7]","[5, 6, 7, 8, 9]","[5.0, 6.0, 7.0, 8.0, 9.0]","[0.7725044668878132, 0.9296483957748217, 1.0817901475882177, 1.195372803746719, 1.2832864102478099]",0.7725044668878132,False,False
episode_013_repeat_00/handoff_020,C3_ENTRY_SUFFIX,1560,"[19.558429780676544, 8.582022578637485, -2.3583798769407758]",1561,False,3,0.7725044668878132,"[4, 5, 6, 7, 7]","[6, 7, 8, 9, 9]","[6.0, 7.0, 8.0, 9.0, 9.0]","[0.9296483957748217, 1.0817901475882177, 1.195372803746719, 1.2832864102478099, 1.2832864102478099]",0.9296483957748217,True,False
episode_013_repeat_00/handoff_020,C3_ENTRY_SUFFIX,1566,"[19.498310837077373, 8.529314408416706, -2.4805338546095648]",1567,False,3,0.7725044668878132,"[4, 5, 6, 7, 7]","[6, 7, 8, 9, 9]","[6.0, 7.0, 8.0, 9.0, 9.0]","[0.9296483957748217, 1.0817901475882177, 1.195372803746719, 1.2832864102478099, 1.2832864102478099]",0.9296483957748217,True,False
episode_013_repeat_00/handoff_020,C3_ENTRY_SUFFIX,1572,"[19.433128516440267, 8.482965712726042, -2.560291451005111]",1573,False,4,0.9296483957748217,"[5, 6, 7, 7, 7]","[7, 8, 9, 9, 9]","[7.0, 8.0, 9.0, 9.0, 9.0]","[1.0817901475882177, 1.195372803746719, 1.2832864102478099, 1.2832864102478099, 1.2832864102478099]",1.0817901475882177,True,False
episode_013_repeat_00/handoff_020,C3_ENTRY_SUFFIX,1578,"[19.364920220451996, 8.44118434889822, -2.6218945094703314]",1579,False,4,0.9296483957748217,"[5, 6, 7, 7, 7]","[7, 8, 9, 9, 9]","[7.0, 8.0, 9.0, 9.0, 9.0]","[1.0817901475882177, 1.195372803746719, 1.2832864102478099, 1.2832864102478099, 1.2832864102478099]",1.0817901475882177,True,False
episode_013_repeat_00/handoff_020,C3_ENTRY_SUFFIX,1584,"[19.294619020393576, 8.403014965131293, -2.663503601926211]",1585,False,4,0.9296483957748217,"[5, 6, 7, 7, 7]","[7, 8, 9, 9, 9]","[7.0, 8.0, 9.0, 9.0, 9.0]","[1.0817901475882177, 1.195372803746719, 1.2832864102478099, 1.2832864102478099, 1.2832864102478099]",1.0817901475882177,True,False
episode_013_repeat_00/handoff_020,C3_ENTRY_SUFFIX,1590,"[19.223092839688178, 8.367186193339672, -2.688792193266578]",1591,False,5,1.0817901475882177,"[6, 7, 7, 7, 7]","[8, 9, 9, 9, 9]","[8.0, 9.0, 9.0, 9.0, 9.0]","[1.195372803746719, 1.2832864102478099, 1.2832864102478099, 1.2832864102478099, 1.2832864102478099]",1.195372803746719,True,False
episode_013_repeat_00/handoff_020,C3_ENTRY_SUFFIX,1596,"[19.150784316343834, 8.332962789231743, -2.7100267773628732]",1597,False,5,1.0817901475882177,"[6, 7, 7, 7, 7]","[8, 9, 9, 9, 9]","[8.0, 9.0, 9.0, 9.0, 9.0]","[1.195372803746719, 1.2832864102478099, 1.2832864102478099, 1.2832864102478099, 1.2832864102478099]",1.195372803746719,True,False
episode_013_repeat_00/handoff_020,C3_ENTRY_SUFFIX,1602,"[19.078940534876594, 8.300291595696299, -2.7172986518583575]",1603,False,6,1.195372803746719,"[7, 7, 7, 7, 7]","[9, 9, 9, 9, 9]","[9.0, 9.0, 9.0, 9.0, 9.0]","[1.2832864102478099, 1.2832864102478099, 1.2832864102478099, 1.2832864102478099, 1.2832864102478099]",1.2832864102478099,True,False
episode_013_repeat_00/handoff_020,C3_ENTRY_SUFFIX,1608,"[19.022404644534724, 8.27474013740186, -2.7158794301061864]",1609,False,7,1.2832864102478099,"[7, 7, 7, 7, 7]","[9, 9, 9, 9, 9]","[9.0, 9.0, 9.0, 9.0, 9.0]","[1.2832864102478099, 1.2832864102478099, 1.2832864102478099, 1.2832864102478099, 1.2832864102478099]",1.2832864102478099,True,False
episode_013_repeat_00/handoff_020,C3_ENTRY_SUFFIX,1614,"[18.98417744788178, 8.257242108789136, -2.7071754230899567]",1615,False,7,1.2832864102478099,"[7, 7, 7, 7, 7]","[9, 9, 9, 9, 9]","[9.0, 9.0, 9.0, 9.0, 9.0]","[1.2832864102478099, 1.2832864102478099, 1.2832864102478099, 1.2832864102478099, 1.2832864102478099]",1.2832864102478099,True,False
episode_013_repeat_00/handoff_020,C3_ENTRY_SUFFIX,1620,"[18.9642303844142, 8.247863994438584, -2.695187108047374]",1621,False,7,1.2832864102478099,"[7, 7, 7, 7, 7]","[9, 9, 9, 9, 9]","[9.0, 9.0, 9.0, 9.0, 9.0]","[1.2832864102478099, 1.2832864102478099, 1.2832864102478099, 1.2832864102478099, 1.2832864102478099]",1.2832864102478099,True,False
episode_013_repeat_00/handoff_020,C3_ENTRY_SUFFIX,1626,"[18.961419256250725, 8.246514932986724, -2.685290445299049]",1627,False,7,1.2832864102478099,"[7, 7, 7, 7, 7]","[9, 9, 9, 9, 9]","[9.0, 9.0, 9.0, 9.0, 9.0]","[1.2832864102478099, 1.2832864102478099, 1.2832864102478099, 1.2832864102478099, 1.2832864102478099]",1.2832864102478099,True,False
episode_013_repeat_00/handoff_020,C3_ENTRY_SUFFIX,1632,"[18.961419256250725, 8.246514932986724, -2.6779625114180874]",1633,False,7,1.2832864102478099,"[7, 7, 7, 7, 7]","[9, 9, 9, 9, 9]","[9.0, 9.0, 9.0, 9.0, 9.0]","[1.2832864102478099, 1.2832864102478099, 1.2832864102478099, 1.2832864102478099, 1.2832864102478099]",1.2832864102478099,True,False
episode_013_repeat_00/handoff_020,C3_ENTRY_SUFFIX,1638,"[18.961419256250725, 8.246514932986724, -2.672579201897584]",1639,False,7,1.2832864102478099,"[7, 7, 7, 7, 7]","[9, 9, 9, 9, 9]","[9.0, 9.0, 9.0, 9.0, 9.0]","[1.2832864102478099, 1.2832864102478099, 1.2832864102478099, 1.2832864102478099, 1.2832864102478099]",1.2832864102478099,True,False
episode_013_repeat_00/handoff_020,C3_ENTRY_SUFFIX,1644,"[18.961419256250725, 8.246514932986724, -2.6686268743773778]",1645,False,7,1.2832864102478099,"[7, 7, 7, 7, 7]","[9, 9, 9, 9, 9]","[9.0, 9.0, 9.0, 9.0, 9.0]","[1.2832864102478099, 1.2832864102478099, 1.2832864102478099, 1.2832864102478099, 1.2832864102478099]",1.2832864102478099,True,False
episode_013_repeat_00/handoff_020,C3_ENTRY_SUFFIX,1650,"[18.961419256250725, 8.246514932986724, -2.665725284528742]",1651,False,7,1.2832864102478099,"[7, 7, 7, 7, 7]","[9, 9, 9, 9, 9]","[9.0, 9.0, 9.0, 9.0, 9.0]","[1.2832864102478099, 1.2832864102478099, 1.2832864102478099, 1.2832864102478099, 1.2832864102478099]",1.2832864102478099,True,False
episode_013_repeat_00/handoff_020,C3_ENTRY_SUFFIX,1656,"[18.961419256250725, 8.246514932986724, -2.663595098498594]",1657,False,7,1.2832864102478099,"[7, 7, 7, 7, 7]","[9, 9, 9, 9, 9]","[9.0, 9.0, 9.0, 9.0, 9.0]","[1.2832864102478099, 1.2832864102478099, 1.2832864102478099, 1.2832864102478099, 1.2832864102478099]",1.2832864102478099,True,False
episode_013_repeat_00/handoff_020,C3_ENTRY_SUFFIX,1662,"[18.961419255568728, 8.24651493263258, -2.6620312365335046]",1663,False,7,1.2832864102478099,"[7, 7, 7, 7, 7]","[9, 9, 9, 9, 9]","[9.0, 9.0, 9.0, 9.0, 9.0]","[1.2832864102478099, 1.2832864102478099, 1.2832864102478099, 1.2832864102478099, 1.2832864102478099]",1.2832864102478099,True,False
episode_013_repeat_00/handoff_020,C3_ENTRY_SUFFIX,1668,"[18.961419254768057, 8.246514932215579, -2.660883136767011]",1669,False,7,1.2832864102478099,"[7, 7, 7, 7, 7]","[9, 9, 9, 9, 9]","[9.0, 9.0, 9.0, 9.0, 9.0]","[1.2832864102478099, 1.2832864102478099, 1.2832864102478099, 1.2832864102478099, 1.2832864102478099]",1.2832864102478099,True,False
episode_013_repeat_00/handoff_020,C3_ENTRY_SUFFIX,1674,"[18.961419253983568, 8.246514931806018, -2.6600402659753417]",1675,False,7,1.2832864102478099,"[7, 7, 7, 7, 7]","[9, 9, 9, 9, 9]","[9.0, 9.0, 9.0, 9.0, 9.0]","[1.2832864102478099, 1.2832864102478099, 1.2832864102478099, 1.2832864102478099, 1.2832864102478099]",1.2832864102478099,True,False
episode_013_repeat_00/handoff_020,C3_ENTRY_SUFFIX,1680,"[18.961419253210735, 8.246514931401824, -2.6594214772492952]",1681,False,7,1.2832864102478099,"[7, 7, 7, 7, 7]","[9, 9, 9, 9, 9]","[9.0, 9.0, 9.0, 9.0, 9.0]","[1.2832864102478099, 1.2832864102478099, 1.2832864102478099, 1.2832864102478099, 1.2832864102478099]",1.2832864102478099,True,False
episode_013_repeat_00/handoff_020,C3_ENTRY_SUFFIX,1686,"[18.961419252446337, 8.24651493100153, -2.658967197077334]",1687,False,7,1.2832864102478099,"[7, 7, 7, 7, 7]","[9, 9, 9, 9, 9]","[9.0, 9.0, 9.0, 9.0, 9.0]","[1.2832864102478099, 1.2832864102478099, 1.2832864102478099, 1.2832864102478099, 1.2832864102478099]",1.2832864102478099,True,False
episode_013_repeat_00/handoff_020,C3_ENTRY_SUFFIX,1692,"[18.961419251688064, 8.246514930604066, -2.6586336899109675]",1693,False,7,1.2832864102478099,"[7, 7, 7, 7, 7]","[9, 9, 9, 9, 9]","[9.0, 9.0, 9.0, 9.0, 9.0]","[1.2832864102478099, 1.2832864102478099, 1.2832864102478099, 1.2832864102478099, 1.2832864102478099]",1.2832864102478099,True,False
episode_013_repeat_00/handoff_020,C3_ENTRY_SUFFIX,1698,"[18.961419250934267, 8.24651493020867, -2.6583888475496704]",1699,False,7,1.2832864102478099,"[7, 7, 7, 7, 7]","[9, 9, 9, 9, 9]","[9.0, 9.0, 9.0, 9.0, 9.0]","[1.2832864102478099, 1.2832864102478099, 1.2832864102478099, 1.2832864102478099, 1.2832864102478099]",1.2832864102478099,True,False
